barcode_seq,length,read_counts,GC_content,Max_homopolymer_run,Max_homopolymer_seq,NNK_pattern,Stop_codon,Stop_codon_seq
GGGATTGTGTGTTCTGGTACT,21,2,47.6,3,GGG,Yes,No,
GCTCATCATACTTGTTCGGTT,21,2,42.9,2,TT,Yes,No,
CTGGAGGATTGTTTTGGGATT,21,2,42.9,4,TTTT,Yes,No,
TCTCGTAATAGTTTGGGGAAG,21,2,42.9,4,GGGG,Yes,No,
ACGACTATGCAGACGACGGTT,21,2,52.4,2,GG,Yes,No,
TATGTTTAGATTAGTTATTAT,21,2,14.3,3,TTT,Yes,Yes,TAG
TCTTCTTTTATAGGACG,17,2,35.3,4,TTTT,NA,NA,NA
CCTGAGCTTTGTTAGCAGCCT,21,2,52.4,3,TTT,Yes,Yes,TAG
ATGAATAAGACTAGTGTTTAG,21,2,28.6,3,TTT,Yes,Yes,TAG
CTTTCGCAGAGTTAGATGACG,21,2,47.6,3,TTT,Yes,Yes,TAG
CCTTAGATTCCTTTTAGGAAG,21,2,38.1,4,TTTT,Yes,Yes,TAG
GCGGAGACTCTTCAGTATTTG,21,2,47.6,3,TTT,Yes,No,
TATTCTCCTTATCTGTCGGTG,21,2,42.9,2,TT,Yes,No,
CATTCTTTGACGTCGCAGTGT,21,2,47.6,3,TTT,Yes,No,
CTTTCGATGAGTAGGAGTTAT,21,2,38.1,3,TTT,Yes,No,
CCGAGGTGTCTTACTACTTTG,21,2,47.6,3,TTT,Yes,No,
CCGTTGGGTCCGGATGCGGAT,21,2,66.7,3,GGG,Yes,No,
CCTCCGATTGGTATTTTGTAG,21,2,42.9,4,TTTT,Yes,Yes,TAG
TAGAGGCTTATTAAGAGTATT,21,2,28.6,2,GG,Yes,Yes,TAG
ACTAATCTTAATATTGCGTAT,21,2,23.8,2,AA,Yes,No,
AAGAAGCTTCATAATCCTATG,21,2,33.3,2,AA,Yes,No,
GATTCTTTTCATGTGCTTTCT,21,2,33.3,4,TTTT,Yes,No,
CAGCTTCCTCATCATTGGCGT,21,2,52.4,2,TT,Yes,No,
CTTCAGATTTATGGGAGGGTT,21,2,42.9,3,TTT,Yes,No,
AGGGATGGTGAGACGTCGATT,21,2,52.4,3,GGG,Yes,No,
ACTAGTCAGAAGACGAGTCTT,21,2,42.9,2,AA,Yes,No,
CATAGTCGGCTGTATAGTACG,21,2,47.6,2,GG,Yes,No,
CCTGATTAGAATCGTAAGTGG,21,2,42.9,2,CC,Yes,Yes,TAG
ACTTTTCAGTATTTTACTTTG,21,2,23.8,4,TTTT,Yes,No,
TGGGCGCAGACGAGTTATAGG,21,2,57.1,3,GGG,Yes,No,
TATTTTCTTTAGGAGATGATT,21,2,23.8,4,TTTT,Yes,Yes,TAG
CCGATGTGTATGGCTAAGGGT,21,2,52.4,3,GGG,Yes,No,
TCTGATTTTGATAATACGAGG,21,2,33.3,4,TTTT,Yes,No,
ACGGGTCATCGGTGTGCTTAT,21,2,52.4,3,GGG,Yes,No,
GATATGTAGTTGGAGGAGTAT,21,2,38.1,2,TT,Yes,Yes,TAG
ATGTAGTGTTATCCTTGGACG,21,2,42.9,2,TT,Yes,Yes,TAG
GGGTAGATGTTTTATATGGGG,21,2,42.9,4,TTTT,Yes,Yes,TAG
CGTTATCTTTAGTCTAAGACT,21,2,33.3,3,TTT,Yes,Yes,TAG
TGGGATTATCAGCTTGGTAAT,21,2,38.1,3,GGG,Yes,No,
GCTAGTATTATGAATCCTAAT,21,2,28.6,2,TT,Yes,No,
AATTATTAGATTATTATGAAG,21,2,14.3,2,AA,Yes,Yes,TAG
CGTAGTTCTTATACTGCGATG,21,2,42.9,2,TT,Yes,No,
ACGATTATTGATTGGTTTGTG,21,2,33.3,3,TTT,Yes,No,
TATGTTTTGGAGAAGGATGTG,21,2,38.1,4,TTTT,Yes,No,
CAGACGCCTACGAGTAGTCAG,21,2,57.1,2,CC,Yes,No,
AATAATAAGAGGCGGAATCCT,21,2,38.1,2,AA,Yes,No,
ACGATGAGTGTTATTATGAT,20,2,30.0,2,TT,NA,NA,NA
CTTAGTTGTCATTATATTTGT,21,2,23.8,3,TTT,Yes,No,
TATAGTGTTCATTCTATGAAT,21,2,23.8,2,TT,Yes,No,
CTTAATGGTAGTCCGGAGGTG,21,2,52.4,2,TT,Yes,No,
TCGCATTATGTGATTGCGAAG,21,2,42.9,2,TT,Yes,No,
CTTATGAGGTCTGAGATGTTT,21,2,38.1,3,TTT,Yes,No,
TCTCAGCCGCAGGCGATGTAT,21,2,57.1,2,CC,Yes,No,
CCTGCAGTATTATACTCTGAGG,22,2,45.5,2,CC,NA,NA,NA
AGGGTGTTTTAGATGCAGCGG,21,2,52.4,4,TTTT,Yes,Yes,TAG
TTTCTTGAGACGATTTCGACT,21,2,38.1,3,TTT,Yes,No,
CTTTGTTGGCGGTTGTCTATT,21,2,42.9,3,TTT,Yes,No,
CATCTTCTTAAGATGGGTAAT,21,2,33.3,3,GGG,Yes,No,
GCTAATCCTGAGACTTTTTAG,21,2,38.1,5,TTTTT,Yes,Yes,TAG
AGTCATAATGCTGTTCCTTGG,21,2,42.9,2,AA,Yes,No,
TTGCCGGATTGGATTATTTCT,21,2,38.1,3,TTT,Yes,No,
CCTAGTGATCTTTGTTATCAG,21,2,38.1,3,TTT,Yes,No,
CTGGAGATTGCGGTGAATATT,21,2,42.9,2,GG,Yes,No,
ACTGATATTCGTCTTTAGCCT,21,2,38.1,3,TTT,Yes,Yes,TAG
CTTATTGATCATACGGGGGAG,21,2,47.6,5,GGGGG,Yes,No,
GCTAATTGTAGTAGTCATAGG,21,2,38.1,2,AA,Yes,No,
CATTGGCGGGATTGGTTTATG,21,2,47.6,3,GGG,Yes,No,
CTGAAGTTTAATAAGATTCAG,21,2,28.6,3,TTT,Yes,No,
TCTTATTGTGAGTAGAAGTGT,21,2,33.3,2,TT,Yes,Yes,TAG
GTTGCGTGTCAGCCGCTTTTG,21,2,57.1,4,TTTT,Yes,No,
TAGAATGGTTATAGTACTATT,21,2,23.8,2,AA,Yes,Yes,TAG
CTGCCTTAGTAGGATCCGGGT,21,2,57.1,3,GGG,Yes,Yes,"TAG,TAG"
CATGCTTTTGCTGTGTCTCCG,21,2,52.4,4,TTTT,Yes,No,
CATTATTGTCTGAGTTCTACT,21,2,33.3,2,TT,Yes,No,
CTGGTTTTTACTTCGACTGTG,21,2,42.9,5,TTTTT,Yes,No,
AGTCATATTAGTTATTGTGGG,21,2,33.3,3,GGG,Yes,No,
CATATGGTGATTTCGGAGCTT,21,2,42.9,3,TTT,Yes,No,
AGAGGCGACTAGACCACACCT,21,2,57.1,2,GG,No,Yes,TAG
GTTACTGTGCCTCGGGTGTTG,21,2,57.1,3,GGG,Yes,No,
CCGTAGTGTTCTTATTGGTGT,21,2,42.9,2,CC,Yes,Yes,TAG
TTGTGGCAGCAGTAGTAGAAT,21,2,42.9,2,TT,Yes,Yes,"TAG,TAG"
CGTATGGATTAGTCTAGTTAT,21,2,33.3,2,GG,Yes,Yes,TAG
GCTGAGACTAGGTTTCCTGCT,21,2,52.4,3,TTT,Yes,No,
CAGTTGTTGGGTTTTCAGACT,21,2,42.9,4,TTTT,Yes,No,
AGGGTGCATCTTGCTTATATT,21,2,38.1,3,GGG,Yes,No,
TTTCATGTGATTACGAATAAG,21,2,28.6,3,TTT,Yes,No,
TTTAATATTGAGCGGACGACG,21,2,42.9,3,TTT,Yes,No,
TTGTCGAATCAGGCTAAGCAT,21,2,42.9,2,TT,Yes,No,
CGTGAGAATGATTGGTATTCG,21,2,42.9,2,AA,Yes,No,
AGTCATCATTCTAAGTCTTCT,21,2,33.3,2,TT,Yes,No,
CCTATGGCTCTTAGGCATTGT,21,2,47.6,2,CC,Yes,No,
ATGTGTAAGGTGGATTCTACT,21,2,38.1,2,AA,Yes,No,
CGTATGGAGCTGATGACGGTG,21,2,57.1,2,GG,Yes,No,
CATTGTGAGGTGCATTCGGTT,21,2,47.6,2,TT,Yes,No,
AATCATGTTTTGACTATTATT,21,2,19.0,4,TTTT,Yes,No,
AAGTGTGAGACGACGAGGCGT,21,2,57.1,2,AA,Yes,No,
GAGACGTCTGATCGTATGGTG,21,2,52.4,2,GG,Yes,No,
ATTCTTTAGTATCTTGATCAT,21,2,23.8,3,TTT,Yes,Yes,TAG
ACTCTGAGTATGATTTTGTAG,21,2,33.3,4,TTTT,Yes,Yes,TAG
ACTACTTCGCATTTTATTATG,21,2,28.6,4,TTTT,Yes,No,
ACTAAGCCTATTTATCATTCT,21,2,28.6,3,TTT,Yes,No,
GGGAAGTAGTCTTTGATTCAG,21,2,42.9,3,GGG,Yes,Yes,TAG
GCGCATTCGAATCATGGGCAG,21,2,57.1,3,GGG,Yes,No,
GATGCGGATATGGTTTTTACT,21,2,38.1,5,TTTTT,Yes,No,
GCGTTGAAGTATAATCCGATG,21,2,42.9,2,TT,Yes,No,
AAGATGCTTCGTAATAGGCGG,21,2,47.6,2,AA,Yes,No,
TTGTTTAATTATGGGTAGTAT,21,2,23.8,3,TTT,Yes,Yes,TAG
ATTTCTGATGGTTGTAATTAT,21,2,23.8,3,TTT,Yes,No,
AGTGGTTGGAATTGTTTTCCG,21,2,42.9,4,TTTT,Yes,No,
TCGCGTCCTTTTATGAGTTCG,21,2,47.6,4,TTTT,Yes,No,
ACGCCTGATGTGACTGAGTAT,21,2,47.6,2,CC,Yes,No,
TTGACTTGTGATCAGTGTCGT,21,2,42.9,2,TT,Yes,No,
AATGTGGCGATTTTGATTCAT,21,2,33.3,4,TTTT,Yes,No,
AATTATGTGCGGCGTCGTCCG,21,2,57.1,2,AA,Yes,No,
CCTTTGGGTTATTTTCAGCAT,21,2,38.1,4,TTTT,Yes,No,
CATCTGACGATGTATGTTCCG,21,2,47.6,2,TT,Yes,No,
ACTGAGAATACTGATCCGTAT,21,2,38.1,2,AA,Yes,No,
GATGGTAAGCCGTCGTTGAAT,21,2,47.6,2,GG,Yes,No,
GATCGTCTGGGTGGGATTTTT,21,2,47.6,5,TTTTT,Yes,No,
GCGTATAGGCGTCCTGCGTAT,21,2,57.1,2,GG,Yes,No,
CGTAGTTTTTTTTTGTGTCGG,21,2,38.1,9,TTTTTTTTT,Yes,No,
TGTGGTTCTTATAGGCAGTCT,21,2,42.9,2,GG,Yes,No,
CCGCATCTTGTTGGGCTTCAT,21,2,52.4,3,GGG,Yes,No,
CATGGGCAGGTGAATGGGCTT,21,2,57.1,3,GGG,Yes,No,
GAGCCGAATACGCGGGGGAGG,21,2,71.4,5,GGGGG,Yes,No,
TCGGATATGCGGAAGAATGGG,21,2,52.4,3,GGG,Yes,No,
GATTAGTGGAATGATCGTCAT,21,2,38.1,2,TT,Yes,Yes,TAG
CTGTTTATGACGCATTTTAGG,21,2,38.1,4,TTTT,Yes,No,
CGGACTAATCCGTTTTTTAGT,21,2,38.1,6,TTTTTT,Yes,No,
CAGCTTGTGCAGTTTTTTGCG,21,2,47.6,6,TTTTTT,Yes,No,
AATTAGAGTACTTCTTGTTGG,21,2,33.3,2,AA,Yes,Yes,TAG
TGGATGAATTGTTTGGTGTTG,21,2,38.1,3,TTT,Yes,No,
ACGTCGGGGAAGCCGTAGACG,21,2,66.7,4,GGGG,Yes,Yes,TAG
AGTCATATTTGGATTTGTCAT,21,2,28.6,3,TTT,Yes,No,
ATTTGGACGTATTTGCAGCTG,21,2,42.9,3,TTT,Yes,No,
CGTTAGAAGTAGTAGACGCAT,21,2,42.9,2,TT,Yes,Yes,"TAG,TAG,TAG"
ATGCAGGATAGTAAGGTTATG,21,2,38.1,2,GG,Yes,No,
CTTCCTATTTAGTAGCGTTTG,21,2,38.1,3,TTT,Yes,Yes,"TAG,TAG"
CATGTTGATAGTCTGAATATT,21,2,28.6,2,TT,Yes,No,
TTTATGTGTATGAGGGTAGG,20,2,40.0,3,TTT,NA,NA,NA
AAGCGGAAGAAGTTGCTTATT,21,2,38.1,2,AA,Yes,No,
ATTAAGCAGACGCCGGGTCCT,21,2,57.1,3,GGG,Yes,No,
CTTACTACGTATAAGGGGGAT,21,2,42.9,5,GGGGG,Yes,No,
CATCAGAATACGTCGGGGAGT,21,2,52.4,4,GGGG,Yes,No,
AATGGTAGGCGTCAGTGGCAT,21,2,52.4,2,AA,Yes,No,
GATAGGGGGCAGATGTGGCAG,21,2,61.9,5,GGGGG,Yes,No,
ATTTCTGAGATGACGAATTTG,21,2,33.3,3,TTT,Yes,No,
GTGTTTACTTATTTGTTGGAT,21,2,28.6,3,TTT,Yes,No,
CAGAATCCGTAGATTCCTTCT,21,2,42.9,2,AA,Yes,Yes,TAG
ACTATGGTTGATCCTCAGAGT,21,2,42.9,2,GG,Yes,No,
CGGCTTAATCTTATTCATGAT,21,2,33.3,2,GG,Yes,No,
CATAGGTTGTCTCGTTATCAT,21,2,38.1,2,GG,Yes,No,
TATGATTGGGCGCTGGTGCCG,21,2,61.9,3,GGG,Yes,No,
AGGAATCTTAATTCGCGTCGT,21,2,42.9,2,GG,Yes,No,
AGGCCGTCGCCGATTATGTAT,21,2,52.4,2,GG,Yes,No,
TTTCCGCAGTCGCTGGTGAAT,21,2,52.4,3,TTT,Yes,No,
AAGGTTAAGTGTACTAAGGTT,21,2,33.3,2,AA,Yes,No,
ACTCTTCCTCATGAGTTTTCT,21,2,38.1,4,TTTT,Yes,No,
AGGCTGCGTGAGTCGCGTCCG,21,2,71.4,2,GG,Yes,No,
CTTCGTAATGATTGGACGCTT,21,2,42.9,2,TT,Yes,No,
AGTAATAATATTGATACGCTG,21,2,28.6,2,AA,Yes,No,
ACGACTAATATTGAGGAGGGG,21,2,47.6,4,GGGG,Yes,No,
GTGAATGATCTGTTTTGTATT,21,2,28.6,4,TTTT,Yes,No,
GTTTAGCTTGGTAATGATCCG,21,2,42.9,3,TTT,Yes,Yes,TAG
TATATTAAGAAGTAGCCTTGG,21,2,33.3,2,TT,Yes,Yes,TAG
GTTGAGATTCTGCTGATTGAT,21,2,38.1,2,TT,Yes,No,
CTTAAGTATAATAGTTGTAGG,21,2,28.6,2,TT,Yes,No,
TCGTCGGTTCCTGATAATTAG,21,2,42.9,2,GG,Yes,Yes,TAG
ACGCTGTAGTGTGTGGCGTCT,21,2,57.1,2,GG,Yes,Yes,TAG
TTGTGGAGTAGTCGTAGCTG,20,1,50.0,2,TT,NA,NA,NA
CTGACGACTTGTCAGTGTAGG,21,1,52.4,2,TT,Yes,No,
CATACGGAGAGTGAGGATCGG,21,1,57.1,2,GG,Yes,No,
CGTCATTTTTTTGTGGTGAAG,21,1,38.1,7,TTTTTTT,Yes,No,
CCTGATCTTTTTATTTTTTT,20,1,20.0,7,TTTTTTT,NA,NA,NA
TCTGGTCGTTTTGATCGTATG,21,1,42.9,4,TTTT,Yes,No,
CCGAATACTAGGCTTATTAGG,21,1,42.9,2,CC,Yes,No,
CCGTATGATACTAGTAGTTAT,21,1,33.3,2,CC,Yes,No,
ACCTTCGGGTTTTCGGCATTAG,22,1,50.0,4,TTTT,NA,NA,NA
CATGTTAATACGTATACTCAG,21,1,33.3,2,TT,Yes,No,
ACGAATTTTTATGTTAGTGGT,21,1,28.6,5,TTTTT,Yes,No,
GGTATGCAGCAGAGTAGTTTT,21,1,42.9,4,TTTT,Yes,No,
GCTGTGAATTATGTTACTAAT,21,1,28.6,2,AA,Yes,No,
ATTCGGAGTTCTAAGAATTTG,21,1,33.3,3,TTT,Yes,No,
ATGGAGGTCGCTTGGGAGCCT,21,1,61.9,3,GGG,No,No,
TGTCCTTGTGGTACGAAGCTT,21,1,47.6,2,CC,Yes,No,
TCTCTTTATCTTTCTTTTTGG,21,1,28.6,5,TTTTT,Yes,No,
TAGGATAATAGTGTTGATTAG,21,1,28.6,2,GG,Yes,Yes,"TAG,TAG"
TATATTCGGATGATTTCTGAG,21,1,33.3,3,TTT,Yes,No,
TATGTTGGTATGGATTTTTAG,21,1,28.6,5,TTTTT,Yes,Yes,TAG
TTGTGTACGATTATTGTTAAGG,22,1,31.8,2,TT,NA,NA,NA
ACTTGGAAGGGTTTGATGCCT,21,1,47.6,3,GGG,Yes,No,
ACGTTTAGGAAGCATTTGAGT,21,1,38.1,3,TTT,Yes,No,
CAGTTTGATAAGACGGTGTGT,21,1,42.9,3,TTT,Yes,No,
CATCAGCATGTTCGGACTTCG,21,1,52.4,2,TT,Yes,No,
TATTTGAAGTATAATAGGACT,21,1,23.8,3,TTT,Yes,No,
CCGTGTACGCGTAATCATTGT,21,1,47.6,2,CC,Yes,No,
ACGGTGGTTATTCATCGGTCG,21,1,52.4,2,GG,Yes,No,
CCGATTTTGGATATGTATATT,21,1,28.6,4,TTTT,Yes,No,
AATTAGATTAATTTTGCGGGT,21,1,28.6,4,TTTT,Yes,Yes,TAG
CATCGTAAGCCTCATAAGAAG,21,1,42.9,2,AA,Yes,No,
GATGGTCCGTGTGATTGTGAT,21,1,47.6,2,GG,Yes,No,
TTTCCTATTAAGCATATTTAG,21,1,23.8,3,TTT,Yes,Yes,TAG
ACTTTTTCGCTTTATGCGAAG,21,1,38.1,5,TTTTT,Yes,No,
TTTAATGATAGTAGGAGGGCG,21,1,42.9,3,TTT,Yes,No,
ACTAATTCGTATCAGTGGAGT,21,1,38.1,2,AA,Yes,No,
GGGATGGTGTAGTCGATGTAT,21,1,47.6,3,GGG,Yes,Yes,TAG
CAGAATGTTGGGCGTACGTAG,21,1,52.4,3,GGG,Yes,Yes,TAG
TTTTAGCGTCATTTTTCGGTT,21,1,33.3,5,TTTTT,Yes,Yes,TAG
AAGTCTATTGATTTTGGGTGG,21,1,38.1,4,TTTT,Yes,No,
GTTCATGGTCATGATTTAGCTGGA,24,1,41.7,3,TTT,NA,NA,NA
CTGGGGATTTTTAATGCTCCG,21,1,47.6,5,TTTTT,Yes,No,
ATGTAGTAGCATGATGAGACT,21,1,38.1,1,A,Yes,Yes,"TAG,TAG"
AATCTGACGCTGCTTCAGTTT,21,1,42.9,3,TTT,Yes,No,
TGGTGGGTGGTTAATGTGAAT,21,1,42.9,3,GGG,Yes,No,
TATCAGGTTTATCCTGGTGTA,21,1,38.1,3,TTT,No,No,
GAGACGAATTTTGTTTCGCGG,21,1,47.6,4,TTTT,Yes,No,
CTTTTTGCTGCTAGGCTGACG,21,1,52.4,5,TTTTT,Yes,No,
CATAGTAGTAAGAAGTATACG,21,1,33.3,2,AA,Yes,No,
GGTTCTAGTTATTAGCAGCAT,21,1,38.1,2,GG,Yes,Yes,TAG
TGGGGTTATAATGTGAAGACT,21,1,38.1,4,GGGG,Yes,No,
CGGTCTAATAAGTTGGGTTAT,21,1,38.1,3,GGG,Yes,No,
CGTTTTTCGGTTGTGCTTCGT,21,1,47.6,5,TTTTT,Yes,No,
GATGATGAGTTGCTTTCTACT,21,1,38.1,3,TTT,Yes,No,
GAGATTCCTCCTCGTAGTATG,21,1,47.6,2,TT,Yes,No,
CAGTAGGTTCCTAATGTCGGT,21,1,47.6,2,GG,No,Yes,TAG
ATTGCGCATAGTTATTATTAG,21,1,28.6,2,TT,Yes,Yes,TAG
TCGGTTACTCGGGAGAAGATT,21,1,47.6,3,GGG,Yes,No,
CCTGATTCTAGTAGTTCGCTT,21,1,42.9,2,CC,Yes,No,
GCTGCTACTCAGGGGTTTAAG,21,1,52.4,4,GGGG,Yes,No,
GGTCGTCCGATTACGTTTTTG,21,1,47.6,5,TTTTT,Yes,No,
ACGGGTCGTGAGAATAGGGGT,21,1,57.1,4,GGGG,Yes,No,
GTTCGTTTTCCGTCTACTATG,21,1,42.9,4,TTTT,Yes,No,
GCTAAGGTTTTGTGTACGACG,21,1,47.6,4,TTTT,Yes,No,
GTTGTCCGCTTTTTGGGCGG,20,1,60.0,5,TTTTT,NA,NA,NA
CTGTAGTAGCTGCCTTATTAG,21,1,42.9,2,CC,Yes,Yes,"TAG,TAG,TAG"
AATTTTAAGTTTAGTTTTCCT,21,1,19.0,4,TTTT,Yes,No,
ACTCCTGCGGATTATCCTAAT,21,1,42.9,2,CC,Yes,No,
ACGTTTCATAATAAGCTTAGG,21,1,33.3,3,TTT,Yes,No,
CCTTATAATAATCAGGCTGCT,21,1,38.1,2,CC,Yes,No,
TTGAATGCATTATTATAGGAAT,22,1,22.7,2,TT,NA,NA,NA
CGGCAGCATGATATTGCGTAG,21,1,52.4,2,GG,Yes,Yes,TAG
TCTAATACTAATTCTTCTCGT,21,1,28.6,2,AA,Yes,No,
GATTCGGTGTTTGGGGCAGATG,22,1,54.5,4,GGGG,NA,NA,NA
AATAAGCCGTGTAATCAGATT,21,1,33.3,2,AA,Yes,No,
AGGCGGATGAATGATCATCGT,21,1,47.6,2,GG,Yes,No,
AGGTATCCTGATCGGCATGAT,21,1,47.6,2,GG,Yes,No,
CCTAATGATACGCCTCGTACT,21,1,47.6,2,CC,Yes,No,
CCTTATTGTAAGATGTGGCGT,21,1,42.9,2,CC,Yes,No,
AATAATTGGAGTTTTATTGTT,21,1,19.0,4,TTTT,Yes,No,
CGTGTTAATTATAGGACTCCG,21,1,42.9,2,TT,Yes,No,
TTGCTTAGTAAGCTGACTCCT,21,1,42.9,2,TT,Yes,No,
TTTAAGTATATTTGTCAGTCT,21,1,23.8,3,TTT,Yes,No,
CAGGCTAAGTTTATGAGTTCT,21,1,38.1,3,TTT,Yes,No,
AAGTGTCCGGCTTGTCGTCCT,21,1,57.1,2,AA,Yes,No,
CCTAACTAGTGAGGCCCTT,19,1,52.6,3,CCC,NA,NA,NA
AAGAATTCTTATACGCTGTTT,21,1,28.6,3,TTT,Yes,No,
GTGCATACTCTTGTTGCTTTG,21,1,42.9,3,TTT,Yes,No,
ACGTCTTTGGCTCTTTTTAAG,21,1,38.1,5,TTTTT,Yes,No,
AAGTCTAGTTCTATTCCGTAT,21,1,33.3,2,AA,Yes,No,
GGTACGTTTTAGGCGACGTGG,21,1,57.1,4,TTTT,Yes,Yes,TAG
AGGATGCCTGTGGCTCTTAAG,21,1,52.4,2,GG,Yes,No,
TCTTTGGTGAAGGCGAAAGATTT,23,1,39.1,3,TTT,NA,NA,NA
AGGTAGAATATGAAGCTTTTT,21,1,28.6,5,TTTTT,Yes,Yes,TAG
AATGCGGAGATGGCTCGGCA,20,1,60.0,2,AA,NA,NA,NA
TGTTGTGTTTGTTCGAATAGT,21,1,33.3,3,TTT,Yes,No,
GCTGAGATGCCTAATGCTAAT,21,1,42.9,2,CC,Yes,No,
GCTTGTAATGTTAATCTGAGG,21,1,38.1,2,TT,Yes,No,
TTGAAGACTCAGAAGTATAAT,21,1,28.6,2,TT,Yes,No,
GGGTCGGTTGCTTCTAGGCTG,21,1,61.9,3,GGG,Yes,No,
TGTAGGATGTAGCCTGCTAAG,21,1,47.6,2,GG,Yes,Yes,TAG
GCGTGTCGTTCTTGTGATGTT,21,1,47.6,2,TT,Yes,No,
TGTCCGCGTAAGCTGTTTAAT,21,1,42.9,3,TTT,Yes,No,
TGTCGGGTTATTGGGTTTATT,21,1,38.1,3,GGG,Yes,No,
GATAGTCTTTAGTGGGGGTAG,21,1,47.6,5,GGGGG,Yes,Yes,"TAG,TAG"
TGTCATAATGAGTCGTGTGAT,21,1,38.1,2,AA,Yes,No,
CATAATTTTGTTATGCAGTAG,21,1,28.6,4,TTTT,Yes,Yes,TAG
ACTCGTTCTAATAGTACGTTT,21,1,33.3,3,TTT,Yes,No,
CTGATTACGAAGGGTAATGTG,21,1,42.9,3,GGG,Yes,No,
TAGAGTGGGCGTATTCCTGCT,21,1,52.4,3,GGG,Yes,Yes,TAG
AAGATGGCGATTTATACTACT,21,1,33.3,3,TTT,Yes,No,
CGTCATGCTCTTAGGAGGCTG,21,1,57.1,2,TT,Yes,No,
TAGAGTCCGTAGACTAAGTCG,21,1,47.6,2,CC,Yes,Yes,"TAG,TAG"
TGTACGTAGGAGGCGCTGAGT,21,1,57.1,2,GG,Yes,Yes,TAG
TCGAATCATCGTCTTTGTTCT,21,1,38.1,3,TTT,Yes,No,
CATGAGTGGACTACTCATCTG,21,1,47.6,2,GG,Yes,No,
TCGCATTCGATTTAGGTGGTTA,22,1,40.9,3,TTT,NA,NA,NA
TCGCATTCGATTTAGGTGGTT,21,1,42.9,3,TTT,Yes,Yes,TAG
GGGGAGAAGATGATTTCTAGT,21,1,42.9,4,GGGG,Yes,No,
ACGCCTCGTAATCCTACTCTT,21,1,47.6,2,CC,Yes,No,
TAGAAGTTTGATTAGGCTTAG,21,1,33.3,3,TTT,Yes,Yes,"TAG,TAG,TAG"
TTGATTAATTATGGGATAAGA,21,1,23.8,3,GGG,No,No,
AGTATTGTGGAGGTTAATTGT,21,1,33.3,2,TT,Yes,No,
GATTTTCTTCATCATCCGTTT,21,1,33.3,4,TTTT,Yes,No,
TTTAGTAGGTAGAAGACTGTG,21,1,38.1,3,TTT,Yes,Yes,TAG
GAGGCGATGTAGTATTAGTCG,21,1,47.6,2,GG,Yes,Yes,"TAG,TAG"
CGGAAGCGGTAGCATTCTCAT,21,1,52.4,2,GG,Yes,Yes,TAG
CAGTAGCTTTTTACGGTTGAT,21,1,38.1,5,TTTTT,Yes,Yes,TAG
CTTCCTGATACTATTTCTTTT,21,1,28.6,4,TTTT,Yes,No,
ACTCTTCTGGTTATTCATTTT,21,1,28.6,4,TTTT,Yes,No,
CAGTATCAGTGTCCTGGTCGT,21,1,52.4,2,CC,Yes,No,
TGTGATGAGAATGCGTGGTTT,21,1,42.9,3,TTT,Yes,No,
CATATTGCTATGTTGCAGCAG,21,1,42.9,2,TT,Yes,No,
TATCATAATGCGCTTGTGTCG,21,1,42.9,2,AA,Yes,No,
ACGTCTAATGGTGCGGCGTTT,21,1,52.4,3,TTT,Yes,No,
TCTCCTTTGGAGAATAAGAAG,21,1,38.1,3,TTT,Yes,No,
ATTCCTGGTGGGCTGATCCT,20,1,55.0,3,GGG,NA,NA,NA
GCTGGTCCGTGTCGTACTAAT,21,1,52.4,2,GG,Yes,No,
TCGCCGCGGGTGTATCTTGAT,21,1,57.1,3,GGG,Yes,No,
CCGGGGCATTAGTCTGTGATG,21,1,57.1,4,GGGG,Yes,Yes,TAG
ATGTGTGATAGTATGTATGCT,21,1,33.3,1,A,Yes,No,
TGGATGGAGAATGTTACTAAT,21,1,33.3,2,GG,Yes,No,
ATGTGTGGTATTATTTTTAAG,21,1,23.8,5,TTTTT,Yes,No,
CTGTAGTCGAATTGTTATGCG,21,1,42.9,2,AA,Yes,Yes,TAG
AGGCGGCCTCATCGGGTTTTT,21,1,57.1,5,TTTTT,Yes,No,
AAGGCTAGGTATCATTAGTGG,21,1,42.9,2,AA,Yes,Yes,TAG
ACTCTTTGTAAGCGTCTGTGT,21,1,42.9,3,TTT,Yes,No,
ATGTAGAATATTAGTTGTACT,21,1,23.8,2,AA,Yes,Yes,TAG
CGGAAGTGTTCTGTGCCTACT,21,1,52.4,2,GG,Yes,No,
TAGCAGATGGCGGTTGTTGCG,21,1,57.1,2,GG,Yes,Yes,TAG
ACTGGTGGGCCTGCGCTGAAG,21,1,66.7,3,GGG,Yes,No,
TCTCTTCGTTAGAATTTGTCT,21,1,33.3,3,TTT,Yes,Yes,TAG
CGGAGGTAGCGTAATTTGCTT,21,1,47.6,3,TTT,Yes,Yes,TAG
CAGTTGATTAATGCGTATCTT,21,1,33.3,2,TT,Yes,No,
TGGCATAATAATCTTCTGCGG,21,1,42.9,2,GG,Yes,No,
TGTAGGTGGCGGCGTGTTAGT,21,1,57.1,2,GG,Yes,No,
ACGAATGATGAGTCGACTACG,21,1,47.6,2,AA,Yes,No,
TTTTTTTAGCCGTATTATTGG,21,1,28.6,7,TTTTTTT,Yes,Yes,TAG
AGTGTTACTTATGGTAATGGG,21,1,38.1,3,GGG,Yes,No,
TTCTGGTATTATTTTTCCT,19,1,26.3,5,TTTTT,NA,NA,NA
CTTTTTTTGTAGGTGGATGGT,21,1,38.1,7,TTTTTTT,Yes,Yes,TAG
ATTACGGTTTGTCATAGGGTG,21,1,42.9,3,TTT,Yes,No,
CATAGGTTGTATTATGATGGT,21,1,33.3,2,GG,Yes,No,
TATGGGATTTAGTATAATTCT,21,1,23.8,3,GGG,Yes,Yes,TAG
AAGAAGGTTGCGAATGTGGTT,21,1,42.9,2,AA,Yes,No,
GGGACTCAAGTAGACTCGTTTT,22,1,45.5,4,TTTT,NA,NA,NA
CAGCGGCATCTGTCGCTGCAG,21,1,66.7,2,GG,Yes,No,
CTTCAGGGTCTTCAGTGTTAG,21,1,47.6,3,GGG,Yes,Yes,TAG
ATTGTGAGTCGGGCTCCTGCCT,22,1,59.1,3,GGG,NA,NA,NA
CTTTTTTAGAGGTATCCGACT,21,1,38.1,6,TTTTTT,Yes,Yes,TAG
ACGGCGTGGATGAAGGCTCTT,21,1,57.1,2,GG,Yes,No,
CGTGATATTTTGTATTAGTTT,21,1,23.8,4,TTTT,Yes,Yes,TAG
CCGCATAATACTTCGTAGTGT,21,1,42.9,2,CC,Yes,Yes,TAG
GATCAGCAGATTCGTTATTCT,21,1,38.1,2,TT,Yes,No,
CATTCTGGTATTATTTTTCCT,21,1,28.6,5,TTTTT,Yes,No,
CTTTGTCATTTGATGAATGGT,21,1,33.3,3,TTT,Yes,No,
CAGTTGAAGAAGTGGGTGACT,21,1,47.6,3,GGG,Yes,No,
TTGTATCATTTGATGAAGCAT,21,1,28.6,3,TTT,Yes,No,
TATATGGATATTTATCCTGTT,21,1,23.8,3,TTT,Yes,No,
TGGCCTTATAGGTAGACTATG,21,1,42.9,2,GG,Yes,Yes,TAG
CGGCATAAGGCGACTATTTTT,21,1,42.9,5,TTTTT,Yes,No,
GAGTCGACGCATACTCTTACT,21,1,47.6,2,TT,Yes,No,
TCGAATTGGTTGCGTCGTACG,21,1,52.4,2,AA,Yes,No,
CAGTCTGGTTCGAGTAGTCCT,21,1,52.4,2,GG,Yes,No,
CTGGCGAGGGCGTTGAATACA,21,1,57.1,3,GGG,No,No,
CGGAAGTCTGGTCTGATTTAT,21,1,42.9,3,TTT,Yes,No,
ACTGGTCCTAATACTTATTTG,21,1,33.3,3,TTT,Yes,No,
GGTAAGAAGACTGTTAAGAAT,21,1,33.3,2,GG,Yes,No,
GGTAGGAGTGCTAGTCTGCAT,21,1,52.4,2,GG,Yes,No,
AGTAGTAGTTCGTGGATGTTT,21,1,38.1,3,TTT,Yes,No,
TATAATTCGATTATTGTTCAG,21,1,23.8,2,AA,Yes,No,
ACTAAGAATACTATGCAGGAT,21,1,33.3,2,AA,Yes,No,
ACGAAGACGTGTGGTGCTATT,21,1,47.6,2,AA,Yes,No,
TATAGGATGCTTGGGGGGCCT,21,1,57.1,6,GGGGGG,Yes,No,
GGGAATTGGAATTTGTATTTT,21,1,28.6,4,TTTT,Yes,No,
AATCATCATAATATGGAGGAT,21,1,28.6,2,AA,Yes,No,
AATGTGGTGATTCGGCAGAAT,21,1,42.9,2,AA,Yes,No,
CATCTGAAGTGGTATGCTTAT,21,1,38.1,2,AA,Yes,No,
CATATGCGTTAGGGGGAGAAT,21,1,47.6,5,GGGGG,Yes,Yes,TAG
TCTAGTGCGCCGGTGGGGATG,21,1,66.7,4,GGGG,Yes,No,
CGTTATACTGCGTCGTAGGGG,21,1,57.1,4,GGGG,Yes,Yes,TAG
TTTAGGCTGGTTAATTGTTGG,21,1,38.1,3,TTT,Yes,No,
CCGACTGTGATGAGGTTGTAT,21,1,47.6,2,CC,Yes,No,
TTTGTGTATGAGAGGCCTTGT,21,1,42.9,3,TTT,Yes,No,
TAGTATAGGCGTCCTACTATT,21,1,38.1,2,GG,Yes,Yes,TAG
ATTTCTAAGTATATGAGGTAT,21,1,23.8,3,TTT,Yes,No,
CCGATTGGGAATTTTTCTACT,21,1,38.1,5,TTTTT,Yes,No,
CCGACTTGTGTGCATAAGTAT,21,1,42.9,2,CC,Yes,No,
TTTTATATTAAGATTAGTAAG,21,1,14.3,4,TTTT,Yes,No,
GATCATTCTAATTCGTATTGG,21,1,33.3,2,TT,Yes,No,
GCGCCTTATCCGTAGTCGTCT,21,1,57.1,2,CC,Yes,Yes,TAG
TATGAGCAGTGTCAGACGAAT,21,1,42.9,2,AA,Yes,No,
TCTTAGCTTGAGCTGTGGTCG,21,1,52.4,2,TT,Yes,Yes,TAG
GCGCCTAAGTGGAATGGTAAT,21,1,47.6,2,CC,Yes,No,
TATCATGAGAGGCTTATTCGG,21,1,42.9,2,GG,Yes,No,
AAGTGTGATAAGGATGATAGT,21,1,33.3,2,AA,Yes,No,
TTTAATAATACGGGTCTGTTT,21,1,28.6,3,TTT,Yes,No,
AATAAGTCGCCGATTAATAGT,21,1,33.3,2,AA,Yes,No,
CGGAATGTGGATGTAGTATATT,22,1,36.4,2,GG,NA,NA,NA
ATTATTTGTCTTCAGCAGACT,21,1,33.3,3,TTT,Yes,No,
GTTGCTTATGAAGCATGAGTAG,22,1,40.9,2,TT,NA,NA,NA
ACTTATCTTTGTCGGGTTTCTCG,23,1,43.5,3,TTT,NA,NA,NA
TCGCATGCGTTGTTTACGTAG,21,1,47.6,3,TTT,Yes,Yes,TAG
TTTAAGCCGCATACTCTTCTT,21,1,38.1,3,TTT,Yes,No,
ATGTCTGAGGTGGATAGGACT,21,1,47.6,2,GG,Yes,No,
CGTAGTTTTCATTGTACTTTT,21,1,28.6,4,TTTT,Yes,No,
TATTTGTTGACTTCTATTTAT,21,1,19.0,3,TTT,Yes,No,
CGGGCGCCTCCGGGTCATTAT,21,1,66.7,3,GGG,Yes,No,
TCTAAGCAGTCTGGTAAGCTG,21,1,47.6,2,AA,Yes,No,
GATTATTAGGAGTTTAAGCTG,21,1,33.3,3,TTT,Yes,Yes,TAG
TTTGATATGCTGTATCTGTGT,21,1,33.3,3,TTT,Yes,No,
TTTGATATGCTGTATCTGTGTG,22,1,36.4,3,TTT,NA,NA,NA
ATGAAGTCTAATTATTTTGAT,21,1,19.0,4,TTTT,Yes,No,
TCTTTGGTAGTTCGTTTCGT,20,1,40.0,3,TTT,NA,NA,NA
AAGTTTAATTAGTTGCAGAGT,21,1,28.6,3,TTT,Yes,Yes,TAG
AAGACTGCTCGTAGGCCTCGT,21,1,57.1,2,AA,Yes,No,
ACTGGTGGGCCTAGTGGGACG,21,1,66.7,3,GGG,Yes,No,
AATCCTATTTCGTTTGTGTCG,21,1,38.1,3,TTT,Yes,No,
GGTTGGATGAGTTGGTAGAAG,21,1,47.6,2,GG,Yes,Yes,TAG
CTGAAGACGACGTTTAGTACG,21,1,47.6,3,TTT,Yes,No,
CCTACGCTTGATATTATTAAT,21,1,28.6,2,CC,Yes,No,
CATGCGGAGCATTGCATAAT,20,1,45.0,2,GG,NA,NA,NA
ATGTCTTAGAAGCTTTGAGATTAAG,25,1,32.0,3,TTT,NA,NA,NA
CATTAGGGTGTTGCTCCTTCT,21,1,47.6,3,GGG,Yes,Yes,TAG
ACTATGAATAAGTATCAGACT,21,1,28.6,2,AA,Yes,No,
CACGGTTTCGTACGCTGCGGTTT,23,1,56.5,3,TTT,NA,NA,NA
TATTATACTAATCATTGTGCT,21,1,23.8,2,TT,Yes,No,
AATGATAGTGTGATTTAGGCT,21,1,33.3,3,TTT,Yes,Yes,TAG
ACGGCCGACCTAATCGGCAT,20,1,60.0,2,GG,NA,NA,NA
TGGTGTGCTATGGATCCTTCT,21,1,47.6,2,GG,Yes,No,
AGTTTGAATGATCATCAGGTG,21,1,38.1,3,TTT,Yes,No,
TGTGTTTATTCTCCTTAGTTT,21,1,28.6,3,TTT,Yes,Yes,TAG
ACTTGGCAGATGGCTTTCG,19,1,52.6,3,TTT,NA,NA,NA
TGTGGGTGTAATCTGTGTCCT,21,1,47.6,3,GGG,Yes,No,
TATGAGGATGTGGGGTGGCAG,21,1,57.1,4,GGGG,Yes,No,
AGGCATAGGTTGATTTGTGTG,21,1,42.9,3,TTT,Yes,No,
CGTAATAGGAATCCTAGGACT,21,1,42.9,2,AA,Yes,No,
ATGATTATTTCGATTTGTCAG,21,1,28.6,3,TTT,Yes,No,
CGGGTTCGGAGTCTTCAT,18,1,55.6,3,GGG,NA,NA,NA
CGGTTGGGTGCTAATGCTAGT,21,1,52.4,3,GGG,Yes,No,
CATGATTTTCGTATTACGATT,21,1,28.6,4,TTTT,Yes,No,
ATTAAGCTTAATTTGACTATG,21,1,23.8,3,TTT,Yes,No,
CTGCGGATGCGTTCTACTCTT,21,1,52.4,2,GG,Yes,No,
TGGAATAGGACTACGTCTACG,21,1,47.6,2,GG,Yes,No,
AGTGATAATTGGATTACTGAT,21,1,28.6,2,AA,Yes,No,
GATAGTTTGAGGCTGAAGCAG,21,1,47.6,3,TTT,Yes,No,
GCGAATCATGAGGGGTTGTAG,21,1,52.4,4,GGGG,Yes,Yes,TAG
GGTCGTTCTCATAAGGTTAGT,21,1,42.9,2,GG,Yes,No,
TGTATGATGGGTAGAATATT,20,1,30.0,3,GGG,NA,NA,NA
ATGTGTATGCCGAAGCAGAGT,21,1,47.6,2,CC,Yes,No,
TATTTTCGGAGTTTGTTGAAT,21,1,28.6,4,TTTT,Yes,No,
TCTTTTTTTGATTATACGTAT,21,1,19.0,7,TTTTTTT,Yes,No,
AATTATATTGTGATGACGGAT,21,1,28.6,2,AA,Yes,No,
GATCTTAAGGTTAATATTCTT,21,1,23.8,2,TT,Yes,No,
ACGGGGCAGGAGCAGCGGCAT,21,1,71.4,4,GGGG,Yes,No,
GTGTATTGTTGGAGTCATCCT,21,1,42.9,2,TT,Yes,No,
AATTAGATGGAGTAGTATCCT,21,1,33.3,2,AA,Yes,Yes,"TAG,TAG"
AATTATAATCTGTTCGGGTT,20,1,30.0,3,GGG,NA,NA,NA
GTTCTTTCTCGGTCTTAATTCG,22,1,40.9,3,TTT,NA,NA,NA
TCTTCGGTTAGTAATAGTGTG,21,1,38.1,2,TT,Yes,No,
CGGAATATGGTTAATCGTGAG,21,1,42.9,2,GG,Yes,No,
AATCCTATGGAGAGTCGGTAT,21,1,42.9,2,AA,Yes,No,
CTGTAGTTGCGGCAGGGTGCG,21,1,66.7,3,GGG,Yes,Yes,TAG
CTTCAGTAGCCTTCTAGGAGG,21,1,52.4,2,TT,Yes,Yes,TAG
CTTGCTACTAAGTTGCCGTTT,21,1,42.9,3,TTT,Yes,No,
AATAATAGGTGTCTTAGTATG,21,1,28.6,2,AA,Yes,No,
AAGTGGCCGAGTTGGATTCGT,21,1,52.4,2,AA,Yes,No,
TAGAATGCGGCTTATAGGCAG,21,1,47.6,2,AA,Yes,Yes,TAG
TGGCATTTGAATAGTCAGAGT,21,1,38.1,3,TTT,Yes,No,
CATTATACGATTAGGTTTGAG,21,1,33.3,3,TTT,Yes,No,
TATGAGCCGAAGGTTGTTACG,21,1,47.6,2,CC,Yes,No,
TTGATGTATAAGAAGCATGTT,21,1,28.6,2,TT,Yes,No,
TCTAATCTGTTGAATAGTACG,21,1,33.3,2,AA,Yes,No,
ATTGGTTAGTAGTGCAATTTG,21,1,33.3,3,TTT,No,Yes,"TAG,TAG"
GTTTCTTGGTAGGGTAGTGTT,21,1,42.9,3,TTT,Yes,Yes,TAG
GTGATGCGGTTGTTTAAGTGT,21,1,42.9,3,TTT,Yes,No,
CAGAAGCGTCATTCTTTTCTG,21,1,42.9,4,TTTT,Yes,No,
TGGCCTATTTAGCAGCATTAT,21,1,38.1,3,TTT,Yes,Yes,TAG
GTATGAATAGTTATGATAAG,20,1,25.0,2,AA,NA,NA,NA
GATTCGCATTGGTTTAGGGAG,21,1,47.6,3,TTT,Yes,No,
GATAAGCATGTTATGCAGCGT,21,1,42.9,2,AA,Yes,No,
CTTGTGAATCCTTAGGTTACT,21,1,38.1,2,TT,Yes,Yes,TAG
TAGCGTACTTGGTATCCTGAG,21,1,47.6,2,TT,Yes,Yes,TAG
CGTATGATTATGCGTGAGTAT,21,1,38.1,2,TT,Yes,No,
AGTCTGTCTATTATGTATCTG,21,1,33.3,2,TT,Yes,No,
GCTATGCATTAGCTGTCTTTG,21,1,42.9,3,TTT,Yes,Yes,TAG
ATGACGACGAGTAATAATGTG,21,1,38.1,2,AA,Yes,No,
CAGAAGAATTTTTCTTTGATT,21,1,23.8,5,TTTTT,Yes,No,
ATGACTCCTAATTCTACGTTT,21,1,33.3,3,TTT,Yes,No,
TGGGAGTCGGGTTATGCTATG,21,1,52.4,3,GGG,Yes,No,
TATGCTTTTGAGTTGCGGAGG,21,1,47.6,4,TTTT,Yes,No,
TTTAATACTCGGGCTTGGATT,21,1,38.1,3,TTT,Yes,No,
CGTTGTTCGACTAATATTCTG,21,1,38.1,2,TT,Yes,No,
CGGAATGGTCCGGCTGTTACG,21,1,61.9,2,GG,Yes,No,
TGACTAGGAATATGTCTAAG,20,1,35.0,2,GG,NA,NA,NA
GGGCTGGTGCTGATTAATATT,21,1,42.9,3,GGG,Yes,No,
CGTATGTAGAATACTAGGGCT,21,1,42.9,3,GGG,Yes,Yes,TAG
CATATTACGATGGAGTATACT,21,1,33.3,2,TT,Yes,No,
CATGAGGCGCTGATGAATACT,21,1,47.6,2,GG,Yes,No,
AGTCCTTCGCGTGAGTGTTTG,21,1,52.4,3,TTT,Yes,No,
AATCGTCTTGGTATGTGTGAT,21,1,38.1,2,AA,Yes,No,
ATTTTGTCTATGACTGTTTGT,21,1,28.6,4,TTTT,Yes,No,
GCGGGGCCGAATCCTCATGGT,21,1,66.7,4,GGGG,Yes,No,
GCGAGGTCTTGGCAGTTTTCT,21,1,52.4,4,TTTT,Yes,No,
GTGGTTAGTCCTGTGCATAAG,21,1,47.6,2,GG,Yes,No,
TCTGTGTAGGGTTATTCGAAT,21,1,38.1,3,GGG,Yes,Yes,TAG
CTGTGGCCTTCTATTACTAAT,21,1,38.1,2,GG,Yes,No,
CATGGTCTTTAGAAGATGTTGG,22,1,40.9,3,TTT,NA,NA,NA
CGTACGCATACGTATATGATT,21,1,38.1,2,TT,Yes,No,
CAGTGGCCTACGGGGACGCCG,21,1,76.2,4,GGGG,Yes,No,
CATATGACTAAGGATCCTGGT,21,1,42.9,2,AA,Yes,No,
TATAGTGAGGAGACTGATTGT,21,1,38.1,2,GG,Yes,No,
GTTATTACGACGATTGGGACG,21,1,47.6,3,GGG,Yes,No,
CTGCTGATTGATTGGAAGATT,21,1,38.1,2,TT,Yes,No,
TAGAAGTCGTTGCCTCAGGCG,21,1,57.1,2,AA,Yes,Yes,TAG
GGTCATCGGCCTAGTACTTAG,21,1,52.4,2,GG,Yes,Yes,TAG
GCTAATAGGAATACGAATAGT,21,1,33.3,2,AA,Yes,No,
CCTCCTTTGTAAGGATCTTGTT,22,1,40.9,3,TTT,NA,NA,NA
GTTAGGACGTATATGTGTCCG,21,1,47.6,2,TT,Yes,No,
AAGCATTATAGTAGTTGTGAG,21,1,33.3,2,AA,Yes,No,
CAGCAGACTAAGAGTGATTAT,21,1,38.1,2,AA,Yes,No,
CGTAATATGAGTACTGTGAGT,21,1,38.1,2,AA,Yes,No,
CCGTATATGCAGATTAAGGGT,21,1,42.9,3,GGG,Yes,No,
CATCATAATTAGGTGACGGCT,21,1,42.9,2,AA,Yes,Yes,TAG
CAGTAGAATTATTTGTTTCCT,21,1,28.6,3,TTT,Yes,Yes,TAG
GATTTTATGCGTCCTACTTTT,21,1,33.3,4,TTTT,Yes,No,
TCTAGTTGTCTGGGTATGGAT,21,1,42.9,3,GGG,Yes,No,
AGTCCTGGGTAGCATTTTCGT,21,1,47.6,4,TTTT,Yes,Yes,TAG
CATTAGGGTGAGTATAATTTT,21,1,28.6,4,TTTT,Yes,Yes,TAG
GATCTGCAGAGTACTTATAGT,21,1,38.1,2,TT,Yes,No,
TCTGTTTCGACTCCTCTGTAT,21,1,42.9,3,TTT,Yes,No,
TTTCATGAGAATACTACTGCG,21,1,38.1,3,TTT,Yes,No,
ACTACTAGGTGTAGTGGGGCG,21,1,57.1,4,GGGG,Yes,No,
GTGGGTACTTGTGCGACGAGT,21,1,57.1,3,GGG,Yes,No,
TCGCCGAAGCATTGTATGCCT,21,1,52.4,2,CC,Yes,No,
CATACGAAGGGTCCTCCTGGG,21,1,61.9,3,GGG,Yes,No,
GTTAATGTTCTTTGGAGTCAT,21,1,33.3,3,TTT,Yes,No,
AATATTCGTGATAGGGCTTTG,21,1,38.1,3,GGG,Yes,No,
TAGCTGGATATGTCGAATATG,21,1,38.1,2,GG,Yes,Yes,TAG
CTGACTTAGCTTGATTTCCT,20,1,40.0,3,TTT,NA,NA,NA
TCGCCTAATAGGGATCTTACT,21,1,42.9,3,GGG,Yes,No,
CTGATTCCGAGTCCGTGTTGG,21,1,57.1,2,TT,Yes,No,
TATTATACGCTTAATATGAGG,21,1,28.6,2,TT,Yes,No,
ACTTCTGCTCGGCCTTGGCTT,21,1,57.1,2,TT,Yes,No,
GTTTTTTATACGCAGAATGTT,21,1,28.6,6,TTTTTT,Yes,No,
GCTTGTACGCAGATGCCTCAG,21,1,57.1,2,TT,Yes,No,
GTTAGTAATCAGTTTAGGTCG,21,1,38.1,3,TTT,Yes,No,
ACTAAGGCTGTGATTCATCCG,21,1,47.6,2,AA,Yes,No,
AAGATGGATATTGTGAGTAGG,21,1,38.1,2,AA,Yes,No,
TTTCATTAGGAGCGTTCTCGT,21,1,42.9,3,TTT,Yes,Yes,TAG
CTTATTATTTAGAGGGGGCAT,21,1,38.1,5,GGGGG,Yes,Yes,TAG
CATGCGACGCTTACTAATTAT,21,1,38.1,2,TT,Yes,No,
GTGATTATGAATGCGGATTTT,21,1,33.3,4,TTTT,Yes,No,
ATTGATGTTACTTGGGGTGAT,21,1,38.1,4,GGGG,Yes,No,
CCGTGTTTTACTCTGGATTAG,21,1,42.9,4,TTTT,Yes,Yes,TAG
CCTCATCGTTTGACTAGTTCG,21,1,47.6,3,TTT,Yes,No,
TGTCATACGCTTGAGAAGCTG,21,1,47.6,2,TT,Yes,No,
TTTTGTTGTAATAATAAGATG,21,1,19.0,4,TTTT,Yes,No,
AGGACTGTGGCTTTGCAGTAG,21,1,52.4,3,TTT,Yes,Yes,TAG
CTTCCTTATACGGAGGCTAAT,21,1,42.9,2,TT,Yes,No,
ATTCTGTTTTATAGTATGGCG,21,1,33.3,4,TTTT,Yes,No,
CGTCGGGTTTAGAGTACGTTAG,22,1,50.0,3,GGG,NA,NA,NA
ATGAATCTTGGTTTGACTGCG,21,1,42.9,3,TTT,Yes,No,
CAGAGGTGTAATAAGCCTGAG,21,1,47.6,2,GG,Yes,No,
CATTATAATATTCATTTTGCT,21,1,19.0,4,TTTT,Yes,No,
AAGCATTAGGGGAAGGATGCT,21,1,47.6,4,GGGG,Yes,Yes,TAG
ACGGTGCCTTTTATGCTGATG,21,1,47.6,4,TTTT,Yes,No,
TGGTATGGTTTTGCTCTTGAT,21,1,38.1,4,TTTT,Yes,No,
CGTGCTCTGTGTAAGTCTGTT,21,1,47.6,2,AA,Yes,No,
CCTTAAGAATCCGCATGTTCCT,22,1,45.5,2,CC,NA,NA,NA
ATGTCTTTGACTAAGGCGAAG,21,1,42.9,3,TTT,Yes,No,
GGGTGGGCGTAGTTGTATACG,21,1,57.1,3,GGG,Yes,Yes,TAG
AAGCCTCTGTATAAGGCTAAT,21,1,38.1,2,AA,Yes,No,
ATCATGAGCATAGGTAGATG,20,1,40.0,2,GG,NA,NA,NA
CATGATGCTTGTAATACGTTG,21,1,38.1,2,TT,Yes,No,
GATATGGGTATGATTAGTTCG,21,1,38.1,3,GGG,Yes,No,
CGTCCGGGTTAGAATTTAGATG,22,1,45.5,3,GGG,NA,NA,NA
AAGCATGAGCCTATTACTGTT,21,1,38.1,2,AA,Yes,No,
TTGAGTACTTGTATTGATAGG,21,1,33.3,2,TT,Yes,No,
TATGTGACTATTATTGGGCGG,21,1,42.9,3,GGG,Yes,No,
AAGCTTGCGATTGGGTCGCAT,21,1,52.4,3,GGG,Yes,No,
CTTTATTTTGTTCGGAGTCAT,21,1,33.3,4,TTTT,Yes,No,
CATTGAAGGGTTTGTTCGACT,21,1,42.9,3,GGG,No,Yes,TGA
AGGACTGAGTAGTTGACGAAT,21,1,42.9,2,GG,Yes,Yes,TAG
AATACTTATGAGCCGACTATT,21,1,33.3,2,AA,Yes,No,
GCTTTTAAGCCGTCTGTGGGT,21,1,52.4,4,TTTT,Yes,No,
GGTTGTGATAAGCTGGAGTAG,21,1,47.6,2,GG,Yes,Yes,TAG
TTTTCTTAGTCTTCGCATTTG,21,1,33.3,4,TTTT,Yes,Yes,TAG
GATTCGTGGGTCCGGGGTCCT,21,1,66.7,4,GGGG,No,No,
CTGGGTAGTTAGAATCATCCT,21,1,42.9,3,GGG,Yes,Yes,TAG
AGGAATGTTTTCGTGAGAGT,20,1,40.0,4,TTTT,NA,NA,NA
TTTCCTCCGATGAAGGATTCT,21,1,42.9,3,TTT,Yes,No,
CTGCTGGATGGGATTGCGATG,21,1,57.1,3,GGG,Yes,No,
TAGTTTATGTTTTATATGTTG,21,1,19.0,4,TTTT,Yes,Yes,TAG
CATTTGCATAAGCCGTAGGCT,21,1,47.6,3,TTT,Yes,Yes,TAG
CCGTTGCATCGTTTGTATAAG,21,1,42.9,3,TTT,Yes,No,
AATAGTCAGCTTTTTGCTTGG,21,1,38.1,5,TTTTT,Yes,No,
GTTATTACTTGAGTAATAAG,20,1,25.0,2,TT,NA,NA,NA
TGTAGGCGGAGGACGGTTTAG,21,1,57.1,3,TTT,Yes,Yes,TAG
GAGTTTACGTATTGTTCTATG,21,1,33.3,3,TTT,Yes,No,
GCTACTTATAAGAAGGCTATG,21,1,38.1,2,TT,Yes,No,
CGGCTTATTTATTGTAATGAG,21,1,33.3,3,TTT,Yes,No,
TAGTGTAATACTTTGTATTAT,21,1,19.0,3,TTT,Yes,Yes,TAG
CTTACTGGTTTTTGTATGTGG,21,1,38.1,5,TTTTT,Yes,No,
TAGGCGATGACTTGTGTGCGT,21,1,52.4,2,GG,Yes,Yes,TAG
ACTTCTGGTGGGACGATGAAT,21,1,47.6,3,GGG,Yes,No,
CCGAGTTATGCTCATCGGACC,21,1,57.1,2,CC,No,No,
GTTGAGGTTAGTAATCAGGCG,21,1,47.6,2,TT,Yes,No,
CTTTATAGTCCGTAGCTTCCT,21,1,42.9,3,TTT,Yes,Yes,TAG
TATGAGTTGCTTGGGATGCCT,21,1,47.6,3,GGG,Yes,No,
CAATTGGGGCGTTTTAATTCAAGA,24,1,37.5,4,GGGG,NA,NA,NA
TGGGAGCAGCCGCCGGATCAG,21,1,71.4,3,GGG,Yes,No,
CGATGAGGGTGAATGCGTGG,20,1,60.0,3,GGG,NA,NA,NA
TAGTGTCTTATGTATTTTTTG,21,1,23.8,6,TTTTTT,Yes,Yes,TAG
AAGTCTGTGGAGGCGCATTTT,21,1,47.6,4,TTTT,Yes,No,
CTGTAGCATGGGTCGCATTTT,21,1,47.6,4,TTTT,Yes,Yes,TAG
TATTTTCTTCTGGGTTTTACG,21,1,33.3,4,TTTT,Yes,No,
AAGTGGGATTTTTTGATGTCG,21,1,38.1,6,TTTTTT,Yes,No,
ACGTATGGGACTAATATTGAT,21,1,33.3,3,GGG,Yes,No,
AATAATGTGCGTATGATTTAT,21,1,23.8,3,TTT,Yes,No,
TGTTAGTCGTAGGGGAATCGT,21,1,47.6,4,GGGG,Yes,Yes,"TAG,TAG"
GCGTTTGATATTCATAGGCGG,21,1,47.6,3,TTT,Yes,No,
CATACGTATGTTGATAGGAGT,21,1,38.1,2,TT,Yes,No,
CTGGATACTGATCATGATCAT,21,1,38.1,2,GG,Yes,No,
CTGTGGAATTCGTTGGGGTTG,21,1,52.4,4,GGGG,Yes,No,
ACGAATGGGAAGGATATTCAG,21,1,42.9,3,GGG,Yes,No,
CTTTATCGTAATTTACAGACTTTG,24,1,29.2,3,TTT,NA,NA,NA
CATCGGTATCATTAGTGTAGG,21,1,42.9,2,GG,Yes,Yes,TAG
CTTTCTTTGTTATATGTGG,19,1,31.6,3,TTT,NA,NA,NA
TATACGAGTAATTATGATCTT,21,1,23.8,2,AA,Yes,No,
TGTGATAAGCCGGCGCATAGT,21,1,52.4,2,AA,Yes,No,
CCGAAGCGGTAGAGTTGTATT,21,1,47.6,2,CC,Yes,Yes,TAG
CTGCTTAGGTTGATTTAGGCG,21,1,47.6,3,TTT,Yes,Yes,TAG
GGTCAGCCAGTCTTTGACTTAT,22,1,45.5,3,TTT,NA,NA,NA
CCTAATAATCATACGCCTCGT,21,1,42.9,2,CC,Yes,No,
TTGCCTACGTAGGGTAATTTT,21,1,38.1,4,TTTT,Yes,Yes,TAG
CGTGGTTTTAGGAGG,15,1,53.3,4,TTTT,NA,NA,NA
GAGTGTGAGATTAAGGGGCGG,21,1,57.1,4,GGGG,Yes,No,
AAGATTGTTAATGGTGGTCGG,21,1,42.9,2,AA,Yes,No,
GGGGTGAGGTGGAGTGGTGTT,21,1,61.9,4,GGGG,Yes,No,
ACTCATTGTACGCAGTATCCG,21,1,47.6,2,TT,Yes,No,
ACTTCTAATCAGTATACGCTG,21,1,38.1,2,TT,Yes,No,
GGGAAGTAGATGAGTCATAAG,21,1,42.9,3,GGG,Yes,Yes,TAG
CGTGAGGATTCGAATTTTTTG,21,1,38.1,6,TTTTTT,Yes,No,
CCTTATTGGACTAATGTTCAG,21,1,38.1,2,CC,Yes,No,
CAGAAGGTTTCTTAGAATTAT,21,1,28.6,3,TTT,Yes,Yes,TAG
AATTTGTGTTAGTATGGGGGG,21,1,42.9,6,GGGGGG,Yes,Yes,TAG
TATGATTTGACGTAGGGGACG,21,1,47.6,4,GGGG,Yes,Yes,TAG
GATGTATGGTACTTCGGCTCAT,22,1,45.5,2,GG,NA,NA,NA
TATTCTAAGATGCTGGCGATG,21,1,42.9,2,TT,Yes,No,
CATTCGTATTAGCCTAATGTGA,22,1,36.4,2,TT,NA,NA,NA
GCTTGTGATCATCGGTGGCCG,21,1,61.9,2,TT,Yes,No,
CTTGAGGATGCGCGTCTGACG,21,1,61.9,2,TT,Yes,No,
CCTTGTCAGCTTATTATGTTG,21,1,38.1,2,CC,Yes,No,
TGTGAGTATCGTTGTTTGCGT,21,1,42.9,3,TTT,Yes,No,
ACTCGGGTTATTTAGGTTCGT,21,1,42.9,3,GGG,Yes,Yes,TAG
AGTAAGTAGTTTCTGCCTACT,21,1,38.1,3,TTT,Yes,Yes,TAG
TATTATGTTCGGAATGCGTTG,21,1,38.1,2,TT,Yes,No,
AATTTTACTTGTACTGTGGAT,21,1,28.6,4,TTTT,Yes,No,
CCGCGGGAGTCGCCTATTGAAG,22,1,63.6,3,GGG,NA,NA,NA
GGGGATCAGAAGAATTGTAGG,21,1,47.6,4,GGGG,Yes,No,
ACGATGTTTGAGGAGCAGCTG,21,1,52.4,3,TTT,Yes,No,
AAGCTGTTGTCAATCGT,17,1,41.2,2,AA,NA,NA,NA
AGGTGTGATAGTGCTGTTGAG,21,1,47.6,2,GG,Yes,No,
CCGATTAGGGCGTAGCTTACT,21,1,52.4,3,GGG,Yes,Yes,TAG
ACGGATGATAATCAGCAGACT,21,1,42.9,2,GG,Yes,No,
TGTTTGTTGATGAGTAATCGT,21,1,33.3,3,TTT,Yes,No,
CAGTAGCTGGTTGATATGTTT,21,1,38.1,3,TTT,Yes,Yes,TAG
AATTGGAATCATCCGATGAAG,21,1,38.1,2,AA,Yes,No,
TTGTTTATGGTGTATCATGAT,21,1,28.6,3,TTT,Yes,No,
AGGCTTTCTCTGTAGTATGTCG,22,1,45.5,3,TTT,NA,NA,NA
GCGACTTGGCGGTGGACGTTT,21,1,61.9,3,TTT,Yes,No,
CTTAATCGGCATACGTTGTCT,21,1,42.9,2,TT,Yes,No,
CGGTGTCGGAGTCATGTTATT,21,1,47.6,2,GG,Yes,No,
ATGATTAAGAATCCGAATA,19,1,26.3,2,TT,NA,NA,NA
TCGAGGGAGGCTTCTTGGCAG,21,1,61.9,3,GGG,Yes,No,
GATTATCCGCGGCTTCAGTGT,21,1,52.4,2,TT,Yes,No,
CTGTCGACGAATGAGCTTTTG,21,1,47.6,4,TTTT,Yes,No,
GCTACTTATTCTAAGAGTGG,20,1,40.0,2,TT,NA,NA,NA
TATAGTTCCTCTTTTACTCAT,21,1,28.6,4,TTTT,No,No,
TCTACTGATAATCATACTACT,21,1,28.6,2,AA,Yes,No,
CCTCAGTATGCTGATGAGACG,21,1,52.4,2,CC,Yes,No,
CCTATTTTGCAGCGGTGTGGG,21,1,57.1,4,TTTT,Yes,No,
CTGCATATTTGACTGTCGGCAG,22,1,50.0,3,TTT,NA,NA,NA
CAGATGGATCTTGTTTGGACG,21,1,47.6,3,TTT,Yes,No,
AATGCGTAGACTATTTGTCAG,21,1,38.1,3,TTT,Yes,Yes,TAG
CGGTCTAAGAAGAGGAAGAAT,21,1,42.9,2,GG,Yes,No,
TATGCGGGTAATAGGCATTAT,21,1,38.1,3,GGG,Yes,No,
TGGGTGGGTAATTGGATGTCT,21,1,47.6,3,GGG,Yes,No,
TATACTTGTGATTAGTATCTT,21,1,23.8,2,TT,Yes,Yes,TAG
TATACTAAGGGTGGTTATACT,21,1,33.3,3,GGG,Yes,No,
GCTTAGGCGCTTTGTCTTTCT,21,1,47.6,3,TTT,Yes,Yes,TAG
GGTAGGCCGGGGACTGCTCAG,21,1,71.4,4,GGGG,Yes,No,
GAGCTTAAGGGGATTGTGTAG,21,1,47.6,4,GGGG,Yes,Yes,TAG
TATCTGCGGAAGGCTCTGTGT,21,1,52.4,2,GG,Yes,No,
CAGCCGATTCATGTGATTGTG,21,1,47.6,2,CC,Yes,No,
GGTCAGTTTACTGCTACTTCG,21,1,47.6,3,TTT,Yes,No,
TATATTCCTCGTTGTGGGATT,21,1,38.1,3,GGG,Yes,No,
TATTATCATCATTAGTAGTCT,21,1,23.8,2,TT,Yes,Yes,"TAG,TAG"
GCTGCGTAGGTTCAGGTTTAT,21,1,47.6,3,TTT,Yes,Yes,TAG
CTTAATCTTACGACTATGCAG,21,1,38.1,2,TT,Yes,No,
GAGTAGCGTGCTGTTTGGAGT,21,1,52.4,3,TTT,Yes,Yes,TAG
GGGGTTGGGCGTTGTCTGCTG,21,1,66.7,4,GGGG,Yes,No,
TAGGGTTCTCTGTATTATTTT,21,1,28.6,4,TTTT,Yes,Yes,TAG
GTTCGTTTTAGTAGGACTTTT,21,1,33.3,4,TTTT,Yes,No,
AATTTGTCGACGCTTAGGTAG,21,1,42.9,3,TTT,Yes,Yes,TAG
TATGATACTAAGAATGCTTAGTAG,24,1,29.2,2,AA,NA,NA,NA
CAGTTTATTCAGCATAATACT,21,1,28.6,3,TTT,Yes,No,
CCTAGTATGTAGCGTGTGTAG,21,1,47.6,2,CC,Yes,Yes,"TAG,TAG"
TGTGCGCTGCGTCAGATGGCT,21,1,61.9,2,GG,Yes,No,
GCGACTAATGCGTGTGATGGT,21,1,52.4,2,AA,Yes,No,
ACTCAGAGTAATATTTTGATG,21,1,28.6,4,TTTT,Yes,No,
GATACGTTGTCTCCGCGTATG,21,1,52.4,2,TT,Yes,No,
CTGATTACGGATTATGGGAAT,21,1,38.1,3,GGG,Yes,No,
TCGCAGTGGCAGCTTAGTTAG,21,1,52.4,2,GG,Yes,Yes,TAG
AAGGTTCATTATAATCGTACG,21,1,33.3,2,AA,Yes,No,
AGGCATAGGACGTTTCAGACG,21,1,52.4,3,TTT,Yes,No,
CCGTTTGAGACTCGTACGACT,21,1,52.4,3,TTT,Yes,No,
AAGTTTGCGAATCTTAATTTG,21,1,28.6,3,TTT,Yes,No,
TTTTTGATGCTTAGGCGGTTT,21,1,38.1,5,TTTTT,Yes,No,
TTGCGGGTTGAGTTTATTTAT,21,1,33.3,3,GGG,Yes,No,
CCTTCTCTTACGGTTGTGTAT,21,1,42.9,2,CC,Yes,No,
CATTCTCGGTCTGGGAGGAAG,21,1,57.1,3,GGG,Yes,No,
TCGCTGGGGTTTACGCGGGCG,21,1,71.4,4,GGGG,Yes,No,
CCTGAGATTCCGAAGATTGAG,21,1,47.6,2,CC,Yes,No,
GATCAGAAGGCGACTACTCCT,21,1,52.4,2,AA,Yes,No,
CCGTCGTATTTGGGTATTTTG,21,1,42.9,4,TTTT,Yes,No,
CAGAAGCAGTCGTTTCATTAG,21,1,42.9,3,TTT,Yes,Yes,TAG
CCGCTTCATATTGTGCATTTG,21,1,42.9,3,TTT,Yes,No,
AATCCGGATATGCCGATTGAG,21,1,47.6,2,AA,Yes,No,
CTCAGAGTTCGAGTCTCTGAGG,22,1,54.5,2,TT,NA,NA,NA
TCGCTTTCGGATCAGGCTACT,21,1,52.4,3,TTT,Yes,No,
TAGAGTCTTTTTTATTTTGAG,21,1,23.8,6,TTTTTT,Yes,Yes,TAG
CGTTTTTAGCAGCCGTGGTGT,21,1,52.4,5,TTTTT,Yes,Yes,TAG
TAGATTGAGAATTTGTCGATG,21,1,33.3,3,TTT,Yes,Yes,TAG
CCTAATTCGAATAAGAAGGCG,21,1,42.9,2,CC,Yes,No,
CCTAGTATTCGGGAGCATCAT,21,1,47.6,3,GGG,Yes,No,
AAGTGGAATGATGCGGATTAT,21,1,38.1,2,AA,Yes,No,
CTGGATAATACTTATGTTGAT,21,1,28.6,2,GG,Yes,No,
GATTAGGAGAATCTTACTATT,21,1,28.6,2,TT,Yes,Yes,TAG
CGTGTTCATCGGTGGGTGT,19,1,57.9,3,GGG,NA,NA,NA
AAGCTTCCGGGTGCTTAGTGT,21,1,52.4,3,GGG,Yes,Yes,TAG
TATCCTGTGTCGAGGCTTTAG,21,1,47.6,3,TTT,Yes,Yes,TAG
TTGGGTTTTAAGTATTATCCG,21,1,33.3,4,TTTT,Yes,No,
TGGCAGGTGACTTTTCCTTCG,21,1,52.4,4,TTTT,Yes,No,
AATCGGGGGACGTGTATGTAG,21,1,52.4,5,GGGGG,Yes,Yes,TAG
GTTACGAGTTGTACTGTTAAT,21,1,33.3,2,TT,Yes,No,
CAGACGTAGAATACGCTTCC,20,1,50.0,2,AA,NA,NA,NA
CTTTCGCAGCGTTATCATCCG,21,1,52.4,3,TTT,Yes,No,
AGGCAGCCGTTGAAGTTTAAT,21,1,42.9,3,TTT,Yes,No,
ATTCATCCGGGTTGGAATCCT,21,1,47.6,3,GGG,Yes,No,
TGGGTGGCGGGTACTGTGTGT,21,1,61.9,3,GGG,Yes,No,
TATACTCTTATTTTTGCTGTT,21,1,23.8,5,TTTTT,Yes,No,
CCTAGTAATTTTGTTGGTGTT,21,1,33.3,4,TTTT,Yes,No,
CAGGTGTGTAAGTTGCTGGTT,21,1,47.6,2,GG,Yes,No,
TCTTAGAAGAGTAGGGGTCGT,21,1,47.6,4,GGGG,Yes,Yes,TAG
TTGCAGAATAAGGGGTCTCAT,21,1,42.9,4,GGGG,Yes,No,
CCGGCTACTCTTGATCTTGAT,21,1,47.6,2,CC,Yes,No,
AGGTTGGTTGTGATGGTGGAT,21,1,47.6,2,GG,Yes,No,
AATTATCAGGTTTCGTATGGT,21,1,33.3,3,TTT,Yes,No,
CCTAGGGGGGCTGATTTGTTT,21,1,52.4,6,GGGGGG,Yes,No,
GTTTATTAGAATAGTTTTTTT,21,1,14.3,7,TTTTTTT,Yes,Yes,TAG
AGTAAGGGTTCGAATTTGTAT,21,1,33.3,3,GGG,Yes,No,
CAGACGGTGTGTAATACTAAG,21,1,42.9,2,GG,Yes,No,
ACTGTTTATTCTTTGTAGGATT,22,1,27.3,3,TTT,NA,NA,NA
TGTATTTAGGCGACTCGGGCG,21,1,57.1,3,TTT,Yes,Yes,TAG
GCGCAGTTTCGGCATTATTCG,21,1,52.4,3,TTT,Yes,No,
ACGAGGACTGGGGTTGCGAAT,21,1,57.1,4,GGGG,Yes,No,
TCTCTTGCTACTATTTAGTAG,21,1,33.3,3,TTT,Yes,Yes,"TAG,TAG"
CGTTCGCTTCTTCCGTTTGCT,21,1,52.4,3,TTT,Yes,No,
CTGAAGTTTTATTCGCAGAGT,21,1,38.1,4,TTTT,Yes,No,
GTTCTTCGTAATAGTAGGATG,21,1,38.1,2,TT,Yes,No,
GATCTTTCTAGTTGTTTTAAT,21,1,23.8,4,TTTT,Yes,No,
TATCGGGGTCATAATACGTTG,21,1,42.9,4,GGGG,Yes,No,
CTTATGGGTCATATTATTTCT,21,1,28.6,3,GGG,Yes,No,
CTTATTAATATGCATGCTCCG,21,1,38.1,2,TT,Yes,No,
TTTTTTGTGATGAATCTTGAT,21,1,23.8,6,TTTTTT,Yes,No,
TTTCAGCGTGATCAGCCTTTT,21,1,42.9,4,TTTT,Yes,No,
AGGTGTGATTTTGGTTCGTGT,21,1,42.9,4,TTTT,Yes,No,
CATTAGGCGCCTGAGGTGGGG,21,1,66.7,4,GGGG,Yes,Yes,TAG
CTTAAGTATTGGCGTACGTGT,21,1,42.9,2,TT,Yes,No,
CATTATTATCGTCCTCAGATG,21,1,38.1,2,TT,Yes,No,
ACTTAGAGTTGTAGTTGTAAT,21,1,28.6,2,TT,Yes,Yes,TAG
TGGTTTATGTAGATGACTTAT,21,1,28.6,3,TTT,Yes,Yes,TAG
AATGATTCGTCGGTTACGCGG,21,1,52.4,2,AA,Yes,No,
CATGGTACTATGTCGATTACT,21,1,38.1,2,GG,Yes,No,
ACTTGGGTTCAGAGTCATACG,21,1,47.6,3,GGG,Yes,No,
ACGTCGATTTTTGTTCGTTTG,21,1,38.1,5,TTTTT,Yes,No,
TAGAATACTCATAGGGCTAG,20,1,40.0,3,GGG,NA,NA,NA
AAGAATTAGAGGGAGAATATG,21,1,33.3,3,GGG,Yes,Yes,TAG
GTTATGAATAGGTAGAATGAT,21,1,28.6,2,TT,Yes,Yes,TAG
CCGATTGGTATTAAGCAGGCT,21,1,47.6,2,CC,Yes,No,
ACTGTGACGATGCTTTTGAAG,21,1,42.9,4,TTTT,Yes,No,
TTGTCTCTGGTTACCTAAGAGG,22,1,45.5,2,TT,NA,NA,NA
AAGTCTAATTATGTGAGTAAT,21,1,23.8,2,AA,Yes,No,
AGTATGCTGACGTAGTTTCTG,21,1,42.9,3,TTT,Yes,Yes,TAG
TCGGACTCGGTCTAGGAGTTTT,22,1,50.0,4,TTTT,NA,NA,NA
CTGGCTTATAGGCGGAGTCAT,21,1,52.4,2,GG,Yes,No,
CAGTCGGGTATTCATATTACG,21,1,42.9,3,GGG,Yes,No,
AATAGTCGTGATATGGCGACG,21,1,47.6,2,AA,Yes,No,
TGTCTTTGTAATAGGAGGGAG,21,1,42.9,3,TTT,Yes,No,
GTGAGTGATGTGTGGTCGCTT,21,1,52.4,2,GG,Yes,No,
TATTGTTATTTTAAGCCTCAT,21,1,23.8,4,TTTT,Yes,No,
GGTTCGAGTTAGCCTACTTGT,21,1,47.6,2,GG,Yes,Yes,TAG
CATAAGTCGAGTGATAGTTCG,21,1,42.9,2,AA,Yes,No,
AGTCCGCCTAGTACTTTGGCG,21,1,57.1,3,TTT,Yes,No,
CGTTTTACTTAGATGTCTCAT,21,1,33.3,4,TTTT,Yes,Yes,TAG
GGTACTTTTTCGAATACGTAT,21,1,33.3,5,TTTTT,Yes,No,
ACGTTTATGCCTTATTAGTCG,21,1,38.1,3,TTT,Yes,Yes,TAG
ATGTGTCTTAGAAGAATTGG,20,1,35.0,2,TT,NA,NA,NA
CTTACTCTTCGGCCGCATTTT,21,1,47.6,4,TTTT,Yes,No,
ACGAATGAGATGAATCTTGCG,21,1,42.9,2,AA,Yes,No,
GTGATTATTTGTATGTTTCCT,21,1,28.6,3,TTT,Yes,No,
TCGTTTATTTTGTTTCAGTTG,21,1,28.6,4,TTTT,Yes,No,
CCGTTTTAGTATCATTGGCGT,21,1,42.9,4,TTTT,Yes,Yes,TAG
TGTGAATCGGTCTGTCTGCA,20,1,50.0,2,AA,NA,NA,NA
ATGTAGGTTTAGGGGGATGTG,21,1,47.6,5,GGGGG,Yes,Yes,"TAG,TAG"
CATACTAATATTCTTAAGCAT,21,1,23.8,2,AA,Yes,No,
TAGGCTAAGTGGGTTGCTATT,21,1,42.9,3,GGG,Yes,Yes,TAG
GATTCGGCGCAGACTCCGCAG,21,1,66.7,2,TT,Yes,No,
AGGTCTCATGTGTTTCCGACG,21,1,52.4,3,TTT,Yes,No,
CTGCAGATAATTTTTATGAT,20,1,25.0,5,TTTTT,NA,NA,NA
TATTTGGTTTGGCTTAAGCTG,21,1,38.1,3,TTT,Yes,No,
CGTCCTTTGTCGGTTTCTATG,21,1,47.6,3,TTT,Yes,No,
TGTTGGGATAATCCGCTTATT,21,1,38.1,3,GGG,Yes,No,
GATGAGAATATTAGGGCGTCTT,22,1,40.9,3,GGG,NA,NA,NA
CAGGAGTTTAGTCGGAATCAT,21,1,42.9,3,TTT,Yes,No,
TAGCAGCGGCTTGTTAAGGCT,21,1,52.4,2,GG,Yes,Yes,TAG
TCGTAGAGTACGACGAGGGCG,21,1,61.9,3,GGG,Yes,Yes,TAG
TAGGCGGAGTCGGCGGGTCGT,21,1,71.4,3,GGG,Yes,Yes,TAG
CTGACGCATGTGCGTAAGCGT,21,1,57.1,2,AA,Yes,No,
TTTTTTGTTGAGCATATTTTG,21,1,23.8,6,TTTTTT,Yes,No,
CCTCATACTACTCCGACTCAG,21,1,52.4,2,CC,Yes,No,
GAGATTTTTTCTCCGTCTCGT,21,1,42.9,6,TTTTTT,Yes,No,
CCGGATTCGAGTAAGAATGTT,21,1,42.9,2,CC,Yes,No,
CCGTGGATTCGTAATAATCTT,21,1,38.1,2,CC,Yes,No,
GTTCGGGTGACGGCGTCGAGT,21,1,66.7,3,GGG,Yes,No,
CGTAAGCTTCTTACGTGTAGT,21,1,42.9,2,AA,Yes,No,
TTGTCTTCGATTAATTAGCCG,21,1,38.1,2,TT,Yes,Yes,TAG
AATCGTAGTTGTTGGTAGACG,21,1,42.9,2,AA,Yes,Yes,TAG
TCGTATGAGTTGAGTAATCTG,21,1,38.1,2,TT,Yes,No,
TCTGCGACTGTTTATGTGATT,21,1,38.1,3,TTT,Yes,No,
ATTGGTCTGGAGAGTAGTAAT,21,1,38.1,2,TT,Yes,No,
CATTCGTATCGGGATGAGAT,20,1,45.0,3,GGG,NA,NA,NA
CCTTTTACTTGTACTCAGAAG,21,1,38.1,4,TTTT,Yes,No,
AATACTACGATTCCTCATGTG,21,1,38.1,2,AA,Yes,No,
TGTAGTGAGACGGTGTTTGCG,21,1,52.4,3,TTT,Yes,No,
TATAGGTTTAATATGAGGCTT,21,1,28.6,3,TTT,Yes,No,
AAGCGTGTTAATCAGAAGTAT,21,1,33.3,2,AA,Yes,No,
CTTATTTATTATAAGTCGTGG,21,1,28.6,3,TTT,Yes,No,
AAAGTCTTTCTCTTTTT,17,1,23.5,5,TTTTT,NA,NA,NA
TTGTTTAGGCGTTAGTCGTAT,21,1,38.1,3,TTT,Yes,Yes,TAG
TTTTCGCAGCGTATTTATGCT,21,1,38.1,4,TTTT,Yes,No,
TAGCGGCTGAATGCTAATTTG,21,1,42.9,3,TTT,Yes,Yes,TAG
ATTAATAAGGATATGTTTCAT,21,1,19.0,3,TTT,Yes,No,
GGTAGGCGTTGGGGGAATCAT,21,1,57.1,5,GGGGG,Yes,No,
CTTTTTTCTGTTTGTTTTTTT,21,1,19.0,7,TTTTTTT,Yes,No,
AAGATGTATACTCAGAATATG,21,1,28.6,2,AA,Yes,No,
GCTAGGTATAGTGTTACGCTT,21,1,42.9,2,GG,Yes,No,
GTGATTGGGTTGTCTCATGTT,21,1,42.9,3,GGG,Yes,No,
GAAGGAGGAAGCGTGATAAT,20,1,45.0,2,AA,NA,NA,NA
GTGCGTCGGAAGCTTTTTCAG,21,1,52.4,5,TTTTT,Yes,No,
GAGATTTTTTCTAAGGAGTAT,21,1,28.6,6,TTTTTT,Yes,No,
GTGCTTTTTAATAGTAGGCGT,21,1,38.1,5,TTTTT,Yes,No,
GCGAGTCCTTAGTAGTAGGTT,21,1,47.6,2,CC,Yes,Yes,"TAG,TAG,TAG"
AAGTCGGATGAGGTGAATCCG,21,1,52.4,2,AA,Yes,No,
TGGGTGAATTGGGATGAGTGG,21,1,52.4,3,GGG,Yes,No,
CCGAATGGTAAGATTTGGACG,21,1,47.6,3,TTT,Yes,No,
TAGCTTCTTAGGCGTCGTCCT,21,1,52.4,2,TT,Yes,Yes,TAG
CGTTTGAATCATGTTTGGTGG,21,1,42.9,3,TTT,Yes,No,
AATTATGTTGAGTTTACGCAT,21,1,28.6,3,TTT,Yes,No,
GCGTATCAGGAGTATGGTCTT,21,1,47.6,2,GG,Yes,No,
AATTGGTTGTTGGTTTGGTTT,21,1,33.3,3,TTT,Yes,No,
ACGGGTGGTTAGCCTGCTGAT,21,1,57.1,3,GGG,Yes,Yes,TAG
TCTGAGATGTTGTCGCTGAGT,21,1,47.6,2,TT,Yes,No,
CCGTATAAGACTACGACGGAT,21,1,47.6,2,CC,Yes,No,
CGTAATATGCGTAGTGGGCTTAG,23,1,47.8,3,GGG,NA,NA,NA
TATTATGTTCATTGTCGTACT,21,1,28.6,2,TT,Yes,No,
TCGACTATGATGGTTACTTGT,21,1,38.1,2,GG,Yes,No,
CTGGAGTATCCGGTTGTGATG,21,1,52.4,2,GG,Yes,No,
CTGAAGCGTGTGCAGTTTAGG,21,1,52.4,3,TTT,Yes,No,
CCGTATGCGTCGCGTGTTATG,21,1,57.1,2,CC,Yes,No,
ACTGTGTTTGCTGGGGTTACT,21,1,47.6,4,GGGG,Yes,No,
GTTCTTGCTAAGTTGCCTAGT,21,1,42.9,2,TT,Yes,No,
TTTCGGAATTCTAAGTATCAT,21,1,28.6,3,TTT,Yes,No,
GTTCATGTGTGGATGTAGCTG,21,1,47.6,2,TT,Yes,Yes,TAG
GAGATGTGGAAGGATGATAGG,21,1,47.6,2,GG,Yes,No,
TCGTATACTGATGTGGGATG,20,1,45.0,3,GGG,NA,NA,NA
CGGCTTGTTAATGGGTAGAGT,21,1,47.6,3,GGG,Yes,Yes,TAG
CGGGATACTAATTCTTAGCCA,21,1,42.9,3,GGG,No,Yes,TAG
CGGGATACTAATTCTTAGCCG,21,1,47.6,3,GGG,Yes,Yes,TAG
AGTTCGGAGGAGCGGGTGATT,21,1,57.1,3,GGG,Yes,No,
ACTTTGTAGTAGTCTACTGAG,21,1,38.1,3,TTT,Yes,Yes,"TAG,TAG"
GAGAGGTTTGTGACGTGTTAG,21,1,47.6,3,TTT,Yes,Yes,TAG
TAGAGTTAGAAGGCGCTTGAT,21,1,42.9,2,TT,Yes,Yes,"TAG,TAG"
TTTATGAAGTCTTCTACTTCG,21,1,33.3,3,TTT,Yes,No,
AGGGTGACTCAGGATTTTCTT,21,1,42.9,4,TTTT,Yes,No,
ACGACGGGGTGTTTGTCTGTG,21,1,57.1,4,GGGG,Yes,No,
CCGGTTTCTAATTCTATTCG,20,1,40.0,3,TTT,NA,NA,NA
CATTTGTTTCGTGTGCTTTCG,21,1,42.9,3,TTT,Yes,No,
GAGACTTGGAGGTCTATGGGT,21,1,52.4,3,GGG,Yes,No,
ACTTATTCTTGTTGTCTTAAT,21,1,23.8,2,TT,Yes,No,
CGTGGGCTTTCTACTAGTTAT,21,1,42.9,3,GGG,Yes,No,
TATTCTTAGTATGGTGAGATG,21,1,33.3,2,TT,Yes,Yes,TAG
ATTATGGATACTTGTACTAAG,21,1,28.6,2,TT,Yes,No,
AGTATGAATGATGATATGTCT,21,1,28.6,2,AA,Yes,No,
AGGACTATTGAGTTTATGCAG,21,1,38.1,3,TTT,Yes,No,
ACTACGGTTACTACTATTAAT,21,1,28.6,2,GG,Yes,No,
TGTGCGACGCGTCGGGTTAAG,21,1,61.9,3,GGG,Yes,No,
ACTCATGAGATTACGCTTTAT,21,1,33.3,3,TTT,Yes,No,
GGTCAGCATTAGATGGTTAGG,21,1,47.6,2,GG,Yes,Yes,TAG
GATTTTGATAATTTTACTGCG,21,1,28.6,4,TTTT,Yes,No,
ATGTTTCATAGTAAGATGCAT,21,1,28.6,3,TTT,Yes,No,
TTGAGGCTTCAGTCGGAGTAG,21,1,52.4,2,TT,Yes,Yes,TAG
CATAGTCATCAGGCTCCGCTG,21,1,57.1,2,GG,Yes,No,
GTGTATCTGCCTCCTAAGACT,21,1,47.6,2,CC,Yes,No,
CCGCTTTTTTTGGTTAAGCCT,21,1,42.9,7,TTTTTTT,Yes,No,
ATTCGTGGTGATCATCTGCAT,21,1,42.9,2,TT,Yes,No,
CTTCTGTTGGGTTATGGTCAT,21,1,42.9,3,GGG,Yes,No,
AGGATTAGGGCGTTGTATTAG,21,1,42.9,3,GGG,Yes,Yes,TAG
TTTTGTTAGGTTATTTATATT,21,1,14.3,4,TTTT,Yes,Yes,TAG
ACTTGTGCGGGTGTGGATGCT,21,1,57.1,3,GGG,Yes,No,
AATACTATCTGTCGGCATTGT,21,1,38.1,2,AA,No,No,
CCTTTTGTGAGTTAGTTGCTG,21,1,42.9,4,TTTT,Yes,Yes,TAG
AAGGGTGTTCCTGCTCGGTTT,21,1,52.4,3,GGG,Yes,No,
GCTTATTCGGAGCAGAACGAT,21,1,47.6,2,TT,No,No,
GAGGATACGAGTAGTGGTGAG,21,1,52.4,2,GG,Yes,No,
GATGTTCAGCAGCGGTTTGTG,21,1,52.4,3,TTT,Yes,No,
ACGGATAGTGATCATAGTCTT,21,1,38.1,2,GG,Yes,No,
CGTAGTGTGGTTTGTTTTCAG,21,1,42.9,4,TTTT,Yes,No,
TGGGATGAGAATAATTTTAAG,21,1,28.6,4,TTTT,Yes,No,
AAGCCGCATAGTAATCTGATT,21,1,38.1,2,AA,Yes,No,
ACTGGGCCTATGCAGAGTCCG,21,1,61.9,3,GGG,Yes,No,
AAGCATACGAGGGAGATTCTT,21,1,42.9,3,GGG,Yes,No,
TTTACTGGGCGTGAGCATGTT,21,1,47.6,3,TTT,Yes,No,
ACTTTGAGGCATCGTTCTGTG,21,1,47.6,3,TTT,Yes,No,
AAGGCGACTTCGCTGTAGTATT,22,1,45.5,2,AA,NA,NA,NA
CGTGGGGTGAAGTCGCCTGAG,21,1,66.7,4,GGGG,Yes,No,
ATTCGTCGCAAATAATAT,18,1,27.8,3,AAA,NA,NA,NA
AATACGCTTAATAATCGTGTG,21,1,33.3,2,AA,Yes,No,
CCTATTTGTGAGCCGTTTCAG,21,1,47.6,3,TTT,Yes,No,
AAGTGGTCGAGTATTAAGGAG,21,1,42.9,2,AA,Yes,No,
CTTAAGCTGGCGAGTCAGATT,21,1,47.6,2,TT,Yes,No,
ATGATGTATGGGCTGACGCTG,21,1,52.4,3,GGG,Yes,No,
ACTCGGCAGTCTGGTGTGTGT,21,1,57.1,2,GG,Yes,No,
TCGCCTGTTGCTCCTAATTCT,21,1,47.6,2,CC,Yes,No,
GTTGTGCTTACTGGTTATTTT,21,1,33.3,4,TTTT,Yes,No,
TATGAGACTGATATGACTTTT,21,1,28.6,4,TTTT,Yes,No,
ATGCTTAGTGGTGTTCCGAAT,21,1,42.9,2,TT,Yes,No,
CATAATCTGAAGTTGCTGAAG,21,1,38.1,2,AA,Yes,No,
ATGATGAGTGATGCGCTTCAG,21,1,47.6,2,TT,Yes,No,
ACGCTGGTTATGATTCATTGG,21,1,42.9,2,GG,Yes,No,
TATAGGGCGTTGTATTCGATT,21,1,38.1,3,GGG,Yes,No,
AAGGAGAGGTATGAGTCTCCG,21,1,52.4,2,AA,Yes,No,
CGTGGGAATTTTGGTAATCTG,21,1,42.9,4,TTTT,Yes,No,
CAGTGTCCTAAGTTGGCTCCT,21,1,52.4,2,CC,Yes,No,
AAGTATATTCGGGTTTATCCT,21,1,33.3,3,GGG,Yes,No,
AATAATATTTATAATAAGACT,21,1,9.5,3,TTT,Yes,No,
CTGACTCTTAATATTAATCTT,21,1,23.8,2,TT,Yes,No,
CATCAGGGTAATCAGAATAGT,21,1,38.1,3,GGG,Yes,No,
AGTGGTGATGAGAATCTGACG,21,1,47.6,2,GG,Yes,No,
TTTTCGCGGCGTTTTGGGCAT,21,1,52.4,4,TTTT,Yes,No,
CTTGTGAGTGCTAAGTCTCCG,21,1,52.4,2,TT,Yes,No,
CTGTGTAATGCTGTGGGGTCG,21,1,57.1,4,GGGG,Yes,No,
ACGCAGTCGTAGCGTTCTGTT,21,1,52.4,2,TT,Yes,Yes,TAG
CAGCGGATTATTACTAATTCTAG,23,1,34.8,2,GG,NA,NA,NA
CAGCGGATTATTACTAATTCT,21,1,33.3,2,GG,Yes,No,
AGGCAGAATCAGATGCTTACGA,22,1,45.5,2,GG,NA,NA,NA
GGTCAGTAGAAGTCTAGTGAG,21,1,47.6,2,GG,Yes,Yes,TAG
CGTACGCGTCTTAATATTAAT,21,1,33.3,2,TT,Yes,No,
AATTAGAATGCGCTGACGCCT,21,1,47.6,2,AA,Yes,Yes,TAG
ACTGTGTCAATCTGTTTAAT,20,1,30.0,3,TTT,NA,NA,NA
GTTAGGATGGATGATATTTAG,21,1,33.3,3,TTT,Yes,Yes,TAG
CATGCTTCTCGTGCTTTGATT,21,1,42.9,3,TTT,Yes,No,
ATGAGTCGGGCTTTTTCTTAT,21,1,38.1,5,TTTTT,Yes,No,
ATGGTTACTCATAGGAATGGG,21,1,42.9,3,GGG,Yes,No,
CCGTGGGATCAGCCGGAGAGT,21,1,66.7,3,GGG,Yes,No,
AGTGAGACTAAGGTTTCCTATG,22,1,40.9,3,TTT,NA,NA,NA
TTTTATATTGTGACTTTGAGT,21,1,23.8,4,TTTT,Yes,No,
GATTATGCGGCTAAGCCGAGT,21,1,52.4,2,TT,Yes,No,
GTTGATGATGAGTCGAATGCT,21,1,42.9,2,TT,Yes,No,
ACTAATGCGGCTACGAATTGT,21,1,42.9,2,AA,Yes,No,
TGTTAGATTGCTAGTGGGCGG,21,1,52.4,3,GGG,Yes,Yes,TAG
CAGCAGACTTCTACTCGTTAG,21,1,47.6,2,TT,Yes,Yes,TAG
GTGCCGTGGCATCGGGATCGT,21,1,66.7,3,GGG,Yes,No,
ACGTGTTTTTATGCGTATCCT,21,1,38.1,5,TTTTT,Yes,No,
GATTATACTAATCATATGGAT,21,1,23.8,2,TT,Yes,No,
ACTCTTGGCGTATGTTTAT,19,1,36.8,3,TTT,NA,NA,NA
ATGAATTCGGGGCATATTAAT,21,1,33.3,4,GGGG,Yes,No,
ATGCGGGAGAAGGCGCATGTG,21,1,61.9,3,GGG,Yes,No,
GTTAATTCTAGGAAGCGGGTT,21,1,42.9,3,GGG,Yes,No,
GCTAGGGTTGTTATAGTTAGT,21,1,38.1,3,GGG,No,No,
GCTAGGGTTGTTATAGTAGT,20,1,40.0,3,GGG,NA,NA,NA
CTGACGTATGAGGATCCGGAT,21,1,52.4,2,GG,Yes,No,
GGGTCTGCTATTTGTGAGCGG,21,1,57.1,3,GGG,Yes,No,
TAGCGTGAGACGAAGTTGATT,21,1,42.9,2,AA,Yes,Yes,TAG
TCTACGAAGGCGACGAGTAAT,21,1,47.6,2,AA,Yes,No,
AGTGATTAGGCGGCTTCGGAT,21,1,52.4,2,TT,Yes,Yes,TAG
ATTCATCAGACGGCTAGTAAT,21,1,38.1,2,TT,Yes,No,
CCGTTGCCTACTGATGCGGTG,21,1,61.9,2,CC,Yes,No,
TCGTAGCATATTCTGCCTACG,21,1,47.6,2,TT,Yes,Yes,TAG
CGGTATGCTTGTTCTCCTTTT,21,1,42.9,4,TTTT,Yes,No,
CATATTGTTCGTATGGCGCCG,21,1,52.4,2,TT,Yes,No,
ACTGAGCAGTTTAGGGTGAAT,21,1,42.9,3,TTT,Yes,No,
TCGTGTGTTGATTTGTAGGAG,21,1,42.9,3,TTT,Yes,Yes,TAG
ATTCCTTCTGTTGTGTTGATG,21,1,38.1,2,TT,Yes,No,
ACTGATTATTGGGATACTCAT,21,1,33.3,3,GGG,Yes,No,
GATCCGTGGATTATTGGTCAT,21,1,42.9,2,CC,Yes,No,
TGTCGTATGCGTGTGTATAAG,21,1,42.9,2,AA,Yes,No,
CCTACTACGAATGAGACTTGT,21,1,42.9,2,CC,Yes,No,
TGGTAGTGAAGAGTGTTACA,20,1,40.0,2,GG,NA,NA,NA
TGGTAGTAGAAGTATTTTACG,21,1,33.3,4,TTTT,Yes,Yes,"TAG,TAG"
CTGAGTTTCAGTATTGTTCT,20,1,35.0,3,TTT,NA,NA,NA
AATGCTGATAATCGGTATACG,21,1,38.1,2,AA,Yes,No,
CAGAGTCGGTCTGTGCTACT,20,1,55.0,2,GG,NA,NA,NA
GCGGATTCTGCGCTTTCTATG,21,1,52.4,3,TTT,Yes,No,
GAGAGGTAGAGTATGTCGCCG,21,1,57.1,2,GG,Yes,Yes,TAG
GATTAGGATTCGAATCTTAAT,21,1,28.6,2,TT,Yes,Yes,TAG
TCTCGGTAGATTGCGGTGGCT,21,1,57.1,2,GG,Yes,Yes,TAG
ACTTATGTTAATACTTTGTGT,21,1,23.8,3,TTT,Yes,No,
ATGTTGCCGGCTGGGCATTAG,21,1,57.1,3,GGG,Yes,Yes,TAG
ATTAGTAAGCGTAAGCGTACG,21,1,42.9,2,TT,Yes,No,
AAGCGGGTTCTGATTTTGAAT,21,1,38.1,4,TTTT,Yes,No,
TGGTATGAATCCTACTTAGTCG,22,1,40.9,2,GG,NA,NA,NA
AATTGTAATTTTACTACTTAG,21,1,19.0,4,TTTT,Yes,Yes,TAG
ACTACGCGGAGGTTTTTGTAG,21,1,47.6,5,TTTTT,Yes,Yes,TAG
TTGAGTCAGGGTGTGGAGTCT,21,1,52.4,3,GGG,Yes,No,
GTGATTCTTACTAATTCGTCG,21,1,38.1,2,TT,Yes,No,
TTGACGACTTAGCGTCTGATT,21,1,42.9,2,TT,Yes,Yes,TAG
CCGATGGTTGGTACTACTCAT,21,1,47.6,2,CC,Yes,No,
ACTTAGCCTGTGGATTCGTCT,21,1,47.6,2,TT,Yes,Yes,TAG
TAGGCGAAGTTTGATTTGATT,21,1,33.3,3,TTT,Yes,Yes,TAG
ATTCAGCCGCTGTAGGTTGGT,21,1,52.4,2,TT,Yes,Yes,TAG
CCTTTGGTTTATAATAATTCT,21,1,23.8,3,TTT,Yes,No,
CTGCAGTCGGAGTAGGATAGT,21,1,52.4,2,GG,Yes,Yes,TAG
TGGCCGAAGATGTATTAGATT,21,1,38.1,2,GG,Yes,Yes,TAG
AGTGTGCTTCTGAGGCAT,18,1,50.0,2,TT,NA,NA,NA
CAGGAGCATGAGCCTATGTCG,21,1,57.1,2,GG,Yes,No,
TGGTAGACTGAGTGTGGGCCT,21,1,57.1,3,GGG,Yes,Yes,TAG
CCGGAGAAGTATTATTTGCTT,21,1,38.1,3,TTT,Yes,No,
ACTTAGCAGAAGATTAATCAT,21,1,28.6,2,TT,Yes,Yes,TAG
TATATGTATCTGCGTTATTCT,21,1,28.6,2,TT,Yes,No,
GCTCTTTCTAATCATAATCCT,21,1,33.3,3,TTT,Yes,No,
TGGATGACTGCGTTTTGGAAG,21,1,47.6,4,TTTT,Yes,No,
TTGTGTTCGTCGTGTTCTACG,21,1,47.6,2,TT,Yes,No,
CTGATGAAGAAGTATAGGGCG,21,1,47.6,3,GGG,Yes,No,
TTGGCGGATCAGTCTTCTCCT,21,1,52.4,2,TT,Yes,No,
CAGCGGCCTATGATTATGCCT,21,1,52.4,2,GG,Yes,No,
ATTGTGTACTTGATCGGATCC,21,1,42.9,2,TT,No,No,
CTTGGTTATATGTATTCTCCG,21,1,38.1,2,TT,Yes,No,
CCGGTGTTGTTGAGGAAGTTT,21,1,47.6,3,TTT,Yes,No,
TATTCGATGCCTATGTGTATGA,22,1,36.4,2,TT,NA,NA,NA
GTGCGGAAGATGACGAAGAGT,21,1,52.4,2,GG,Yes,No,
TGTCAGTAGTGGAGGCTTATT,21,1,42.9,2,GG,Yes,Yes,TAG
GCTATGAAGATTTATGGGGAG,21,1,42.9,4,GGGG,Yes,No,
CATCGTACTGGTGCGTCTAGT,21,1,52.4,2,GG,Yes,No,
TCGCATGGGAGTAGTTCGCAT,21,1,52.4,3,GGG,Yes,No,
TCTTATGGGACTACTTTTGTT,21,1,33.3,4,TTTT,Yes,No,
ACGTCTATGTGTATTATTCTG,21,1,33.3,2,TT,Yes,No,
TTTCATAGTACGCTTGTGGAG,21,1,42.9,3,TTT,Yes,No,
TCGTGGACTACGTGTTGGGTG,21,1,57.1,3,GGG,Yes,No,
AGTATGCTGGGGCTTAGGATT,21,1,47.6,4,GGGG,Yes,No,
AATATTACTTGGTAGTAGAAG,21,1,28.6,2,AA,Yes,Yes,"TAG,TAG"
GAGACTCTTCTTGGGTAGTTT,21,1,42.9,3,GGG,Yes,Yes,TAG
GGGTGTCCTAATGCTAATATT,21,1,38.1,3,GGG,Yes,No,
GGTGATAATACGCTTCTTGAG,21,1,42.9,2,GG,Yes,No,
GCGCCTTCGCATCATGTTTTT,21,1,47.6,5,TTTTT,Yes,No,
ATTGTTGGTAGTTCTCCTTAT,21,1,33.3,2,TT,Yes,No,
AGATCCTTAGCTTCTTTAGCAT,22,1,36.4,3,TTT,NA,NA,NA
AGGCAGCGTGTGAAGCAGCTG,21,1,61.9,2,GG,Yes,No,
ATGCATGGTAATGCGGAGCCT,21,1,52.4,2,GG,Yes,No,
ACTCATGCTTCTCAGATTGCG,21,1,47.6,2,TT,Yes,No,
TCTCATGTTTGTCATCTGAGT,21,1,38.1,3,TTT,Yes,No,
GATTCTTTGTAGTGTACGTGG,21,1,42.9,3,TTT,Yes,Yes,TAG
AGGGGGCCTTCGGATTTGTGT,21,1,57.1,5,GGGGG,Yes,No,
GGTTTTTCGGATCTTGATGTT,21,1,38.1,5,TTTTT,Yes,No,
GCTACTTTTGAGAAGGCTTAG,21,1,42.9,4,TTTT,Yes,Yes,TAG
ATGGTTCATCTTAATGGTTTT,21,1,28.6,4,TTTT,Yes,No,
ATTTATAAGAATCATAAGAAT,21,1,14.3,3,TTT,Yes,No,
AAGTAGTACTCATTCGTTTTGT,22,1,31.8,4,TTTT,NA,NA,NA
TTGACTTCGCATATTTATAGT,21,1,28.6,3,TTT,Yes,No,
GGGGGTGAGGCTCTTTCGGCT,21,1,66.7,5,GGGGG,Yes,No,
ACGAAGGAGTTTAAGATTCTG,21,1,38.1,3,TTT,Yes,No,
GCTTTGCCTTATAAGTTGGTT,21,1,38.1,3,TTT,Yes,No,
CAGGCGTATGGGGAGAATGAT,21,1,52.4,4,GGGG,Yes,No,
CCGCGTGAGTGTACGCCTCCG,21,1,71.4,2,CC,Yes,No,
GTGTATGGTATTTATACTAAT,21,1,23.8,3,TTT,Yes,No,
TTGTTGTCTATGTATCTTGCG,21,1,38.1,2,TT,Yes,No,
TGTAATTTTCGTTTTTCTCTG,21,1,28.6,5,TTTTT,Yes,No,
GATAATTGTTTTAAGTGTACT,21,1,23.8,4,TTTT,Yes,No,
GCTTCTTGGTCTGTTCCTGCG,21,1,57.1,2,TT,Yes,No,
CAGTCGGCTATGCTTAAGAAG,21,1,47.6,2,GG,Yes,No,
ACTCGTTATACTACGTAGTAT,21,1,33.3,2,TT,Yes,Yes,TAG
AAGTCTCTGTTGCTTTGTACT,21,1,38.1,3,TTT,Yes,No,
ACGAGGCTGCCGGAGCTGGGG,21,1,76.2,4,GGGG,Yes,No,
ACTACTATTACTGAGTTGAAT,21,1,28.6,2,TT,Yes,No,
CAGCCTATTATGTCTCTTTAT,21,1,33.3,3,TTT,Yes,No,
TGTCGGCCTCGTTTGTGTTAT,21,1,47.6,3,TTT,Yes,No,
TGTAGGTAGAGGGCTTGGTCG,21,1,57.1,3,GGG,Yes,Yes,TAG
AGTTGGTTTGATCAGTATCTT,21,1,33.3,3,TTT,Yes,No,
TAGTGGTAGGGTTGTTAGAAT,21,1,38.1,3,GGG,Yes,Yes,"TAG,TAG,TAG"
TTTTGTTATCTGCAGAATGAT,21,1,28.6,4,TTTT,Yes,No,
TCTATGTATCAGCATTGTGTG,21,1,38.1,2,TT,Yes,No,
GTTCCTTCGTAGGGGCTTGGT,21,1,57.1,4,GGGG,Yes,Yes,TAG
AAGGCGGGGAATTGTGAGGCT,21,1,57.1,4,GGGG,Yes,No,
CCGTGGTCTAAGATTATTACG,21,1,42.9,2,CC,Yes,No,
CCTCCTGATCTGGAGCCGCAT,21,1,61.9,2,CC,Yes,No,
ATTCGGGATCCGTTTATTTCG,21,1,42.9,3,GGG,Yes,No,
ATTAAGTTTATTTGGAA,17,1,17.6,3,TTT,NA,NA,NA
GAGAATGAGCAGTGTAGTCAT,21,1,42.9,2,AA,Yes,No,
AATAATTAGTATGAGTTGTGG,21,1,28.6,2,AA,Yes,Yes,TAG
CATTCGCCGAGGACGAAGGGT,21,1,61.9,3,GGG,Yes,No,
ATGGTTGTTAATTGGAGGGCT,21,1,42.9,3,GGG,Yes,No,
CATTCTGTTTTTACTGGTATG,21,1,33.3,5,TTTTT,Yes,No,
ATGTTGGAGTGTAAGAATGAG,21,1,38.1,2,TT,Yes,No,
CCTGCTAGTGCTCTTTATAAT,21,1,38.1,3,TTT,Yes,No,
CCTTCTTATTTTCCGTATGGG,21,1,42.9,4,TTTT,Yes,No,
GTTCGGACGGGGCGGTTTAGT,21,1,61.9,4,GGGG,Yes,No,
TTCCTTTTCGGCGTCTGCTT,20,1,50.0,4,TTTT,NA,NA,NA
TAGTGGCTTTTTTGGAGGACG,21,1,47.6,6,TTTTTT,Yes,Yes,TAG
CTTGATCATAGTGTTCTGTGG,21,1,42.9,2,TT,Yes,No,
GATCGTAGGTCGGATACTCCG,21,1,57.1,2,GG,Yes,No,
TTTGTTCAGGATTTTATGTTG,21,1,28.6,4,TTTT,Yes,No,
TAGGTTATGACTCGTACGTGG,21,1,47.6,2,GG,Yes,Yes,TAG
GATCGTGTGATGACTAAGAGG,21,1,47.6,2,AA,Yes,No,
CCTGGTGTTTTTGCGAAGTAT,21,1,42.9,5,TTTTT,Yes,No,
GATCTTATTCGGAATAATAAT,21,1,23.8,2,TT,Yes,No,
TTGGGGAGTTATGAGGGGACT,21,1,52.4,4,GGGG,Yes,No,
TCGTGGAGTTAGAATCATCGT,21,1,42.9,2,GG,Yes,Yes,TAG
CCGGTGCGTTATAGGAAGGAG,21,1,57.1,2,CC,Yes,No,
GATGTGCGTCGTGCGCGGGGCT,22,1,72.7,4,GGGG,NA,NA,NA
GATGTGCGTCGTGCGCGGGCT,21,1,71.4,3,GGG,Yes,No,
TTTAGTTAGACGGATAGTCCT,21,1,38.1,3,TTT,Yes,Yes,TAG
TCTCGTACTCGTAAGTAGATG,21,1,42.9,2,AA,Yes,Yes,TAG
GTTGATCGGAGTTGTTTTAGG,21,1,42.9,4,TTTT,Yes,No,
CGTCGGTGGGATCTTTTTATG,21,1,47.6,5,TTTTT,Yes,No,
CCGTGTCGTTTGTATCCGCAG,21,1,57.1,3,TTT,Yes,No,
CGTATTTTCATTAGCGTGGT,20,1,40.0,4,TTTT,NA,NA,NA
CTGACGAAGACGCTTATTAAT,21,1,38.1,2,AA,Yes,No,
TAGCCGTCTCATATTCGTAGT,21,1,42.9,2,CC,Yes,Yes,TAG
TATTCTTTGGAGCAGATGACG,21,1,42.9,3,TTT,Yes,No,
CATAAGATTTATCTTGGGCAT,21,1,33.3,3,TTT,Yes,No,
AATTGGTAGTAGACGTTGATG,21,1,38.1,2,AA,Yes,Yes,"TAG,TAG"
GCTATGCGGCTGTGTGTTATG,21,1,52.4,2,GG,Yes,No,
ACGCGGGGTATGACTGTGCTG,21,1,61.9,4,GGGG,Yes,No,
TCTACGAATGAGAGTGAGGCG,21,1,52.4,2,AA,Yes,No,
GAGAATAGTTCTGTGGATAAG,21,1,38.1,2,AA,Yes,No,
CCTCAGATGAGGAATCATTCT,21,1,42.9,2,CC,Yes,No,
ATTAAGGTTTTTACTTTGTTG,21,1,23.8,5,TTTTT,Yes,No,
AATTATATTATTGCGAATTCG,21,1,23.8,2,AA,Yes,No,
GTTGCGGCGGGGGGATGGCT,20,1,75.0,6,GGGGGG,NA,NA,NA
TATCTTGATTGTTATGCTACT,21,1,28.6,2,TT,Yes,No,
GGTTGTAATCATGGTCATATT,21,1,33.3,2,GG,Yes,No,
CATGATGGTATTCGTACGTTT,21,1,38.1,3,TTT,Yes,No,
ATGAATTATATTAAGAGTTGG,21,1,23.8,2,AA,Yes,No,
CTTACGTTTAAGATGGGGGTT,21,1,42.9,5,GGGGG,Yes,No,
TCAAATGTTCAGCAGAAGCAT,21,1,38.1,3,AAA,No,No,
TCTAATGTTCAGCAGAAGCAT,21,1,38.1,2,AA,Yes,No,
GGTAATGCGATTAATATTCCG,21,1,38.1,2,GG,Yes,No,
GCTTTGACGGGTGATTATGCT,21,1,47.6,3,TTT,Yes,No,
AATTAGGTTATTCATTTTCCG,21,1,28.6,4,TTTT,Yes,Yes,TAG
CATATTTGGCCTCCGAAGTAG,21,1,47.6,3,TTT,Yes,Yes,TAG
ACGGTGTAGAGGCATCTTCAT,21,1,47.6,2,GG,Yes,Yes,TAG
CGTTCGATGAGTACGAGGAGA,21,1,52.4,2,TT,No,No,
ATTAGGGTTGCTTTTAATAAT,21,1,23.8,4,TTTT,Yes,No,
CAGTATCGTAGTCCTAGTTTT,21,1,38.1,4,TTTT,Yes,No,
AATCAGTTGTGGCTGGATAGG,21,1,47.6,2,AA,Yes,No,
ATTAGTCAGCCTTCTATGAAT,21,1,33.3,2,TT,Yes,No,
TAGTGTAAGCTTTCTGTTATT,21,1,28.6,3,TTT,Yes,Yes,TAG
CTGATGGCGAATCAGCAGATT,21,1,47.6,2,GG,Yes,No,
TGTAGTTTGGTGGAGAAGTAT,21,1,38.1,3,TTT,Yes,No,
TATACTAGTCGTTGGCCGTTG,21,1,47.6,2,TT,Yes,No,
GAGCGTACGCAGTATCATAGG,21,1,52.4,2,GG,Yes,No,
CTGTGGACTAGTAGGATTTCG,21,1,47.6,3,TTT,Yes,No,
ATTATTCCTCTGTGGAGGATG,21,1,42.9,2,TT,Yes,No,
ACTACGTTTGCTTTGATTAAG,21,1,33.3,3,TTT,Yes,No,
AAGGCGAGTTGGCTGTGGACT,21,1,57.1,2,AA,Yes,No,
ATGATTGTGTGTAGGAGGTAT,21,1,38.1,2,TT,Yes,No,
ACTATGCTGTGGGTGAATAGT,21,1,42.9,3,GGG,Yes,No,
CCTTTTGCTAAGAGGCTTCTT,21,1,42.9,4,TTTT,Yes,No,
TTGAGTTTTCATATGCATTAG,21,1,28.6,4,TTTT,Yes,Yes,TAG
ATGTTGCCGAAGTAAGCGCAT,21,1,47.6,2,TT,No,Yes,TAA
GCGTCTAGGAGTTTGACGATT,21,1,47.6,3,TTT,Yes,No,
ATTTTTCATGAGCCGTTTGTG,21,1,38.1,5,TTTTT,Yes,No,
CGTGTGGATTGTATTTTGGTG,21,1,42.9,4,TTTT,Yes,No,
GAGGATTCTGGTAATCATTTG,21,1,38.1,3,TTT,Yes,No,
TAGATTTTGGCTGGTATTAAT,21,1,28.6,4,TTTT,Yes,Yes,TAG
GAGACGGTGCATAGGTAGACG,21,1,57.1,2,GG,Yes,Yes,TAG
ACGGTGATTTGTCGGCTGCAT,21,1,52.4,3,TTT,Yes,No,
ACTCGTAATTGGTTTAGGGG,20,1,45.0,4,GGGG,NA,NA,NA
GATCAGAATTATTATACGTAT,21,1,23.8,2,AA,Yes,No,
TGTAGGTTTGAGACGCCGCTG,21,1,57.1,3,TTT,Yes,No,
ATTGTGGTTGTTACTATGCCG,21,1,42.9,2,TT,Yes,No,
AGGATGAATCATTATGGTATT,21,1,28.6,2,GG,Yes,No,
CGTTCTTTGATTGAGTATAGT,21,1,33.3,3,TTT,Yes,No,
GCGCATTGGTTGATGTTTCTG,21,1,47.6,3,TTT,Yes,No,
AGTCTGATGCGTATTTCTGAT,21,1,38.1,3,TTT,Yes,No,
CCTGCGTGGCTTGGGTTTCTG,21,1,61.9,3,GGG,Yes,No,
CTTTTGAAGAATTTGAAGAGT,21,1,28.6,4,TTTT,Yes,No,
TTGCTTCTGTAGGAGAATACG,21,1,42.9,2,TT,Yes,Yes,TAG
AGGATGGTGCCTGTGATTATT,21,1,42.9,2,GG,Yes,No,
GTTATTACGTAGCTGCCTTTT,21,1,38.1,4,TTTT,Yes,Yes,TAG
CCGCATACTCATAAGATTACG,21,1,42.9,2,CC,Yes,No,
GCTCATGTGCCTTATTTGACG,21,1,47.6,3,TTT,Yes,No,
TGTAGGGAGTATATGATGTAG,21,1,38.1,3,GGG,Yes,Yes,TAG
CATGGTCCGACGCATAAGCTT,21,1,52.4,2,GG,Yes,No,
TAGGTTCTGCTGATGAAGGTT,21,1,42.9,2,GG,Yes,Yes,TAG
GATCAGTAGTGTGGGCCTCAT,21,1,52.4,3,GGG,Yes,Yes,TAG
TATAGTAATAATTATAGTTGT,21,1,14.3,2,AA,Yes,No,
GCGCCTCCTCTTAGTGGTACT,21,1,57.1,2,CC,Yes,No,
CTTTAGCAGTATTAGACGAAT,21,1,33.3,3,TTT,Yes,Yes,"TAG,TAG"
GGGTTTTTTAATGTGACGCCG,21,1,47.6,6,TTTTTT,Yes,No,
CCTCTGATTAAGGTGGTTACG,21,1,47.6,2,CC,Yes,No,
ATTGCGTGTTGTAATTTGCAT,21,1,33.3,3,TTT,Yes,No,
AATTTTGAGCATTGTTATAGTA,22,1,22.7,4,TTTT,NA,NA,NA
TGTTCGATTGGTGGTCCGAAG,21,1,52.4,2,TT,Yes,No,
GATATTTATCAGTCTACGCGG,21,1,42.9,3,TTT,Yes,No,
CCTACGCCTCGTCTGGATAAG,21,1,57.1,2,CC,Yes,No,
AAGTCGGAGCCTGTGAATGGT,21,1,52.4,2,AA,Yes,No,
ACTGAGAATCCGTTTGATTGT,21,1,38.1,3,TTT,Yes,No,
TATATTTTTTCGCGTCCTTGT,21,1,33.3,6,TTTTTT,Yes,No,
CAGGATTATTATTAGCTGC,19,1,36.8,2,GG,NA,NA,NA
AGTGGGTTGAATTAGAGTCGG,21,1,47.6,3,GGG,Yes,Yes,TAG
CCGAGGCTGTGGGGTGTGCCT,21,1,71.4,4,GGGG,Yes,No,
AATAGGGGTGAGTATCCTCAT,21,1,42.9,4,GGGG,Yes,No,
CATGCGTATTCTCTTATTTTG,21,1,33.3,4,TTTT,Yes,No,
CATTTGGTGATGATGACGCGG,21,1,52.4,3,TTT,Yes,No,
AATTAGAATTTTAAGGCGCTT,21,1,28.6,4,TTTT,Yes,Yes,TAG
AGTGCGCCGTATGCGAGTCGT,21,1,61.9,2,CC,Yes,No,
TATACGGGAAGAAGAGAATCCT,22,1,40.9,3,GGG,NA,NA,NA
AATACTGAGGGTGAGGCTACT,21,1,47.6,3,GGG,Yes,No,
TCTTCGAAGCATTGTAATGGG,21,1,42.9,3,GGG,Yes,No,
TCTCTTGAGAAGTAGCGTGTC,21,1,47.6,2,TT,No,Yes,TAG
AGGTATGATTGTGTGAGTTGG,21,1,42.9,2,GG,Yes,No,
CCTTCTTATAAGTGTAGTGTG,21,1,38.1,2,CC,Yes,No,
TGTACGCTTTATGGGGATCAT,21,1,42.9,4,GGGG,Yes,No,
CCGGATCGTGATCGGTATGGG,21,1,61.9,3,GGG,Yes,No,
CAGCAGAAGCGTTGGACGTTT,21,1,52.4,3,TTT,Yes,No,
ATTTTTTGGCGTGTTCCTTGT,21,1,38.1,6,TTTTTT,Yes,No,
GTGGTGCATGCTATGGGTTGT,21,1,52.4,3,GGG,Yes,No,
CGGCAGAAGTTTTGGCCGGAT,21,1,57.1,4,TTTT,Yes,No,
ATGTAGTTGTTTACGATGAGT,21,1,33.3,3,TTT,Yes,Yes,TAG
CCGCCGCTTCGTGGGGCGCCT,21,1,81.0,4,GGGG,Yes,No,
TGTAGTCAGGGTGAGTTTCTT,21,1,42.9,3,GGG,Yes,No,
CTGGTGGTGAGGCGAATAAG,20,1,55.0,2,GG,NA,NA,NA
AAGCCTTATCTGAGTTATTTG,21,1,33.3,3,TTT,Yes,No,
CTGGATTTTCCGTATAGGGTG,21,1,47.6,4,TTTT,Yes,No,
TTGAGTATTTATCGTTTGGTGG,22,1,36.4,3,TTT,NA,NA,NA
AAGCATTATAATACTGTGGCG,21,1,38.1,2,AA,Yes,No,
CGAATCATCTTAAGCCGAGT,20,1,45.0,2,AA,NA,NA,NA
CTGTGTTCTCTTACTTAGATT,21,1,33.3,2,TT,Yes,Yes,TAG
AAGAGAATTACTCCGAAGCACTGCC,25,1,48.0,2,AA,NA,NA,NA
GATGATAAGGTTTCTGATAAG,21,1,33.3,3,TTT,Yes,No,
TTGTTGAAGAATACGGCTTAT,21,1,33.3,2,TT,Yes,No,
CCTAGGTTTACGTTTCAGACT,21,1,42.9,3,TTT,Yes,No,
CCGTGGGAGCTTTATTATCAAC,22,1,45.5,3,GGG,NA,NA,NA
GCTAATTTGGATACGTATGTG,21,1,38.1,3,TTT,Yes,No,
TGTATTAATAGTGATTGTAAT,21,1,19.0,2,TT,Yes,No,
CTGCTGCTGAAGGTTAGGTCT,21,1,52.4,2,AA,Yes,No,
AAGGCTGCGCGTTTGCTTTTG,21,1,52.4,4,TTTT,Yes,No,
ATGGCTATTTGGAATCATATT,21,1,28.6,3,TTT,Yes,No,
CAGACGACGATGATTAGTTG,20,1,45.0,2,TT,NA,NA,NA
TGTACGTGGCTGAATGCTTGG,21,1,52.4,2,GG,Yes,No,
AAGTATCTTGATTCGCCGTGG,21,1,47.6,2,AA,Yes,No,
AATTTGCTTTCTGCGCCTGGT,21,1,47.6,3,TTT,Yes,No,
AATTTGCATTCGCAGCAATTTA,22,1,31.8,3,TTT,NA,NA,NA
ATTAAGGGGAGGCGTTCGCGG,21,1,61.9,4,GGGG,Yes,No,
GGTGTGTTTTGGAATCGGCCT,21,1,52.4,4,TTTT,Yes,No,
ATTTTGCTTCAGTGTTATTTG,21,1,28.6,4,TTTT,Yes,No,
GCGGAGCGTAGGGATACTGAT,21,1,57.1,3,GGG,Yes,No,
CCGGGTAGTGAGTAGGTGCAG,21,1,61.9,3,GGG,Yes,Yes,TAG
GAGGTTAGTGGGTATCCGTGT,21,1,52.4,3,GGG,Yes,No,
CTGAATCTGGGGCTTAATTAT,21,1,38.1,4,GGGG,Yes,No,
TTGACGTTTCCTATTGTTCAT,21,1,33.3,3,TTT,Yes,No,
TGGCAGTATCCTTATTGTAAT,21,1,33.3,2,GG,Yes,No,
CCGATTACGTCGGCTTATACG,21,1,52.4,2,CC,Yes,No,
CTGTATAGGCCTTTGAATTGT,21,1,38.1,3,TTT,Yes,No,
CTGTATAGGCCTTTGAATTGTA,22,1,36.4,3,TTT,NA,NA,NA
CGGATTGTTGGGAGTACTGTT,21,1,47.6,3,GGG,Yes,No,
GATAAGGGTGGTATTGTTTAG,21,1,38.1,3,GGG,Yes,Yes,TAG
GGTTGTATTGAGCCTAATGAT,21,1,38.1,2,GG,Yes,No,
ATTTCGTCTAGGAGTTTTGGG,21,1,42.9,4,TTTT,Yes,No,
CCGATTCATATTCAGTGTGTG,21,1,42.9,2,CC,Yes,No,
ACTTATTAGTGTGGGTTGTCG,21,1,42.9,3,GGG,Yes,Yes,TAG
ACGCCTGATCATGTTTTGCCT,21,1,47.6,4,TTTT,Yes,No,
AATCGTTGTGATCAGTAGATG,21,1,38.1,2,AA,Yes,Yes,TAG
CAGCAGAAGTTTTAGCATAAT,21,1,33.3,4,TTTT,Yes,Yes,TAG
CGTCGTCATTGGTGTGATTCT,21,1,47.6,2,TT,Yes,No,
CCTTGGAATTGTCTTTATACG,21,1,38.1,3,TTT,Yes,No,
CATATGGCTAGGTAGAATTCT,21,1,38.1,2,GG,Yes,Yes,TAG
TAGGTGCTGGCTATTTAGTGG,21,1,47.6,3,TTT,Yes,Yes,"TAG,TAG"
CTTGCGGTGGATAGTTCTTTT,21,1,42.9,4,TTTT,Yes,No,
CCGAGGCGTGCTCGGATTACG,21,1,66.7,2,CC,Yes,No,
TTTAATTGTTATTATTCTACG,21,1,19.0,3,TTT,Yes,No,
TTTGTGGTTCGTCTGGAGACG,21,1,52.4,3,TTT,Yes,No,
AATCCTCTTGTGACGGCTTAT,21,1,42.9,2,AA,Yes,No,
CAGAGTAGGCTTAGTCTGGAG,21,1,52.4,2,GG,Yes,No,
CATTCGTATAATTCTATGCTG,21,1,33.3,2,TT,Yes,No,
TTGTTGCTTTGGAATAATCAT,21,1,28.6,3,TTT,Yes,No,
GTTTCTGATACTCATCGTGGT,21,1,42.9,3,TTT,Yes,No,
TAGTATATTTCTCTGAGTCCT,21,1,33.3,3,TTT,Yes,Yes,TAG
CTTACGACTTATGGTCATTAT,21,1,33.3,2,TT,Yes,No,
AATAATACTTGGTAGGCTCCG,21,1,42.9,2,AA,Yes,Yes,TAG
AATTCTGTGGAGTCTTATCTT,21,1,33.3,2,AA,Yes,No,
AGGAATACTATGCGTATTCAT,21,1,33.3,2,GG,Yes,No,
TCGATGTTGGCTGCTGATGGT,21,1,52.4,2,TT,Yes,No,
AATGTTCAGGAGCATATGGGT,21,1,42.9,3,GGG,Yes,No,
AGGGATTAGATGTATACGCGG,21,1,47.6,3,GGG,Yes,Yes,TAG
TGGTCTGGGGATGTGAATTGT,21,1,47.6,4,GGGG,Yes,No,
TGTATGACTAAGGAGAAGGTT,21,1,38.1,2,AA,Yes,No,
GGTATGTGTTAGAATTCTATT,21,1,28.6,2,GG,Yes,Yes,TAG
GTTGTTAGTTATACTCAGCTT,21,1,33.3,2,TT,Yes,No,
ACGATTAAGTAGAGGACTTGT,21,1,38.1,2,TT,Yes,Yes,TAG
TTGGATTGTATTAAGACGTTG,21,1,33.3,2,TT,Yes,No,
CATTATACTTGTAATAGGTAT,21,1,23.8,2,TT,Yes,No,
CGGACGTAGGTTTTTGATGAT,21,1,42.9,5,TTTTT,Yes,Yes,TAG
TCTCCGTAGTCTCGGGTGTTG,21,1,57.1,3,GGG,Yes,Yes,TAG
AATTAGAATCAGAGGAATTAT,21,1,23.8,2,AA,Yes,Yes,TAG
GTTTTTGCTACTGAGTGTTTT,21,1,33.3,5,TTTTT,Yes,No,
CATACGGGGATTTGTCATAAG,21,1,42.9,4,GGGG,Yes,No,
ATTTCTAGTAGTACGTTGTTT,21,1,28.6,3,TTT,Yes,No,
TGTCATGAGACGTTGATGCGT,21,1,47.6,2,TT,Yes,No,
AATTGGTATTATCCGGCGAGG,21,1,47.6,2,AA,Yes,No,
CATCAGAAGATTCAGAGTTCT,21,1,38.1,2,AA,Yes,No,
GATGGTGCGAAGGATCCGTAG,21,1,57.1,2,GG,Yes,Yes,TAG
AATTCTCTTCTGTGGTTGTAT,21,1,33.3,2,AA,Yes,No,
TCTCAGACGCCTGTTCGTAAG,21,1,52.4,2,CC,Yes,No,
TTGTGTACTCTTATTACGAAT,21,1,28.6,2,TT,Yes,No,
CTGAGTCAGCCTCAGCATATT,21,1,47.6,2,CC,Yes,No,
TTTATGAGTAATGTTGTTCCT,21,1,28.6,3,TTT,Yes,No,
CTTTTTGGGGCTAGTGAGAAG,21,1,47.6,5,TTTTT,Yes,No,
ATTAATCATCCTGGGGTTGCT,21,1,42.9,4,GGGG,Yes,No,
AGATAAGTTGATGCTGGTTTTG,22,1,36.4,4,TTTT,NA,NA,NA
CTGAATAGGAATAAGCTGGAT,21,1,38.1,2,AA,Yes,No,
AATTGGATCGCTTGTTGGAAG,21,1,42.9,2,AA,No,No,
GTTTAGTATGATATTTATTAT,21,1,14.3,3,TTT,Yes,Yes,TAG
ATTAAGACTGTTAGGAATCCG,21,1,38.1,2,TT,Yes,No,
TCTAAGGTGCATCCGTTTGCT,21,1,47.6,3,TTT,Yes,No,
AGTTTGGTTATTCTGACTTTT,21,1,28.6,4,TTTT,Yes,No,
ACTTGGTTGTGGACGCATAGA,21,1,47.6,2,TT,No,No,
CTTGTGCTGATTGGTGGATT,20,1,45.0,2,TT,NA,NA,NA
GCTTGTGCTGATTGGTGGATT,21,1,47.6,2,TT,Yes,No,
GATATTGGTATTCTGCATAGT,21,1,33.3,2,TT,Yes,No,
CAGAATGTGCGGGATGTGTTT,21,1,47.6,3,GGG,Yes,No,
ATTGTGATGATTAATGAGACT,21,1,28.6,2,TT,Yes,No,
ATGCTGAATTGTACTCGTAAT,21,1,33.3,2,AA,Yes,No,
TCTTTTATGCGGACGCAGACG,21,1,52.4,4,TTTT,Yes,No,
CTTGATCCGCATACGCCGAGT,21,1,57.1,2,TT,Yes,No,
TCGAATCAGAATACGCGGCGG,21,1,57.1,2,AA,Yes,No,
ACGCAGAAGTGGGCGTTTCCT,21,1,57.1,3,GGG,Yes,No,
ACTGCGGTGACGGGTCTTTAT,21,1,52.4,3,GGG,Yes,No,
GGGGTGGGGTGTATGTATTCT,21,1,52.4,4,GGGG,Yes,No,
CAGACTTATAAGTATATGTAG,21,1,28.6,2,TT,Yes,Yes,TAG
TTGGTTGCTAGGGAGACGTTG,21,1,52.4,3,GGG,Yes,No,
ACGTGTTAGCCTGCGGTGGGG,21,1,66.7,4,GGGG,Yes,Yes,TAG
AGGAGTATTTGTTTTTATTCT,21,1,23.8,5,TTTTT,Yes,No,
TAGTAGGAGTGGGATACGGCG,21,1,57.1,3,GGG,Yes,Yes,"TAG,TAG"
ATTAATGCGACTTCTATTAGT,21,1,28.6,2,TT,Yes,No,
TTGTTGTGTGCGTGTAATGCT,21,1,42.9,2,TT,Yes,No,
ACGCGTCGTCGGCGGGATTAG,21,1,66.7,3,GGG,Yes,Yes,TAG
CAGAGTATTCTGAAGTGTAAT,21,1,33.3,2,TT,Yes,No,
CCGCTTTCTGGGTTGCTTCAG,21,1,57.1,3,TTT,Yes,No,
ATGGCTTCTATGTCGAAGCAT,21,1,42.9,2,GG,Yes,No,
AATTGGCCTAATGTTAAGTTG,21,1,33.3,2,AA,Yes,No,
TTTACTTATCTTTATAATAAT,21,1,9.5,3,TTT,Yes,No,
TGTCCTGCTATGGGTTCGAAG,21,1,52.4,3,GGG,Yes,No,
GTTCCTGCTGGTACGCGGGAG,21,1,66.7,3,GGG,Yes,No,
CCTATTACTGATCGTACTTTT,21,1,33.3,4,TTTT,Yes,No,
ATGTCTACGACTAAGATTAAG,21,1,33.3,2,AA,Yes,No,
CAGTCTAATTTTCATGAGTTT,21,1,28.6,4,TTTT,Yes,No,
TTGTGTCATTCTCATAATTAT,21,1,23.8,2,TT,Yes,No,
CGTGATCCTTGTTTGAGTCTG,21,1,47.6,3,TTT,Yes,No,
CTTACGTATACTGTGACGTGT,21,1,42.9,2,TT,Yes,No,
CTGTCGAGTCTTCATAGGATT,21,1,42.9,2,TT,Yes,No,
ATTCGTTTTTAGGCGGGTCCT,21,1,47.6,5,TTTTT,Yes,Yes,TAG
CGTAAGTCTCATCAGTATTGT,21,1,38.1,2,AA,Yes,No,
GGTGTTTCTGATGAGGGGTAT,21,1,47.6,4,GGGG,Yes,No,
ACGGAGTCGAAGGTTCGTGGAG,22,1,59.1,2,GG,NA,NA,NA
CTGTATACTAAGAATAGGAAG,21,1,33.3,2,AA,Yes,No,
GTGACTTCGCATCGTAATGAG,21,1,47.6,2,TT,Yes,No,
CATAATTCTGTGACTAGTGCT,21,1,38.1,2,AA,Yes,No,
ATGTTTGTTAATAAGAGGCTT,21,1,28.6,3,TTT,Yes,No,
GTGCAGTCGTGTACGTCTGAG,21,1,57.1,1,G,Yes,No,
AGGACGGTGCATACTTATGGT,21,1,47.6,2,GG,Yes,No,
GTAATGAGTCTATGAATATT,20,1,25.0,2,AA,NA,NA,NA
CCTTCTACGACTTGGATGAAT,21,1,42.9,2,CC,Yes,No,
ATTCGTCTTTATACGCCTACT,21,1,38.1,3,TTT,Yes,No,
ACTATGTATAGGACTGTGACT,21,1,38.1,2,GG,Yes,No,
CAGTTTGCGTATATGTCTCTT,21,1,38.1,3,TTT,Yes,No,
GTGTGGCATAGTACGATGCTT,21,1,47.6,2,GG,Yes,No,
CGGTATGAGGCTATTATGACT,21,1,42.9,2,GG,Yes,No,
AAGCTTCAGCCTGATAAGATT,21,1,38.1,2,AA,Yes,No,
GCGTTTATTTTTAATCATTCT,21,1,23.8,5,TTTTT,Yes,No,
ATGTTTGTGATTATGGTATGAG,22,1,31.8,3,TTT,NA,NA,NA
TCGTATTGTTTTGCGGTTCAT,21,1,38.1,4,TTTT,Yes,No,
ATTGGTCAGAATTCTAATTCT,21,1,28.6,2,TT,Yes,No,
AATCCGCATAAGTCGGTTTAT,21,1,38.1,3,TTT,Yes,No,
AGGTGTCCTGCTGGGATGCGT,21,1,61.9,3,GGG,Yes,No,
GGGTATAATTGTCGTGCGTTG,21,1,47.6,3,GGG,Yes,No,
ATGCGTACGATTTTTACTTAT,21,1,28.6,5,TTTTT,Yes,No,
GCGGCGGTGGAGTCGTATTAT,21,1,57.1,2,GG,Yes,No,
CCTTCTAGGGTTCTTAATTTG,21,1,38.1,3,GGG,Yes,No,
CCGTGTTGGACTGAGTTTCAG,21,1,52.4,3,TTT,Yes,No,
CAGTATCAGTCGAGGCTTCGG,21,1,57.1,2,GG,Yes,No,
CCTTTTTCGGTTAGTCAGAAG,21,1,42.9,5,TTTTT,Yes,No,
CGTATGCGTGGGGAGGTTCTT,21,1,57.1,4,GGGG,Yes,No,
TGTAATGTTAAGCTGTCTGTT,21,1,33.3,2,AA,Yes,No,
TGGCCGTTGGTTCGCTTATG,20,1,55.0,2,GG,NA,NA,NA
AATCTTGGTGATGATAATTAT,21,1,23.8,2,AA,Yes,No,
GATAATACTTTTGCTTATCGT,21,1,28.6,4,TTTT,Yes,No,
ACGCTTGTTAATAATAATTTG,21,1,23.8,3,TTT,Yes,No,
TAGAATTCGACTCATTATTAG,21,1,28.6,2,AA,Yes,Yes,"TAG,TAG"
ATTAGGGCGTTTGCTTGTTTG,21,1,42.9,3,GGG,Yes,No,
CTTATTTCTGATTTGAAGCCG,21,1,38.1,3,TTT,Yes,No,
GTTACTTATTCTTATATTTAT,21,1,14.3,3,TTT,Yes,No,
ATTTAGATTGAGAAGGGTAGG,21,1,38.1,3,TTT,Yes,Yes,TAG
GGTTCTTGGTATACTTCTGAG,21,1,42.9,2,GG,Yes,No,
GCGCTGGTGCCGCGTACGGTG,21,1,76.2,2,GG,Yes,No,
TCTATGATTGATCATTGTACG,21,1,33.3,2,TT,Yes,No,
GGTAGTAAGCGGATTTATGAG,21,1,42.9,3,TTT,Yes,No,
CGGACGCATGTGTGTTATTAG,21,1,47.6,2,GG,Yes,Yes,TAG
ATTTATTATGTTGTTTGAGGCC,22,1,31.8,3,TTT,NA,NA,NA
CGTGAGTTGAGGAGTGGGTGT,21,1,57.1,3,GGG,Yes,No,
CATTTTGCTAGGAATTCTACG,21,1,38.1,4,TTTT,Yes,No,
TTTGATACTGGCATTCATCTCTGGA,25,1,40.0,3,TTT,NA,NA,NA
TCGAATGAGGAAGTATTTTCG,21,1,38.1,4,TTTT,No,No,
TATAGGTCGCTTAGGTTGCCG,21,1,52.4,2,GG,Yes,No,
GCGGCTACTCCTCTTGTTTAT,21,1,47.6,3,TTT,Yes,No,
GTGAATCATCATACTCCGGTG,21,1,47.6,2,AA,Yes,No,
AGGACTCCGTGGTTTACTCAT,21,1,47.6,3,TTT,Yes,No,
CAGTAGACTACGACGATGTTG,21,1,47.6,2,TT,Yes,Yes,TAG
GCGTAGTTGAATGTTTAGGAG,21,1,42.9,3,TTT,Yes,Yes,"TAG,TAG"
GCTGTTATGATTGTGTCTAGT,21,1,38.1,2,TT,Yes,No,
CTGTCTCGGATGTATTTGATG,21,1,42.9,3,TTT,Yes,No,
CTTAAGCGTTGGTTTGAGCAT,21,1,42.9,3,TTT,Yes,No,
CCGGAGATGCGGCATGCGCTT,21,1,66.7,2,CC,Yes,No,
CATTATGTGTAGCTTCCGCCG,21,1,52.4,2,TT,Yes,Yes,TAG
TCGTATAATATTAATACTCCT,21,1,23.8,2,AA,Yes,No,
TTGGCGTAGTGTCTGATTCCG,21,1,52.4,2,TT,Yes,Yes,TAG
TCGTTGCCTGCTACTTCGCTG,21,1,57.1,2,TT,Yes,No,
TCGTAGGGGACTTATGATATT,21,1,38.1,4,GGGG,Yes,Yes,TAG
CGTATTAAGATTAATAGGCTT,21,1,28.6,2,TT,Yes,No,
CGTGTGTATGTTAATATTTGT,21,1,28.6,3,TTT,Yes,No,
ACTAGTTCTTAGCGTTATATT,21,1,28.6,2,TT,Yes,Yes,TAG
CCTAAGTCTAGGAAGTAGAAG,21,1,42.9,2,CC,Yes,Yes,TAG
CTTTTTTCTAGCGGGATGTTTTG,23,1,39.1,6,TTTTTT,NA,NA,NA
TATTTGGATATTTTGAAGGCG,21,1,33.3,4,TTTT,Yes,No,
TGTCATTTGGATTGTTTGGGT,21,1,38.1,3,TTT,Yes,No,
GGGTTGTGTCCTCATATGACT,21,1,47.6,3,GGG,Yes,No,
TATAGTGAGAGGTTGTATAGA,21,1,33.3,2,GG,No,No,
TAGTAGGATCGGTTAATTTG,20,1,35.0,3,TTT,NA,NA,NA
AGGTAGGATCATTTTCATCGT,21,1,38.1,4,TTTT,Yes,Yes,TAG
CTTTGGCGGACTGAGCTTGGG,21,1,61.9,3,TTT,Yes,No,
CTTTGGAGTGCTACTTATTAG,21,1,38.1,3,TTT,Yes,Yes,TAG
TATAATCTGTTGTATATGAAG,21,1,23.8,2,AA,Yes,No,
CATATTAATACTGCCTTATGCG,22,1,36.4,2,TT,NA,NA,NA
CGGTTGCGTTTGTGGTGGCGG,21,1,66.7,3,TTT,Yes,No,
CTTACGACTAGTTGGTGGATT,21,1,42.9,2,TT,Yes,No,
GATGCGTTTATTATTTGGTCT,21,1,33.3,3,TTT,Yes,No,
CTTCCGGGGCGTCAGAAGTAG,21,1,61.9,4,GGGG,Yes,Yes,TAG
ACTATGTATAATAAGTGTCCT,21,1,28.6,2,AA,Yes,No,
TATTTTAATACTATTATTAG,20,1,10.0,4,TTTT,NA,NA,NA
AGGAGTCTTATTGGTACGTAG,21,1,42.9,2,GG,Yes,Yes,TAG
GATAATTTTTATAGGTTTTGG,21,1,23.8,5,TTTTT,Yes,No,
GCTGTGATTTGTGCTTTGACTA,22,1,40.9,3,TTT,NA,NA,NA
AAGACTCGGATGCATCATTTG,21,1,42.9,3,TTT,Yes,No,
TAGCCTCCGGTTTTTGATAGT,21,1,42.9,5,TTTTT,Yes,Yes,TAG
TTTCCGCGTATGACTAGGTAG,21,1,47.6,3,TTT,Yes,Yes,TAG
CTTAGGATGCATTCTAAGTCG,21,1,42.9,2,TT,Yes,No,
ACTCCGCTGAGGTCTAAGTAT,21,1,47.6,2,CC,Yes,No,
TCTGAGAATACTAATTATACT,21,1,23.8,2,AA,Yes,No,
CCGACTGTGTAGTTGCGTTTG,21,1,52.4,3,TTT,Yes,Yes,TAG
TAGAAGTAGTGGGATAAGTGG,21,1,42.9,3,GGG,Yes,Yes,"TAG,TAG"
TGGGGTCTGTGTCCGTGGTTT,21,1,57.1,4,GGGG,Yes,No,
CCTGATTAGCATAATGCGTCG,21,1,47.6,2,CC,Yes,Yes,TAG
ACTAGGAGGCTCGGCGCAGTTT,22,1,59.1,3,TTT,NA,NA,NA
CTTTCTAAGATTAATTGTCAG,21,1,28.6,3,TTT,Yes,No,
TTTCTGATTTTGGTTTTTAGT,21,1,23.8,5,TTTTT,Yes,No,
GCGGCTACTCATATTAGTTTT,21,1,38.1,4,TTTT,Yes,No,
GTGCATTTGGATGAGAAG,18,1,44.4,3,TTT,NA,NA,NA
TGGACTCATACTCATATGAAG,21,1,38.1,2,GG,Yes,No,
TGGACTCATATCTATATGAAG,21,1,33.3,2,GG,No,No,
AGTAAGGATTCTGCTGGTGGT,21,1,47.6,2,AA,Yes,No,
TTTCAGTAGGATTGGACTTCG,21,1,42.9,3,TTT,Yes,Yes,TAG
ATTGGGGTCGTATTTGTGGT,20,1,45.0,4,GGGG,NA,NA,NA
GATTTTTGGACGATTCGTTTG,21,1,38.1,5,TTTTT,Yes,No,
TCGATTCTTCCTGTTAATCCT,21,1,38.1,2,TT,Yes,No,
AAGGCTGCTCTTTCTGAGGCG,21,1,57.1,3,TTT,Yes,No,
AAGTTTTCTCATTAGACTACG,21,1,33.3,4,TTTT,Yes,Yes,TAG
TTTTCGTAGACTTGTCAGTGT,21,1,38.1,4,TTTT,Yes,Yes,TAG
TTTCATACGATTCACGATATT,21,1,28.6,3,TTT,No,No,
ACTTTTAAGGTTTGTCAGTTT,21,1,28.6,4,TTTT,Yes,No,
CAGGGTAGGAATACTCATCAG,21,1,47.6,3,GGG,Yes,No,
GTTGTGAATTATGAGGTGGCT,21,1,42.9,2,TT,Yes,No,
AATGGTTTAACAATGTT,17,1,23.5,3,TTT,NA,NA,NA
ACGGTTGAGATTGGGCTGAAT,21,1,47.6,3,GGG,Yes,No,
AAGAAGGCGCAGTGGTTTCCT,21,1,52.4,3,TTT,Yes,No,
ACGCATGTTTTTCAGCTGTGT,21,1,42.9,5,TTTTT,Yes,No,
AGTTATAATTTTTCGTCTTT,20,1,20.0,5,TTTTT,NA,NA,NA
GGTTGGCGTTTTAGCTTAGTTGT,23,1,43.5,4,TTTT,NA,NA,NA
CATCGTTCGTATTAGACTCCG,21,1,47.6,2,TT,Yes,Yes,TAG
AATTATAAGCCGAATGATGGT,21,1,33.3,2,AA,Yes,No,
ACGGCGCCTCCGTCTGGTTCG,21,1,71.4,2,GG,Yes,No,
CCGGTTGATTATCAGAAGCCG,21,1,52.4,2,CC,Yes,No,
TTTTGTGTTTGGTATCTGGTT,21,1,33.3,4,TTTT,Yes,No,
CCTTCGAAGTTGTAGCCGTGG,21,1,57.1,2,CC,Yes,Yes,TAG
GGTTGGAATGTTACTCCTATG,21,1,42.9,2,GG,Yes,No,
AATCTTTCTTATACTGCGCAG,21,1,38.1,3,TTT,Yes,No,
TGGCGGTTTGCGCGTTATTCG,21,1,57.1,3,TTT,Yes,No,
ATTGTTACGTCGGGTACTCG,20,1,50.0,3,GGG,NA,NA,NA
CATACTACGCAGATTACTGCT,21,1,42.9,2,TT,Yes,No,
TATCTGTGTGGGGGGGTTACT,21,1,52.4,7,GGGGGGG,Yes,No,
TTTGTTTAGGTTATTGCGTTT,21,1,28.6,3,TTT,Yes,Yes,TAG
AATAATTAGCTTACTTAGCTG,21,1,28.6,2,AA,Yes,Yes,"TAG,TAG"
TGGTGTGCTTATTCTTCTTATA,22,1,31.8,2,GG,NA,NA,NA
TCGACTCCTAGTTATGTTGTG,21,1,42.9,2,CC,Yes,No,
TGTACGACTAAGGGGCTGCGT,21,1,57.1,4,GGGG,Yes,No,
TGGAAGACGTCTAGGGTTCAT,21,1,47.6,3,GGG,Yes,No,
CTTAAGGGGAGTCCGCATTCG,21,1,57.1,4,GGGG,Yes,No,
ATTTGGGTGATTTGTCCGCTG,21,1,47.6,3,TTT,Yes,No,
ACGTCTGTGCATATGACGTAT,21,1,42.9,1,A,Yes,No,
CATCCTTGTCGGAATGCGCCG,21,1,61.9,2,CC,Yes,No,
AAGTAGTCTTAGTCTACTAGG,21,1,38.1,2,AA,Yes,Yes,"TAG,TAG"
ATGAAGCGGGATGTGATGGGT,21,1,52.4,3,GGG,Yes,No,
GTTTCTAATTATGATAAGGGT,21,1,28.6,3,TTT,Yes,No,
AAGTAGTGTAAGGTTCCTGCT,21,1,42.9,2,AA,Yes,Yes,TAG
CAGATTATGATTTCTAATAGAG,22,1,27.3,3,TTT,NA,NA,NA
CAGATGTAGAGGTCGAAGCAG,21,1,52.4,2,GG,Yes,Yes,TAG
CATTAGCTTACGTCGAAGATTGGGCC,26,1,50.0,3,GGG,NA,NA,NA
GATTATATTGATACTATTAAT,21,1,14.3,2,TT,Yes,No,
GTTTTTACTTAGCGTATTACG,21,1,33.3,5,TTTTT,Yes,Yes,TAG
TCGTCGCATACGCTTGTTGAT,21,1,47.6,2,TT,Yes,No,
ACTGTTAATGCGATGTCGAAG,21,1,42.9,2,TT,Yes,No,
ATTATTAGTCTTCATGTG,18,1,27.8,2,TT,NA,NA,NA
AGTTGGTCGCAGTATTCTTCT,21,1,42.9,2,TT,Yes,No,
CGGAGAATAGTGAGAATAAG,20,1,40.0,2,GG,NA,NA,NA
CCTTGGTCTGAGGCATAGG,19,1,57.9,2,CC,NA,NA,NA
TCGCATTCGCCGTTTTATAGG,21,1,47.6,4,TTTT,Yes,No,
GATAATATGCTGAATACGTT,20,1,30.0,2,AA,NA,NA,NA
CATCATACTGTGCTGTCTGCG,21,1,52.4,1,C,Yes,No,
CGGTGTTGGTCGTTGCCGCTT,21,1,61.9,2,GG,Yes,No,
GTGGTAAGCTTAT,13,1,38.5,2,GG,NA,NA,NA
TCTACGAATGATATTTATTGG,21,1,28.6,3,TTT,Yes,No,
CTTTTTGTTGTTCATGCTCCA,21,1,38.1,5,TTTTT,No,No,
TTGTGTCCTACTATTGCGGCG,21,1,52.4,2,TT,Yes,No,
TTTATGTAGATGTTTCCGATT,21,1,28.6,3,TTT,Yes,Yes,TAG
TTTTCTCATGGTCATTATTGT,21,1,28.6,4,TTTT,Yes,No,
GATCTTGATCCTTATATGTGG,21,1,38.1,2,TT,Yes,No,
TCTTCTATTTTTGTTAAGTAT,21,1,19.0,5,TTTTT,Yes,No,
CATTGTTAGTATTTTCATGCG,21,1,33.3,4,TTTT,Yes,Yes,TAG
TGTGGGTTTAAGCAGCTTTAT,21,1,38.1,3,GGG,Yes,No,
AATTGTTCGGTGAGGGAGCGT,21,1,52.4,3,GGG,Yes,No,
GATCAGTCTATGTTGTTGTAG,21,1,38.1,2,TT,Yes,Yes,TAG
CCTAATTTTCAGTAGATGGAT,21,1,33.3,4,TTTT,Yes,Yes,TAG
TCGTAGACTGATAGTGATTGT,21,1,38.1,2,TT,Yes,Yes,TAG
CCTTGGGCTTATCTTGATCTT,21,1,42.9,3,GGG,Yes,No,
CTGTAGTAGAATTAGTAGATT,21,1,28.6,2,AA,Yes,Yes,"TAG,TAG,TAG,TAG"
CTTTAGTTTTTTAAGGTGTCG,21,1,33.3,6,TTTTTT,Yes,Yes,TAG
AATGATAATGGTCAGTTT,18,1,27.8,3,TTT,NA,NA,NA
AATACTTAGCTTACTACTAAG,21,1,28.6,2,AA,Yes,Yes,TAG
TCTCGTAATCCTTCGTATGTG,21,1,42.9,2,AA,Yes,No,
ATAAGCACACTAGGATATT,19,1,31.6,2,AA,NA,NA,NA
ATGGCGCCGGCTCAGGCATT,20,1,65.0,2,GG,NA,NA,NA
GGGGGTTTGTTGACGCGGGTT,21,1,61.9,5,GGGGG,Yes,No,
CGTAATTCGTTGACGAGGAAG,21,1,47.6,2,AA,Yes,No,
CGTTATTTGGGGTCGAGGAAT,21,1,47.6,4,GGGG,Yes,No,
ACTTGAGCCTCTGGGGGAGATG,22,1,59.1,5,GGGGG,NA,NA,NA
GTGAAGGGTGGTTTTGGTAGG,21,1,52.4,4,TTTT,Yes,No,
GTTTCGGAGACTCTTACGAAT,21,1,42.9,3,TTT,Yes,No,
CCGTCGAAGAATAGTAGGGAT,21,1,47.6,3,GGG,Yes,No,
ATGGCTCCTTGTAGTAGTTAG,21,1,42.9,2,GG,Yes,Yes,TAG
ATTTGTAGTACTAGTAGTACG,21,1,33.3,3,TTT,Yes,No,
CATACGGATACGTATTGGATG,21,1,42.9,2,GG,Yes,No,
TAGCATTTATCTTTAGATGCAT,22,1,27.3,3,TTT,NA,NA,NA
TGTGTGGATTATTATATGCAT,21,1,28.6,2,GG,Yes,No,
CGGCCGAAGTTTATTTTTAGG,21,1,42.9,5,TTTTT,Yes,No,
CCTGATGGTGTGCCGGTTTCT,21,1,57.1,3,TTT,Yes,No,
GGGTGGTTTCGTTGTAATCCG,21,1,52.4,3,GGG,Yes,No,
ATTAAGGTTTCTAGGCTTAAT,21,1,28.6,3,TTT,Yes,No,
TGGACTGCGTTGTTTCCTCCG,21,1,57.1,3,TTT,Yes,No,
TCTGGGTGTACTAAGGTGCTT,21,1,47.6,3,GGG,Yes,No,
TTTTTGCATAAGAAGCTTACG,21,1,33.3,5,TTTTT,Yes,No,
CGGGATTCGTTCTGGATCTG,20,1,55.0,3,GGG,NA,NA,NA
CGGGGTATTCGTATGGATCTG,21,1,52.4,4,GGGG,Yes,No,
AAGAATCATTTTCGTCAGAAG,21,1,33.3,4,TTTT,Yes,No,
TGGTTTCCGATGACGTAGCCT,21,1,52.4,3,TTT,Yes,Yes,TAG
AAGGTGTATCGGACGTGTGAT,21,1,47.6,2,AA,Yes,No,
AGGTGTATCGGACGTGTGAT,20,1,50.0,2,GG,NA,NA,NA
GTTAATGAGACGTGGTGTAAT,21,1,38.1,2,TT,Yes,No,
TGTACGAGTGTGGTTACGTAT,21,1,42.9,2,GG,Yes,No,
GTGGAGTAGTCTTTGATTTTG,21,1,38.1,4,TTTT,Yes,Yes,TAG
GGTATCTTTGCCGCAGCATTCT,22,1,50.0,3,TTT,NA,NA,NA
CGTAATCAGCATATTATTAG,20,1,30.0,2,AA,NA,NA,NA
GTTTTTGCCGATTTATGTG,19,1,36.8,5,TTTTT,NA,NA,NA
TAGAATACTAATTCTGAGTTT,21,1,23.8,3,TTT,Yes,Yes,TAG
ACTATGCAGCCGCTTCATATG,21,1,47.6,2,CC,Yes,No,
AAGGTTTAGTTTAGTCATCGG,21,1,38.1,3,TTT,Yes,Yes,TAG
TGGACTCCGAATGTGAAGTTG,21,1,47.6,2,GG,Yes,No,
CAGGGTTAGAAGGCTATGGCG,21,1,57.1,3,GGG,Yes,Yes,TAG
GCGCTGAATGTGGAGGTTAAG,21,1,52.4,2,AA,Yes,No,
CTTTAGAATAGGTAGTATAAT,21,1,23.8,3,TTT,Yes,Yes,"TAG,TAG"
GCTCTGTGTTAGAAGTAGCGT,21,1,47.6,2,TT,Yes,Yes,"TAG,TAG"
TATGGTGATTATGCGACGATT,21,1,38.1,2,GG,Yes,No,
TCTAGGAGTGCGGTGCCTTCT,21,1,57.1,2,GG,Yes,No,
TGTAGTGATTTGATGCGTGAT,21,1,38.1,3,TTT,Yes,No,
AGGATGTATTTTATGCCTCTT,21,1,33.3,4,TTTT,Yes,No,
GCTGGTATTAATTTGACTATG,21,1,33.3,3,TTT,Yes,No,
GAGTATCATAATGCTGATAGT,21,1,33.3,2,AA,Yes,No,
TCGTAGATTACGGTGTGTAG,20,1,45.0,2,TT,NA,NA,NA
CAGGAGTCTCCGCTTAAGCAT,21,1,52.4,2,GG,Yes,No,
CATCTTCGTGTGCAGACTAGT,21,1,47.6,2,TT,Yes,No,
GCTTATACGAAGTGGGATATT,21,1,38.1,3,GGG,Yes,No,
CTGCAGTATCAGCGTGCTGAG,21,1,57.1,1,C,Yes,No,
ATGAGGGGGTGGCAGACTGGT,21,1,61.9,5,GGGGG,Yes,No,
TTTGAGTATGATTATCTTTAG,21,1,23.8,3,TTT,Yes,Yes,TAG
AATATTTGGAGGCTGTCTGAT,21,1,38.1,3,TTT,Yes,No,
CCTGAGACGAATTATTATTTG,21,1,33.3,3,TTT,Yes,No,
TCTGAGGAGGAGCATCGTAAG,21,1,52.4,2,GG,Yes,No,
CAGAATATTGCTATGATGAAT,21,1,28.6,2,AA,Yes,No,
GTTCTGTAGGATAAGTCTATT,21,1,33.3,2,TT,Yes,Yes,TAG
TTTAATCGTCATAAGTAGGAG,21,1,33.3,3,TTT,Yes,Yes,TAG
TTGCTTTGTTTGATTTAGATT,21,1,23.8,3,TTT,Yes,Yes,TAG
CCTTTTTATAGTTGTTTGAGG,21,1,33.3,5,TTTTT,Yes,No,
GGTCTTCAGGAGTGGTCTCCT,21,1,57.1,2,GG,Yes,No,
TGTAGGCTGTGGTGTCGTCGT,21,1,57.1,2,GG,Yes,No,
TCGTGTAATACGCTGTTGCTG,21,1,47.6,2,AA,Yes,No,
CATGTTGATACGGAGCTGAAG,21,1,47.6,2,TT,Yes,No,
GCTAAGCATAATCTTAATATG,21,1,28.6,2,AA,Yes,No,
ACTTGTAAGTAGAGGTTGTTG,21,1,38.1,2,TT,Yes,Yes,TAG
GTTTGGATGCGTGATAGTCTT,21,1,42.9,3,TTT,Yes,No,
TTGAATACGCATATGATTTTT,21,1,23.8,5,TTTTT,Yes,No,
CGGTCTACGCCGTCTATGCCG,21,1,66.7,2,GG,Yes,No,
CAGGTTACTAAGCCTCAGAGT,21,1,47.6,2,GG,Yes,No,
CTTATGCGGTGGGTGATGCCT,21,1,57.1,3,GGG,Yes,No,
AATTTTTGTGTTATGACGGCG,21,1,38.1,5,TTTTT,Yes,No,
ATGTTGTGGTATTGTTTTAGG,21,1,33.3,4,TTTT,Yes,No,
GAGGCGATTATTGGTTCGTGT,21,1,47.6,2,GG,Yes,No,
TATGGGATTCTTCAGGCTGTG,21,1,47.6,3,GGG,Yes,No,
CGTAGGTATTCGGCGCTTTGT,21,1,52.4,3,TTT,Yes,No,
CTTTTTGAGTATGAGATGTAT,21,1,28.6,5,TTTTT,Yes,No,
ATGGATAGGCGTATTCATTCT,21,1,38.1,2,GG,Yes,No,
CGTCATACGACTCCTATTCCT,21,1,47.6,2,CC,Yes,No,
AATCAGGCGAGTAATCCGACT,21,1,47.6,2,AA,Yes,No,
CTTAATCGGTCTACGAAGAGT,21,1,42.9,2,TT,Yes,No,
GATACGTAGTTGACGTAGGTCT,22,1,45.5,2,TT,NA,NA,NA
CTTGCTAATAGGCTGCGTGTG,21,1,52.4,2,TT,Yes,No,
AAGACTGATTTTACTACGTAT,21,1,28.6,4,TTTT,Yes,No,
TGTAGTCCTATGCGGTGGCAG,21,1,57.1,2,CC,Yes,No,
TGTGAGTGTCATCGGCTGCAG,21,1,57.1,2,GG,Yes,No,
ATTTATACTTCGACGGGTCAG,21,1,42.9,3,TTT,Yes,No,
GTGATTATTATGACGATTTGT,21,1,28.6,3,TTT,Yes,No,
CGGTAGATTGATTTTAGTGTT,21,1,33.3,4,TTTT,Yes,Yes,TAG
GTTTCTTAGTGTCATAAGATT,21,1,28.6,3,TTT,Yes,Yes,TAG
TATATGCATCGGACGGAGAAT,21,1,42.9,2,GG,Yes,No,
TTTTAGAAGCTTTCTAATTCG,21,1,28.6,4,TTTT,Yes,Yes,TAG
TATCAGCCGAAGCATATTGAG,21,1,42.9,2,CC,Yes,No,
CCTTCGATGGGGCAGCCTGTG,21,1,66.7,4,GGGG,Yes,No,
GGGTATTCTTTTTGGTCGTAG,21,1,42.9,5,TTTTT,Yes,Yes,TAG
CCTAATTTGACGAATACTGGT,21,1,38.1,3,TTT,Yes,No,
AGTCTGTCTAAGTCTCATCCT,21,1,42.9,2,AA,Yes,No,
GTGCCGTCGCATGTTTAGGTT,21,1,52.4,3,TTT,Yes,Yes,TAG
TTGATTAATCAGGCTGTGGAG,21,1,42.9,2,TT,Yes,No,
AATTGGCCGGCTAATGCTAAG,21,1,47.6,2,AA,Yes,No,
TAGATGTTTTTGCAGCATCGG,21,1,42.9,5,TTTTT,Yes,Yes,TAG
AGTGAGTGTTGTGCGACGGGG,21,1,61.9,4,GGGG,Yes,No,
CCGGTTGGGCAGGATTATTAT,21,1,47.6,3,GGG,Yes,No,
ATGAATCGGATTATGTCGTGG,21,1,42.9,2,AA,Yes,No,
GTTACGCATACTTTTAGTCTG,21,1,38.1,4,TTTT,Yes,No,
ACGTTTAATCTGTCTCAGCGG,21,1,47.6,3,TTT,Yes,No,
TCTGCGAAGTGTAATTCTGAG,21,1,42.9,2,AA,Yes,No,
GATTTGATTACTCATCATAAG,21,1,28.6,3,TTT,Yes,No,
TTTACGACTACTCTTGTTATG,21,1,33.3,3,TTT,Yes,No,
ATTATTAGTAATTATTAGACG,21,1,19.0,2,TT,Yes,Yes,TAG
ATTTATTGGGAGGATCATAAG,21,1,33.3,3,TTT,Yes,No,
CAGCTTCTTTATAAGCATTAT,21,1,28.6,3,TTT,Yes,No,
AAGCCTTATACTCGGGATACT,21,1,42.9,3,GGG,Yes,No,
ACTGAGCCGTTTCGGCAGCTT,21,1,57.1,3,TTT,Yes,No,
GCTGGTTGGGCGCAGAATAAG,21,1,57.1,3,GGG,Yes,No,
GTTATGTCGGAGTATATTGAT,21,1,33.3,2,TT,Yes,No,
GTACGCATACTTCTGATCAT,20,1,40.0,2,TT,NA,NA,NA
AGTACGCATACTTCTGATGAT,21,1,38.1,2,TT,Yes,No,
CTTAATGCTCGGCATTTTAAG,21,1,38.1,4,TTTT,Yes,No,
CATTAGTGGCATTTGCATGTG,21,1,42.9,3,TTT,Yes,Yes,TAG
CATCAGAAGATTGATGGGGAG,21,1,47.6,4,GGGG,Yes,No,
GTGAATAGGTGGAGTACTTTG,21,1,42.9,3,TTT,Yes,No,
CAGCGTGATCGGATTGTGGCAG,22,1,59.1,2,GG,NA,NA,NA
AATGTTACTCTTTTGAATCTT,21,1,23.8,4,TTTT,Yes,No,
CCTACGAGGGATTATTTGTAT,21,1,38.1,3,GGG,Yes,No,
AGTTTTTCTACTAATACGAGT,21,1,28.6,5,TTTTT,Yes,No,
AATATGTTTCAGTTGGCTCAT,21,1,33.3,3,TTT,Yes,No,
CTTAATTATACTCAGTCTTAT,21,1,23.8,2,TT,Yes,No,
AATATTCGTAAGACTCAGGTG,21,1,38.1,2,AA,Yes,No,
GCTATTGATACTGCTATGACT,21,1,38.1,2,TT,Yes,No,
AGTCATAAGCCGCCTAATAAG,21,1,42.9,2,AA,Yes,No,
GCTCCTTTGTATGTTAAGCTT,21,1,38.1,3,TTT,Yes,No,
ACTAAGTTTATTAGTAATTAG,21,1,19.0,3,TTT,Yes,Yes,TAG
CAGATGGTGTGTAAGAGTGTT,21,1,42.9,2,GG,Yes,No,
AGGAGTTCGGCTACGTTGATG,21,1,52.4,2,GG,Yes,No,
ATTATGGAGCAGCCTATGTCT,21,1,42.9,2,TT,Yes,No,
GTGAATTAGAATCGTATGATT,21,1,28.6,2,AA,Yes,Yes,TAG
AAGGAGGCTACGAGTAAGAAT,21,1,42.9,2,AA,Yes,No,
ACTCTTTATGCTCATATGCCT,21,1,38.1,3,TTT,Yes,No,
CGTTCGTTGGATCTTGTGGTT,21,1,47.6,2,TT,Yes,No,
CATAATACTTAGGAGTATCAG,21,1,33.3,2,AA,Yes,Yes,TAG
CCGACTAATGAGCTTAAGAAT,21,1,38.1,2,CC,Yes,No,
TTTTTTATTCCTAGTTGGTTT,21,1,23.8,6,TTTTTT,Yes,No,
AATCCTAGTACTATTTTTCCT,21,1,28.6,5,TTTTT,Yes,No,
TCTCATTTTCTTGCTTCTGAT,21,1,33.3,4,TTTT,Yes,No,
AATAAGGATATGGTGTGGTCT,21,1,38.1,2,AA,Yes,No,
ACTGGTAAGGATAGTATGTGG,21,1,42.9,2,GG,Yes,No,
CCTTTGTGTCATTATTTTTTG,21,1,28.6,6,TTTTTT,Yes,No,
AATCCGGGTAGTCATGCTGTT,21,1,47.6,3,GGG,Yes,No,
CGTAATGAGTATATGGCTATG,21,1,38.1,2,AA,Yes,No,
TCGGTTTATTATGGGTATGCG,21,1,42.9,3,TTT,Yes,No,
GATCCTTTGATGAATCATAAG,21,1,33.3,3,TTT,Yes,No,
GAGCCGCTGGATCATGGTCGT,21,1,61.9,2,CC,Yes,No,
CATTCGTAGATGATGGAGTAT,21,1,38.1,2,TT,Yes,Yes,TAG
CGTCGTGGTTATTGTAG,17,1,47.1,2,GG,NA,NA,NA
ACTGCGCATCAGGTTGCTCCG,21,1,61.9,2,GG,Yes,No,
AGTCTTAGTGGTTCGTATATT,21,1,33.3,2,TT,Yes,No,
AATTTGCATAAGCAGTTTCAG,21,1,33.3,3,TTT,Yes,No,
ACGGTTTGGCATTGGAAGGGG,21,1,57.1,4,GGGG,Yes,No,
AAGTGGCATTCGCTGTATATG,21,1,42.9,2,AA,Yes,No,
AAGCTTTCGGGGCGTGATGCGT,22,1,59.1,4,GGGG,NA,NA,NA
CCTAATCGTTTGAATAGTCGT,21,1,38.1,3,TTT,Yes,No,
AATCCGACTGGTTAGCTTCAT,21,1,42.9,2,AA,Yes,Yes,TAG
AAGAATATTAGGCAGACTGTT,21,1,33.3,2,AA,Yes,No,
CATATTCCTTATGATCGGCGG,21,1,47.6,2,TT,Yes,No,
CGTAATACTACGGATGCTATT,21,1,38.1,2,AA,Yes,No,
ATTAGTAATCATAAGACGATG,21,1,28.6,2,TT,Yes,No,
ACTGTTCGTCAGAGTTGGTAG,21,1,47.6,2,TT,Yes,Yes,TAG
AATTCGGAGCCTACGAGGATT,21,1,47.6,2,AA,Yes,No,
TATGATCCTGTTAGTACTATG,21,1,33.3,2,CC,Yes,No,
GATACTATGCAGTTGAAGCCG,21,1,47.6,2,TT,Yes,No,
TGTTCTGTGTTGATGTTTCGT,21,1,38.1,3,TTT,Yes,No,
AAGTATAGTAAGGGTAATTAT,21,1,23.8,3,GGG,Yes,No,
TCGACGCTTTAGCAGTGTACT,21,1,47.6,3,TTT,Yes,Yes,TAG
CAGGATTTTTGGTGGAATAAT,21,1,33.3,5,TTTTT,Yes,No,
TGTAATCTGGATATTGGGTCT,21,1,38.1,3,GGG,Yes,No,
TATCTGTGTAGGTGGCAGATG,21,1,47.6,2,GG,Yes,No,
AGTAATTATTAGCGTATGAGG,21,1,33.3,2,AA,Yes,Yes,TAG
CGTGTTGTTAGGGCGTCGATG,21,1,57.1,3,GGG,Yes,No,
GAGCGGTTGTTGCTGGTTTGCTA,23,1,52.2,3,TTT,NA,NA,NA
CATTATATTGTGCATAT,17,1,23.5,2,TT,NA,NA,NA
CATTGGCATGCTGTTTTGGTT,21,1,42.9,4,TTTT,Yes,No,
GTGCTTAGTGGACGATGGCT,20,1,55.0,2,TT,NA,NA,NA
ATGTAGCTGAGGCATCGTGGG,21,1,57.1,3,GGG,Yes,Yes,TAG
CGTCATAGGCATGTTAGGTCT,21,1,47.6,2,GG,Yes,No,
GCGGCGTGTAAGCCTACTCAT,21,1,57.1,2,GG,Yes,No,
GGTCGTATTGTGTATGCGCGG,21,1,57.1,2,GG,Yes,No,
ACGCATAATGTTAATATGTTG,21,1,28.6,2,AA,Yes,No,
CCGATTCATAAGCATCCGACG,21,1,52.4,2,CC,Yes,No,
TATACTCATCCTCCTAATGCT,21,1,38.1,2,CC,Yes,No,
CTGATTATGGCTTATCCTTCT,21,1,38.1,2,TT,Yes,No,
CTGAGGATTTTGTGGGATCGT,21,1,47.6,4,TTTT,Yes,No,
GAGAATGTGGCTGATTTGTAT,21,1,38.1,3,TTT,Yes,No,
AGTACTAATCAGTTTGATGTT,21,1,28.6,3,TTT,Yes,No,
GAGTGGGTTGTGTATTAGAAG,21,1,42.9,3,GGG,Yes,Yes,TAG
GGTCCGAATAATCTTGGTTTG,21,1,42.9,3,TTT,Yes,No,
AATACGCTTCCTAAGTTTACG,21,1,38.1,3,TTT,Yes,No,
ATGCTGCCTATGGAGTGTAAG,21,1,47.6,2,CC,Yes,No,
CGTCGGGATACGGCGTCTTGT,21,1,61.9,3,GGG,Yes,No,
CTGCTTACTGTTAGTTGTGAT,21,1,38.1,2,TT,Yes,No,
GTGTATCATCTTTTGCTTTT,20,1,30.0,4,TTTT,NA,NA,NA
ACGTCTGAGGCGGATGGTACT,21,1,57.1,2,GG,Yes,No,
GTTAAGCATCAGGTTCCTTGT,21,1,42.9,2,TT,Yes,No,
CATGATCATACTTTGGAGTGG,21,1,42.9,3,TTT,Yes,No,
AATTGGGGGGATATGTTTGTT,21,1,38.1,6,GGGGGG,Yes,No,
ACTACTGGTTCGGTTTTTTTG,21,1,38.1,7,TTTTTTT,Yes,No,
TATCAGAGGAGGATGCGGGTT,21,1,52.4,3,GGG,Yes,No,
TGTCAGTAGGAGGAATAATAGG,22,1,40.9,2,GG,NA,NA,NA
GCGCTTATTAAGAATCGGCCT,21,1,47.6,2,TT,Yes,No,
TCTCCTGTTACTGCTAATCAG,21,1,42.9,2,CC,Yes,No,
TGTAGGACGAATAATAGGGTG,21,1,42.9,3,GGG,Yes,No,
CGGAAGTTTATGTGGTAGCGG,21,1,52.4,3,TTT,Yes,Yes,TAG
GCGATTGATGGTCATGTTTGT,21,1,42.9,3,TTT,Yes,No,
AATCGTGGTACGTCGTTTACT,21,1,42.9,3,TTT,Yes,No,
CTGCGTACGTGGAGGTTTTCG,21,1,57.1,4,TTTT,Yes,No,
CATCAGTATTCTTTTTGTGGT,21,1,33.3,5,TTTTT,Yes,No,
ATTGGTTCTATGGGTAATTAT,21,1,28.6,3,GGG,Yes,No,
GCTGATCGTACTCGTGGTTTT,21,1,47.6,4,TTTT,Yes,No,
CAGTTTACTATTATTTCTTTT,21,1,19.0,4,TTTT,Yes,No,
CCGCAGTATAATCATTGGTAG,21,1,42.9,2,CC,Yes,Yes,TAG
ACTAAGGCGTATAGTGTTACG,21,1,42.9,2,AA,Yes,No,
CCGTGTTAGGAGCTTCCTTTG,21,1,52.4,3,TTT,Yes,Yes,TAG
AAGGTGGCGCGTAATAGGCCT,21,1,57.1,2,AA,Yes,No,
CGTGGTTTGTAGTTTCAGCCT,21,1,47.6,3,TTT,Yes,Yes,TAG
CCGGGTTGGAATTGGAATGAG,21,1,52.4,3,GGG,Yes,No,
ATGGATGTTTATAAGACTCGT,21,1,33.3,3,TTT,Yes,No,
CATCCTACGCGTCGTACTCCT,21,1,57.1,2,CC,Yes,No,
AATCGGTGTACTCTGAGTATT,21,1,38.1,2,AA,Yes,No,
CATTTGCGTTAGGGGGGTTCG,21,1,57.1,6,GGGGGG,Yes,Yes,TAG
GTGATGAATGCTTATTTTGCG,21,1,38.1,4,TTTT,Yes,No,
CATAGGCATATGCGTCGTATG,21,1,47.6,2,GG,Yes,No,
TCTGTTACGTTTCCGCGGGAT,21,1,52.4,3,TTT,Yes,No,
TTTTATCCGAAGACGTAGTCT,21,1,38.1,4,TTTT,Yes,Yes,TAG
TGTGCGCCTATTCTGGTTTGG,21,1,52.4,3,TTT,Yes,No,
CAGAATCCGATGCAGTCGCTT,21,1,52.4,2,AA,Yes,No,
AGTACTCAGTAGTATATTACT,21,1,28.6,2,TT,Yes,Yes,TAG
CATATTTTTAAGTATTATCGT,21,1,19.0,5,TTTTT,Yes,No,
TAGTTGATGAGTCTTTATAAG,21,1,28.6,3,TTT,Yes,Yes,TAG
CCGACTGGTTATCAGGAGCTG,21,1,57.1,2,CC,Yes,No,
AAGGCTCATAGGATTGGTATT,21,1,38.1,2,AA,Yes,No,
TCTCTTTCTTGTTTGGGGCCT,21,1,47.6,4,GGGG,Yes,No,
GCTCCTTCGTATACTATTACT,21,1,38.1,2,CC,Yes,No,
CAGTCTTAGAAGAATCGTTC,20,1,40.0,2,TT,NA,NA,NA
AATCCTAAGCATCAGGATTAG,21,1,38.1,2,AA,Yes,Yes,TAG
TTTTTTCTGGCGGGTGTGGCT,21,1,52.4,6,TTTTTT,Yes,No,
CATCGTGGGTCTCATGCTAAG,21,1,52.4,3,GGG,Yes,No,
CAGTGGTATTTTACGTAGTCG,21,1,42.9,4,TTTT,Yes,Yes,TAG
AAAGAGCCAGGCGACTCCTAACT,23,1,52.2,3,AAA,NA,NA,NA
TGTTATGGTGAGGATTATGAT,21,1,33.3,2,TT,Yes,No,
AATGCTTAGAAGAATTAGCAT,21,1,28.6,2,AA,Yes,Yes,"TAG,TAG"
CGTTAGTGTTAGGGGACTCTG,21,1,52.4,4,GGGG,Yes,Yes,"TAG,TAG"
AAGCATACTACGGGGCCTATG,21,1,52.4,4,GGGG,Yes,No,
GAGAAGATGTTTTATAAGAGT,21,1,28.6,4,TTTT,Yes,No,
CGGTATGCTGACCCTGGAAG,20,1,60.0,3,CCC,NA,NA,NA
CGGAATTGTAGATTGCGCGG,20,1,55.0,2,GG,NA,NA,NA
CATAGGGAGTTGTAGTTTGAT,21,1,38.1,3,GGG,Yes,Yes,TAG
GTTAGTCATGCGGGGATGGAG,21,1,57.1,4,GGGG,Yes,No,
AGGATGGCGGGGATTCTGGCT,21,1,61.9,4,GGGG,Yes,No,
GATTTGGCTAATATTAAGAAG,21,1,28.6,3,TTT,Yes,No,
TCGTTGTATAATATGCATACT,21,1,28.6,2,TT,Yes,No,
AAGTAGGTGTAGAATGTTTAG,21,1,33.3,3,TTT,Yes,Yes,"TAG,TAG,TAG"
ACGCGGCTGGATGAGACTAGG,21,1,61.9,2,GG,Yes,No,
GATAGTAAGAGTCTTCGTCAT,21,1,38.1,2,AA,Yes,No,
GTTAGGCATAAGATTAATTAG,21,1,28.6,2,TT,Yes,Yes,TAG
TTGAAGAATAAGCTGAGGTTT,21,1,33.3,3,TTT,Yes,No,
TATTTTTGTTGACGTAGCTGTTG,23,1,34.8,5,TTTTT,NA,NA,NA
ATGAGTAGGTTGATGCTTTCG,21,1,42.9,3,TTT,Yes,No,
TAGTCGAGGAATTATATTCCT,21,1,33.3,2,GG,Yes,Yes,TAG
AGTGTGCATTGTATGAGTATG,21,1,38.1,2,TT,Yes,No,
CAGCTTGCTAGGCATCGTAGG,21,1,57.1,2,TT,Yes,No,
CTGTAGCAGCGGAATACTCAG,21,1,52.4,2,GG,Yes,Yes,TAG
TATCTCTTGAGCCTGATTAT,20,1,35.0,2,TT,NA,NA,NA
CGGGGGAATAAGAGTTATGGG,21,1,52.4,5,GGGGG,Yes,No,
AATGTGAATGATCTTTTTTAT,21,1,19.0,6,TTTTTT,Yes,No,
CGGCATCTTGGGCATAGT,18,1,55.6,3,GGG,NA,NA,NA
GGGCGGCCTGTTTGGCCTAAG,21,1,66.7,3,GGG,Yes,No,
TCTAATTCTAGGTTTATTAGG,21,1,28.6,3,TTT,Yes,No,
TGGCGGCATCCGAATTATATG,21,1,47.6,2,GG,Yes,No,
AGTATTGGTCGGCAGCGTATT,21,1,47.6,2,TT,Yes,No,
GGTTATACTAGGTATGCGTCT,21,1,42.9,2,GG,Yes,No,
ACGTGGCCTCCTACTTATTGG,21,1,52.4,2,GG,Yes,No,
GCGGTTACGTGGTATTAGACT,21,1,47.6,2,GG,Yes,Yes,TAG
ATGTTGATTGGGCGTGTTTAT,21,1,38.1,3,GGG,Yes,No,
CTTAAGGATTTTGGGCTGGT,20,1,45.0,4,TTTT,NA,NA,NA
ATTTGGGATTATCTTAAGTGT,21,1,28.6,3,TTT,Yes,No,
GCTGATATTACGGGTTTGGGG,21,1,52.4,4,GGGG,Yes,No,
ACGAGTAATTATAATATTAAG,21,1,19.0,2,AA,Yes,No,
TTTTTGATGAATCTGACGGTT,21,1,33.3,5,TTTTT,Yes,No,
GAGTTTTGTACTATGGCTCTT,21,1,38.1,4,TTTT,Yes,No,
TATGTGTAGAGGAAGATTGTT,21,1,33.3,2,GG,Yes,Yes,TAG
GATGTGTATTACTAATTAGTAG,22,1,27.3,2,TT,NA,NA,NA
TCTCATAAGTATATTATGTGG,21,1,28.6,2,AA,Yes,No,
GAAGATGCCTGGACGTTTACGTAT,24,1,45.8,3,TTT,NA,NA,NA
GATTGGTCAGATGTTTAAT,19,1,31.6,3,TTT,NA,NA,NA
TCTAATCGGAAGTCTACTAGT,21,1,38.1,2,AA,Yes,No,
TCGATGATTGCTAGTAATCAG,21,1,38.1,2,TT,Yes,No,
TCTATGCGTTATCTTGCTACT,21,1,38.1,2,TT,Yes,No,
AAGAATTGTAATGAGTTTGGT,21,1,28.6,3,TTT,Yes,No,
CGGATGAGTAAGGTTGAGATT,21,1,42.9,2,GG,Yes,No,
GGGGAAGTTGTATATTAAGTCT,22,1,36.4,4,GGGG,NA,NA,NA
TCGAAGTAGCCGCGGACTACT,21,1,57.1,2,AA,Yes,Yes,TAG
CGGAATCGTTCGGGATTCGT,20,1,55.0,3,GGG,NA,NA,NA
TATACGTGGCTTTATTTGACT,21,1,33.3,3,TTT,Yes,No,
GAGAATATGGAGTTTGTGAA,20,1,35.0,3,TTT,NA,NA,NA
CAGCGTAAGAATTCTACGTGG,21,1,47.6,2,AA,Yes,No,
AGTTCGATGCAGGTGATTTTT,21,1,38.1,5,TTTTT,Yes,No,
ACTAGGAATCTTGGTAGGTAG,21,1,42.9,2,GG,Yes,Yes,TAG
ACGAAGACGCCGGCTCTTGAG,21,1,61.9,2,AA,Yes,No,
TCTCTTAATAGGTATATGAAG,21,1,28.6,2,TT,Yes,No,
ACTTTTAAGCAGGTTAATCTG,21,1,33.3,4,TTTT,Yes,No,
ACTACTCGTAATCTGGTTCGT,21,1,42.9,2,AA,Yes,No,
ATTATTATTATTGTGTAATAGT,22,1,13.6,2,TT,NA,NA,NA
CAGCCTGGTATTTATTTTACG,21,1,38.1,4,TTTT,Yes,No,
CAGCCTGGTATTTATTTACG,20,1,40.0,3,TTT,NA,NA,NA
GTTCGTAGTCCTTCTTGTTAT,21,1,38.1,2,TT,Yes,No,
GATCTTAATAATCATCAGCTT,21,1,28.6,2,TT,Yes,No,
CAGATGATTTATCCTTGTAGG,21,1,38.1,3,TTT,Yes,No,
ACGGTGGGGCTGACTCCTCCT,21,1,66.7,4,GGGG,Yes,No,
ACTGCTTTGGAGTGTCCTCCG,21,1,57.1,3,TTT,Yes,No,
GATAAGTCGTTTAAGCATAAG,21,1,33.3,3,TTT,Yes,No,
TATAGTCGTGGTACGGAGTAT,21,1,42.9,2,GG,Yes,No,
ATGGAGCCTCTTGAGCGTTCT,21,1,52.4,2,GG,Yes,No,
TGGATTTATAATGCGTCGCTG,21,1,42.9,3,TTT,Yes,No,
CATAGGCATAGTCCGGTGTTG,21,1,52.4,2,GG,Yes,No,
CCGTCTGTTTTGTTTGGGTGT,21,1,47.6,4,TTTT,Yes,No,
CCTGTGACGCGGTTGATGAAT,21,1,52.4,2,CC,Yes,No,
TCGTATTCGTAGGATGGGTAG,21,1,47.6,3,GGG,Yes,Yes,"TAG,TAG"
AATAGTACGCATATTTGGGCG,21,1,42.9,3,TTT,Yes,No,
CGTCCGGAGCTGTTTCATATT,21,1,47.6,3,TTT,Yes,No,
TAGACGGTTAGTAGGCATGTT,21,1,42.9,2,GG,Yes,Yes,TAG
CTGTTGAGTTATGCGTGGCTG,21,1,52.4,2,TT,Yes,No,
ATTCTGTTTAAGGATTCGTGG,21,1,38.1,3,TTT,Yes,No,
TTTATTATTTCTTCATAATGAAG,23,1,17.4,3,TTT,NA,NA,NA
TGTAAGCTTTATATTGCTATT,21,1,23.8,3,TTT,Yes,No,
ACGTAGCGTACGCTTGTG,18,1,55.6,2,TT,NA,NA,NA
CTTTCTTGTAATATGACTTTT,21,1,23.8,4,TTTT,Yes,No,
GCTACTAGGAATTAGAAGTAG,21,1,38.1,2,GG,Yes,Yes,"TAG,TAG"
TTTTTGTAGAGGAGTATTACT,21,1,28.6,5,TTTTT,Yes,Yes,TAG
CTGAATAGTTCGAGTGAGTTT,21,1,38.1,3,TTT,Yes,No,
CTGACGATTATGCTTGGGTTT,21,1,42.9,3,GGG,Yes,No,
ATTAATGATGGGGATTAGGAT,21,1,33.3,4,GGGG,Yes,Yes,TAG
AAGGGGCAGGTTTTGAAGATT,21,1,42.9,4,GGGG,Yes,No,
AGGGGACAAGTTTGAAGATT,20,1,40.0,4,GGGG,NA,NA,NA
TATATGAATTAGACGCAGAAT,21,1,28.6,2,AA,Yes,Yes,TAG
CAGGCTCCTGAGCCTCCGATT,21,1,61.9,2,GG,Yes,No,
AGTAGGAGGGAGTAGAAGAAT,21,1,42.9,3,GGG,Yes,Yes,TAG
CCGCTGGGTAGGACGCTTGAT,21,1,61.9,3,GGG,Yes,No,
AGTAATACGTCGGCTGTGAGG,21,1,52.4,2,AA,Yes,No,
ATTCTTGAGATGATTTGTTAG,21,1,28.6,3,TTT,Yes,Yes,TAG
GCTAGTAATCATATGACGTTT,21,1,33.3,3,TTT,Yes,No,
GATGCGATGACGTGTACTGTT,21,1,47.6,2,TT,Yes,No,
AATGTGGCTTAGTGGATGGAG,21,1,47.6,2,AA,Yes,Yes,TAG
AGTGAGCCGTGTTATAATTTT,21,1,33.3,4,TTTT,Yes,No,
AATCTGGTGTCGAATGGGAAT,21,1,42.9,3,GGG,Yes,No,
GAGGAGCCGAATGCGAGTACT,21,1,57.1,2,GG,Yes,No,
CGTACGGCGAATCATGAGTTG,21,1,52.4,2,GG,Yes,No,
TGGTTTTATCTGTATCTTTAG,21,1,28.6,4,TTTT,Yes,Yes,TAG
TGGAATTATTGTACGCCGATT,21,1,38.1,2,GG,Yes,No,
GTTTCGGGGCCTCCTCCTCAT,21,1,61.9,4,GGGG,Yes,No,
TTGATGTCGTCTACTCCTAAG,21,1,42.9,2,TT,Yes,No,
TCTTGTCATTATAAGTTGAGT,21,1,28.6,2,TT,Yes,No,
ACGATGGAAGCTGTTCATCCG,21,1,52.4,2,GG,No,No,
ATTTCTAATACGTGTCTGGAT,21,1,33.3,3,TTT,Yes,No,
GTCTGTAGTATCAGTATAGT,20,1,35.0,1,G,NA,NA,NA
CCGAATCGTCTGAATCTGGAG,21,1,52.4,2,CC,Yes,No,
GTGGGTCGGACGTCTACTTCG,21,1,61.9,3,GGG,Yes,No,
GCGCTTCTTTTGCATTTGCCT,21,1,47.6,4,TTTT,Yes,No,
CCTTCTTATTATTGGCTTGAT,21,1,33.3,2,CC,Yes,No,
CCTTCTGAGTCGTGGAGTTGT,21,1,52.4,2,CC,Yes,No,
CGTACGGCTGAGGGTACGTAT,21,1,57.1,3,GGG,Yes,No,
CTTTCTTAGTATCTTACTCAG,21,1,33.3,3,TTT,Yes,Yes,TAG
GAGACTTTGGGGTGGGTGCAT,21,1,57.1,4,GGGG,Yes,No,
AGTGCGACTACGATGACTGAT,21,1,47.6,1,A,Yes,No,
ATGCGGATTCGGTAGACGCAT,21,1,52.4,2,GG,Yes,Yes,TAG
AGTACGAGGACGCATACTAAG,21,1,47.6,2,GG,Yes,No,
CATAATCTTCGGGTTGTTCGT,21,1,42.9,3,GGG,Yes,No,
CGTGTTCCGACTAAGAATGGT,21,1,47.6,2,TT,Yes,No,
ATGTTATAAGCTTCTGTTT,19,1,26.3,3,TTT,NA,NA,NA
GGTATTAATCAGTGTCTTCCT,21,1,38.1,2,GG,Yes,No,
ATTGGTTATATGTATACTATT,21,1,19.0,2,TT,Yes,No,
CATAATATTCGTTCTATGAAT,21,1,23.8,2,AA,Yes,No,
CGGGTTATTATTATTAAGACG,21,1,33.3,3,GGG,Yes,No,
AAGTGGATGCTGGCGTGGCCG,21,1,66.7,2,AA,Yes,No,
GTTCTTGGTAGGGAGGTGGAT,21,1,52.4,3,GGG,Yes,No,
CATTTGATTAATAGGGTTCAT,21,1,28.6,3,TTT,Yes,No,
CCGCTTCAGTTGGCGATTTTGA,22,1,50.0,4,TTTT,NA,NA,NA
TAGGTTTAGAAGGATACGAAG,21,1,38.1,3,TTT,Yes,Yes,"TAG,TAG"
CAGCATTATTGTGTGACTGTT,21,1,38.1,2,TT,Yes,No,
CTGAATATTAGGCCTTGTGAG,21,1,42.9,2,AA,Yes,No,
ATGCTTAAGGGGACTGTGTTT,21,1,42.9,4,GGGG,Yes,No,
GATGTTAAGCCTGGTTTGTTG,21,1,42.9,3,TTT,Yes,No,
CATGGTTCTGTTCAGAATACG,21,1,42.9,2,GG,Yes,No,
CATGGTTCTGTTCAGAATACT,21,1,38.1,2,GG,Yes,No,
CCTTATAATGGGTGTCCTTCG,21,1,47.6,3,GGG,Yes,No,
GCTCCTGATTGGCTTGGTGCT,21,1,57.1,2,CC,Yes,No,
ATGATGACTATGAGGTTGAAT,21,1,33.3,2,GG,Yes,No,
AGTCCTAAGTTTACTGGGTGG,21,1,47.6,3,TTT,Yes,No,
CTTATGCAGCCGATTATTTTT,21,1,33.3,5,TTTTT,Yes,No,
TGTGTGGATACTCAGACGGCT,21,1,52.4,2,GG,Yes,No,
CTTATTTAGCGTATGTATCAT,21,1,28.6,3,TTT,Yes,Yes,TAG
TCTACTGCTCTGTGGCGTTTG,21,1,52.4,3,TTT,Yes,No,
CGGTAGGTTGCGCTTAAGATG,21,1,52.4,2,GG,Yes,Yes,TAG
TGGACGCTGAATTAGGGTCTT,21,1,47.6,3,GGG,Yes,Yes,TAG
CATTCGAATCATACTATGGAT,21,1,33.3,2,TT,Yes,No,
GTGGTGAAGTATTTGGCGCAT,21,1,47.6,3,TTT,Yes,No,
GGTTATTTTTAGCTGTATAAT,21,1,23.8,5,TTTTT,Yes,Yes,TAG
AGGTTGGATATTTAGCCGTTT,21,1,38.1,3,TTT,Yes,Yes,TAG
TTTGATTCGGCGACTCTGGCG,21,1,57.1,3,TTT,Yes,No,
ATGAAGCGGGTGCCGGAGAGG,21,1,66.7,3,GGG,Yes,No,
GTGGGTAATATGACGAATTCT,21,1,38.1,3,GGG,Yes,No,
ATTGCTCCGGATTTTAATTTT,21,1,28.6,4,TTTT,Yes,No,
GATTTTCATGGTACGAGTCAT,21,1,38.1,4,TTTT,Yes,No,
CTGCATTGTAATTAGCATTAG,21,1,33.3,2,TT,Yes,Yes,"TAG,TAG"
TGGAAGAAGTAGATGCATGAG,21,1,42.9,2,GG,Yes,Yes,TAG
CATCCGCCGCATTCTCGTCAT,21,1,57.1,2,CC,Yes,No,
GCTTATGGTCAGCCTGGTGTT,21,1,52.4,2,TT,Yes,No,
CCTCGGATGCCTGAGGCGCTG,21,1,71.4,2,CC,Yes,No,
TGTCCTAGTCGTATTAGTACT,21,1,38.1,2,CC,Yes,No,
AAGCCTAATGATAGGACGAAG,21,1,42.9,2,AA,Yes,No,
TTTTTTCCGTCGGTGTCGATT,21,1,42.9,6,TTTTTT,Yes,No,
CATCGGTATTATGGGTGGGCG,21,1,57.1,3,GGG,Yes,No,
AATTGTTCGGGTGATAGGAAG,21,1,42.9,3,GGG,Yes,No,
TTGATTGCTTTTCCGAAGATG,21,1,38.1,4,TTTT,Yes,No,
AAGCTTGAGGTGACTGTTAAG,21,1,42.9,2,AA,Yes,No,
GCGTAGACTACGAATCATAGT,21,1,42.9,2,AA,Yes,Yes,TAG
GATAAGGGGCCTACGACTACG,21,1,57.1,4,GGGG,Yes,No,
ATTAATAAGAAGACTAGGAAT,21,1,23.8,2,TT,Yes,No,
ACGGATGCGTATACTCGTCTG,21,1,52.4,2,GG,Yes,No,
GGTATTTCTAATACTATGAGT,21,1,28.6,3,TTT,Yes,No,
CATGGGGAGTGGTCTCATGAT,21,1,52.4,4,GGGG,Yes,No,
GCTATTAATGTGTTTAGGAAT,21,1,28.6,3,TTT,Yes,No,
TGTTTTAATATTTGTAAGGGG,21,1,28.6,4,TTTT,Yes,No,
GCTGATAATCAGCCTATGTAT,21,1,38.1,2,AA,Yes,No,
AATCGGAATTAGTGTTATCTT,21,1,28.6,2,AA,Yes,Yes,TAG
TCTCATAAGATTACGCTGGCG,21,1,47.6,2,AA,Yes,No,
CTGAAGACGTTGTAGTATCCT,21,1,42.9,2,AA,Yes,Yes,TAG
TTGTAGATTCAGATGCATTAT,21,1,28.6,2,TT,Yes,Yes,TAG
TCTGCTAAGTCGAAGAAGGTG,21,1,47.6,2,AA,Yes,No,
AGTTCGGGTATGATGGTTGTT,21,1,42.9,3,GGG,Yes,No,
TAGAATAATCTTACTACGGGT,21,1,33.3,3,GGG,Yes,Yes,TAG
AATAGTATGGGGATTATGTAG,21,1,33.3,4,GGGG,Yes,Yes,TAG
TCGTTTCGTATTTATAGTTGG,21,1,33.3,3,TTT,Yes,No,
GAGCATGCGCAGCCGAGGTTT,21,1,61.9,3,TTT,Yes,No,
GGTAGAGACTATTAAGCCTTTG,22,1,40.9,3,TTT,NA,NA,NA
CAGACTAGTATGCATAAGATT,21,1,33.3,2,AA,Yes,No,
GTGGAGGTCTTTGGGCTTACT,21,1,52.4,3,TTT,No,No,
ATTCGTTCGGTTAAGATGGAT,21,1,38.1,2,TT,Yes,No,
GAGCATAGGCATGGGCATCAG,21,1,57.1,3,GGG,Yes,No,
TGTGTTACTTCTTTGTATGAT,21,1,28.6,3,TTT,Yes,No,
GATAGTGAGACGCCGATTAAG,21,1,47.6,2,CC,Yes,No,
TCTGGTCAGTTGTGTCGTAGT,21,1,47.6,2,GG,Yes,No,
GCGGCTAAGCATTATCCGGTG,21,1,57.1,2,GG,Yes,No,
AGTAGGTCGTGTATTGATCGG,21,1,47.6,2,GG,Yes,No,
GGTGGTTTTATTAAGAGTTCT,21,1,33.3,4,TTTT,Yes,No,
CAGATTACGGTGTCTCACAAGAG,23,1,47.8,2,TT,NA,NA,NA
ACTGTGGATACGTGTCATTGG,21,1,47.6,2,GG,Yes,No,
AATCCGGCTTATTGTCGGAGT,21,1,47.6,2,AA,Yes,No,
CATCATAGGACTCTGACGTGG,21,1,52.4,2,GG,Yes,No,
GTTCTGAATAAGATTGCTATG,21,1,33.3,2,TT,Yes,No,
CAAAGTTTATGTGTTCGTCGTTG,23,1,39.1,3,AAA,NA,NA,NA
ATTACTCAGGTTAAGAATTGT,21,1,28.6,2,TT,Yes,No,
CAGCCTAGGTGTCATCATCTT,21,1,47.6,2,CC,Yes,No,
ACTGCTTTTCCTCCTGGGCTT,21,1,52.4,4,TTTT,Yes,No,
GAGGTTCCTTTGAATTTTATT,21,1,28.6,4,TTTT,Yes,No,
TCGAAGGCTAAGCTTACTGAG,21,1,47.6,2,AA,Yes,No,
GATGGTCGGGAGTTTGGGCGG,21,1,66.7,3,GGG,Yes,No,
TAGAGTTATGCTAATCTTGTG,21,1,33.3,2,TT,Yes,Yes,TAG
GCGTTTAGGACTTGTAGTTCG,21,1,47.6,3,TTT,Yes,No,
ACTCCTACTCTGAGTACTTAG,21,1,42.9,2,CC,Yes,Yes,TAG
AGGGCTACTAAGTATTGTCGT,21,1,42.9,3,GGG,Yes,No,
ACTGGTAGGCTGCGGTATCCT,21,1,57.1,2,GG,Yes,No,
CCTGATTTTGGTAATGATTGG,21,1,38.1,4,TTTT,Yes,No,
AATGGGGCGCATTATTATAAT,21,1,33.3,4,GGGG,Yes,No,
TCGGGTAGGTAGCATGATAGG,21,1,52.4,3,GGG,Yes,Yes,TAG
AATTTGTGTGAGATGCATTCT,21,1,33.3,3,TTT,Yes,No,
TCTAAGCCTCGTCATGAGTGT,21,1,47.6,2,AA,Yes,No,
AAAAAAGCTGAAGTAGGTTTGTTAT,25,1,28.0,6,AAAAAA,NA,NA,NA
CAGTATAAGTTTACTAATAAG,21,1,23.8,3,TTT,Yes,No,
CTGAATAGTTGGCCGGGGGG,20,1,65.0,6,GGGGGG,NA,NA,NA
CCGGTTCCTACGGCTGTGAAG,21,1,61.9,2,CC,Yes,No,
TCTAATGCGAATCTTATGGGT,21,1,38.1,3,GGG,Yes,No,
TCTCGGGTTTTGAGGCTTGAT,21,1,47.6,4,TTTT,Yes,No,
GAGCATAAGCGGATTTATCAT,21,1,38.1,3,TTT,Yes,No,
ATATTGATAAGCGGGTTAGTAG,22,1,36.4,3,GGG,NA,NA,NA
TATAATCATTATCCGGATCCG,21,1,38.1,2,AA,Yes,No,
GGTCTTATTCGTCCGAGTTAT,21,1,42.9,2,GG,Yes,No,
ACTCCTAATAAGGGGGAGAAT,21,1,42.9,5,GGGGG,Yes,No,
TATGATACTAGCAATAGATATG,22,1,27.3,2,AA,NA,NA,NA
TATATTGAGCAGTAGCAGGAG,21,1,42.9,2,TT,Yes,Yes,TAG
AGTAATACGTAGTGTGCTTAG,21,1,38.1,2,AA,Yes,Yes,"TAG,TAG"
CAGTATTTTATTCATTAGGAG,21,1,28.6,4,TTTT,Yes,Yes,TAG
GGTGATATGGAGTAGGTTCAT,21,1,42.9,2,GG,Yes,Yes,TAG
CCTCCGCATTCTTATGTGGCG,21,1,57.1,2,CC,Yes,No,
GTTGTTGCTCGTTAGAAGGTG,21,1,47.6,2,TT,Yes,Yes,TAG
TATTAGCCGCGGAAGTATAAT,21,1,38.1,2,TT,Yes,Yes,TAG
TGGTGTCCGTGGGATTCTATG,21,1,52.4,3,GGG,Yes,No,
TTTTGGAATCCTAATTATCAG,21,1,28.6,4,TTTT,Yes,No,
CTGTGTTATTGGCATGCGTCG,21,1,52.4,2,TT,Yes,No,
GCGCAGTAGGAGCTTGTTCAT,21,1,52.4,2,GG,Yes,Yes,TAG
CCGCAGTGTGTTACGATTAGT,21,1,47.6,2,CC,Yes,No,
AAGAATCTTCCTGATTATAAG,21,1,28.6,2,AA,Yes,No,
ATTCCTATTGTGCTTATTGAG,21,1,33.3,2,TT,Yes,No,
TTGCCGCCGGATGAGTATGCT,21,1,57.1,2,TT,Yes,No,
GTTAAGTCGGTTCTGAAGTAT,21,1,38.1,2,TT,Yes,No,
ATTGGGCCGAGGCGTTCTGAG,21,1,61.9,3,GGG,Yes,No,
CTGTTGATGCAGAATTGGCCG,21,1,52.4,2,TT,Yes,No,
AAGACGAGGCATAATACGATT,21,1,38.1,2,AA,Yes,No,
CCTGGTTAGTTTGCTCCTTGG,21,1,52.4,3,TTT,Yes,Yes,TAG
CGGAATCGTGAGTCGCATCCT,21,1,57.1,2,GG,Yes,No,
TTGGATCTTTGTTATCTGCTT,21,1,33.3,3,TTT,Yes,No,
CCTTATAATCTTGCGACGCAT,21,1,42.9,2,CC,Yes,No,
ACTTATAGTTTGCATGAGACG,21,1,38.1,3,TTT,Yes,No,
AATCATCGGCGTACTCCGCGT,21,1,57.1,2,AA,Yes,No,
AAGCTTAGGCTTTCGCTTGAT,21,1,42.9,3,TTT,Yes,No,
CTTTAGATTAAGACTCCGTTG,21,1,38.1,3,TTT,Yes,Yes,TAG
AGTGATGGTTTTAAGGCGGTT,21,1,42.9,4,TTTT,Yes,No,
CATGCTGGTCAGAAGCAGCGG,21,1,61.9,2,GG,Yes,No,
GCTTATCCTTATCTTGTGATG,21,1,38.1,2,TT,Yes,No,
TGTTTGATTAATTGGTCTTTG,21,1,28.6,3,TTT,Yes,No,
ACTGGTTATCATAGGTGTCGT,21,1,42.9,2,GG,Yes,No,
ACTTCGTAGTCTCTGACGTGT,21,1,47.6,2,TT,Yes,Yes,TAG
CGGCTTAGTCTTATTGATGGT,21,1,42.9,2,GG,Yes,No,
TGGATTTCGCTGTATATCTAAG,22,1,36.4,3,TTT,NA,NA,NA
ACTTATGTTCCTCTTTGTCTG,21,1,38.1,3,TTT,Yes,No,
CAGATTTATAAGAATCGGGGT,21,1,38.1,4,GGGG,Yes,No,
ACGTAGGCGGATTTGACGTCG,21,1,57.1,3,TTT,Yes,Yes,TAG
TGAGTGAGTTTAATATG,17,1,29.4,3,TTT,NA,NA,NA
AGGAAGACTCTGTGTGGTCAT,21,1,47.6,2,GG,Yes,No,
CCTATTGCTCGGGTTCTAT,19,1,47.4,3,GGG,NA,NA,NA
AAGGAGACGGCTCTTACGTGT,21,1,52.4,2,AA,Yes,No,
TTGGAGATTAATGATTGTTGT,21,1,28.6,2,TT,Yes,No,
ATATAATATTTCGATGGGTTAG,22,1,27.3,3,TTT,NA,NA,NA
AAGCCGTGTTGTTCTCCTTTG,21,1,47.6,3,TTT,Yes,No,
TTTGTTAATGCGACTGTTATT,21,1,28.6,3,TTT,Yes,No,
GAGCTTCTTAATCTGGCTGTG,21,1,47.6,2,TT,Yes,No,
GGGACTGTGTTTGGTGATTTT,21,1,42.9,4,TTTT,Yes,No,
ATTCCAGGGATGCGGGGGATCTG,23,1,60.9,5,GGGGG,NA,NA,NA
AATTCGGAGGTGACGCGTATT,21,1,47.6,2,AA,Yes,No,
ACTAGTATGTGTTTGTCGAAG,21,1,38.1,3,TTT,Yes,No,
CTTGTGACTGAGCCTCCGTCT,21,1,57.1,2,TT,Yes,No,
ATGAATGAGAATACTTTTAGT,21,1,23.8,4,TTTT,Yes,No,
GTTGCTATTTCTTCTAGGCAG,21,1,42.9,3,TTT,Yes,No,
AGTTAGTAGTGTCTGATGAGG,21,1,42.9,2,TT,Yes,Yes,"TAG,TAG"
AAGTATGAGACTTAGGGGTGT,21,1,42.9,4,GGGG,Yes,Yes,TAG
GGTGATATTAATATTCGTTTG,21,1,28.6,3,TTT,Yes,No,
ACTAAGTGGCAGCAGCTGTTT,21,1,47.6,3,TTT,Yes,No,
TATACGTTGCATAGTGAGGTG,21,1,42.9,2,TT,Yes,No,
TTGAAGGGTCCTCCTACTGCG,21,1,57.1,3,GGG,Yes,No,
CCGGGGTTGTTTGATGTTTCT,21,1,47.6,4,GGGG,Yes,No,
GCTCTGTATAATCCTATTACT,21,1,33.3,2,AA,Yes,No,
CAGCATGTGTATGTTGAGATT,21,1,38.1,2,TT,Yes,No,
GTTTGTTTTGCGGCGTGTACT,21,1,47.6,4,TTTT,Yes,No,
TTTCGTAGTCCTCCTCCTTGG,21,1,52.4,3,TTT,Yes,No,
TATATTGGTATGAATTAGTTT,21,1,19.0,3,TTT,Yes,Yes,TAG
AGGGAGTTTTATTGTTAGAAT,21,1,28.6,4,TTTT,Yes,Yes,TAG
AGGAGTCATAAGCAGTGGCAG,21,1,52.4,2,GG,Yes,No,
TATACTTAGTGGCGTTATGAT,21,1,33.3,2,TT,Yes,Yes,TAG
CGGCCGTTGCCTGCGACTTAT,21,1,61.9,2,GG,Yes,No,
TGGATTAGTACTTATCTGTGG,21,1,38.1,2,GG,Yes,No,
GAGTCGTTTTTTTCTATTAAT,21,1,23.8,7,TTTTTTT,Yes,No,
TCTAATTTGCAGTCGCCGTAG,21,1,47.6,3,TTT,Yes,Yes,TAG
GATTTGTATGGGTAGGCGGAT,21,1,47.6,3,TTT,Yes,Yes,TAG
GAGGTGCTGACGTGTAGTTGT,21,1,52.4,2,GG,Yes,No,
AATACTTCGGTGACGGCTATG,21,1,47.6,2,AA,Yes,No,
CTTGTTCTGTTGAGTTTGTAT,21,1,33.3,3,TTT,Yes,No,
TGTCGTACGTATCCTCTTTAT,21,1,38.1,3,TTT,Yes,No,
ACTTTTGATTATCTGCCGCTT,21,1,38.1,4,TTTT,Yes,No,
CGGAATAATCATGAGCTGCGG,21,1,52.4,2,GG,Yes,No,
CCGTTGGATCGTTGTTAGCAT,21,1,47.6,2,CC,Yes,Yes,TAG
TGTGCTTTGCCTTTTATGCCG,21,1,47.6,4,TTTT,Yes,No,
AAGATTCTGCAGGATTGTACG,21,1,42.9,2,AA,Yes,No,
ACTAAGGAGTAGTATACGCTT,21,1,38.1,2,AA,Yes,Yes,TAG
AATATTGATCTGAAGTCGCCT,21,1,38.1,2,AA,Yes,No,
TATCGGTGTCCTGTGATGCT,20,1,50.0,2,GG,NA,NA,NA
TGGTGGGATCATTATAATAAT,21,1,28.6,3,GGG,Yes,No,
CCTGTTAGGGTGCAGCAGATG,21,1,57.1,3,GGG,Yes,No,
ATGTATTAGGCGTAGTAGTTT,21,1,33.3,3,TTT,Yes,Yes,"TAG,TAG,TAG"
TTTAATCTTACGAGTATTAAT,21,1,19.0,3,TTT,Yes,No,
CCTTCGCTTACTATTCTTATG,21,1,38.1,2,CC,Yes,No,
ATGTCGGATTCTATGAATGCT,21,1,38.1,2,GG,Yes,No,
CCGGCTGATACTCAGATTACT,21,1,47.6,2,CC,Yes,No,
TTTACTTATATTGGTTATATG,21,1,19.0,3,TTT,Yes,No,
ATTTAGTATCATCGTTGTCTT,21,1,28.6,3,TTT,Yes,Yes,TAG
CTGAATCATGATTCTTATCTG,21,1,33.3,2,AA,Yes,No,
CAGAAGTGTTCGTATAATTAT,21,1,28.6,2,AA,Yes,No,
GCTGTTACGATTGTGTAGATT,21,1,38.1,2,TT,Yes,Yes,TAG
AATTTGATTAATTTGTCTAAG,21,1,19.0,3,TTT,Yes,No,
ATTCGTTGGCATCGTCAGTCT,21,1,47.6,2,TT,Yes,No,
CTGTATTCGATGCGGATTTAT,21,1,38.1,3,TTT,Yes,No,
GTTCTGTGTCCGTTTACTAAG,21,1,42.9,3,TTT,Yes,No,
TGTGGTTGGAATACTAGTGAG,21,1,42.9,2,GG,Yes,No,
GTTCTAGAGTGCCGGATTGGCAT,23,1,52.2,2,TT,NA,NA,NA
AATGGTTTTTCGACGCATCTT,21,1,38.1,5,TTTTT,Yes,No,
AATTTGAATACGCATATTCTT,21,1,23.8,3,TTT,Yes,No,
ACTTAGAAGGTTTCGAAGATG,21,1,38.1,3,TTT,Yes,Yes,TAG
TATAAGATTATGAAGCGTAAT,21,1,23.8,2,AA,Yes,No,
GATGATTATACTGCGTCTAGT,21,1,38.1,2,TT,Yes,No,
CTGTTGAATCAGACTCTTTAG,21,1,38.1,3,TTT,Yes,Yes,TAG
AATTTGTGTTATATTACGAAT,21,1,19.0,3,TTT,Yes,No,
CGTTTTGTGCAGAATACGTTT,21,1,38.1,4,TTTT,Yes,No,
TCGTCGTGGCTTGATCAGGAG,21,1,57.1,2,GG,Yes,No,
CGTTTTAGGTCGCATGAGTAT,21,1,42.9,4,TTTT,Yes,No,
TTTGATGCGAATACGGCTGTT,21,1,42.9,3,TTT,Yes,No,
ATTCCTTCGAATCCGACTATG,21,1,42.9,2,TT,Yes,No,
TTTACGTATGATCCGTATTCT,21,1,33.3,3,TTT,Yes,No,
AATCTGGAGCCGATTGTGACT,21,1,47.6,2,AA,Yes,No,
TTGAATCATAGTGAGACGGTT,21,1,38.1,2,TT,Yes,No,
CTGCGTCTTTTGCTGGGTCAG,21,1,57.1,4,TTTT,Yes,No,
CCGCTGATTTTTAAGCGGGAGAGT,24,1,50.0,5,TTTTT,NA,NA,NA
CGGTAGAAGCAGAAGCCTTAG,21,1,52.4,2,GG,Yes,Yes,"TAG,TAG"
CTGGCTCGTTAGTCTCATCGG,21,1,57.1,2,GG,Yes,Yes,TAG
TGTGTTACTTTGAATTGGAAG,21,1,33.3,3,TTT,Yes,No,
TTTAAGCCTACGATGAGGATG,21,1,42.9,3,TTT,Yes,No,
ATTGAGCTTTAGCTAGGCCG,20,1,50.0,3,TTT,NA,NA,NA
CTGTATAGGAAGTGGTGGGAG,21,1,52.4,3,GGG,Yes,No,
AGCTTATGGGTCTTTTGCTGAG,22,1,45.5,4,TTTT,NA,NA,NA
GAGTATTGTGCTATTTATAGG,21,1,33.3,3,TTT,Yes,No,
AAGAATCCTTCTGCGATGTTG,21,1,42.9,2,AA,Yes,No,
AATTGGAATAATTAGGATACT,21,1,23.8,2,AA,Yes,Yes,TAG
ACGAGTTGGAGAAAGCTCATG,21,1,47.6,3,AAA,No,No,
TAGATGGGCAAGTTATTCGGGTG,23,1,47.8,3,GGG,NA,NA,NA
ATTCCTAGGTTTTTGTTTTTT,21,1,23.8,6,TTTTTT,Yes,No,
ATCTAAGTCTCTTACTA,17,1,29.4,2,AA,NA,NA,NA
AAGTATAATTATCATCTTTTT,21,1,14.3,5,TTTTT,Yes,No,
AAGATTTTTGGTAATGGGTCG,21,1,38.1,5,TTTTT,Yes,No,
TATTAGTTTACGACTATTTT,20,1,20.0,4,TTTT,NA,NA,NA
ACGCATTCGGATGATGCTCGT,21,1,52.4,2,TT,Yes,No,
TGGCATAATCGGAAGAAGTCG,21,1,47.6,2,GG,Yes,No,
TCTTGGGCTGCCGTTGTATCAG,22,1,54.5,3,GGG,NA,NA,NA
ATTCTTGATTGTTCGAGTAAT,21,1,28.6,2,TT,Yes,No,
CCGTTGTCTTCTAGTTGTACT,21,1,42.9,2,CC,Yes,No,
CGGTTTAGTACGACTCTTGAT,21,1,42.9,3,TTT,Yes,No,
ACTTGGCGTCCTACTGCGGGG,21,1,66.7,4,GGGG,Yes,No,
AGTCGTGCTTTGATTAGTCAT,21,1,38.1,3,TTT,Yes,No,
CCTAATGCGAATGATACTTGT,21,1,38.1,2,CC,Yes,No,
CCTAAGTATACTTTGGAGACG,21,1,42.9,3,TTT,Yes,No,
TGGTTGGAGTTGAGGTTTGGG,21,1,52.4,3,TTT,Yes,No,
AGGTCTAGTCATAAGAAGACT,21,1,38.1,2,GG,Yes,No,
TCGGCGGTTCAGCTAAATAAT,21,1,42.9,3,AAA,No,No,
GTGGGGAAGTATCATGTGAGG,21,1,52.4,4,GGGG,Yes,No,
TTTTTTAGGCAGTGTTCGGTT,21,1,38.1,6,TTTTTT,Yes,No,
CAGAAGCATAATAGGTACCAAG,22,1,40.9,2,AA,NA,NA,NA
ATTAAGCAGTATTATACGCTT,21,1,28.6,2,TT,Yes,No,
TGTTGGTTTCTGCCGACTCCG,21,1,57.1,3,TTT,Yes,No,
GTTCTTAGTAGTAATTCTCAT,21,1,28.6,2,TT,Yes,No,
AAGCCTCGTGAGGGTTCTGAG,21,1,57.1,3,GGG,Yes,No,
TATTAGGGTCGGCCGTCCTGCG,22,1,63.6,3,GGG,NA,NA,NA
GCTATGTATCAGGGTGCGTAT,21,1,47.6,3,GGG,Yes,No,
CCTCAGTAGCCGTCTTATCCG,21,1,57.1,2,CC,Yes,Yes,TAG
ATGGATCCGTCTTTGATTATT,21,1,33.3,3,TTT,Yes,No,
GTGTGGTCTTCGAATACTATT,21,1,38.1,2,GG,Yes,No,
GGTAAGCTTAATACGCGTCGG,21,1,52.4,2,GG,Yes,No,
GGGGGTGATGCGAGGGTTTGG,21,1,66.7,5,GGGGG,Yes,No,
AATTCGACTTAGTGTAATATGA,22,1,27.3,2,AA,NA,NA,NA
CTTAGTAATGGTATTCAGTGG,21,1,38.1,2,TT,Yes,No,
CGGAATGATTGGGTGAATCGG,21,1,52.4,3,GGG,Yes,No,
AAGCAGCAGAGGGGTTTGTAG,21,1,52.4,4,GGGG,Yes,Yes,TAG
TAGTATAATACTTCGGGTGTG,21,1,38.1,3,GGG,Yes,Yes,TAG
GGGTCTGATATTATGCTGGAT,21,1,42.9,3,GGG,Yes,No,
GGTAGGATGCCGAATCTTCTG,21,1,52.4,2,GG,Yes,No,
TTGTCGGCGGGTTAGGAGCAT,21,1,57.1,3,GGG,Yes,Yes,TAG
GATATTCAGTAGTAGTATACT,21,1,28.6,2,TT,Yes,Yes,"TAG,TAG"
AATCATTAGAGTCATTATTAT,21,1,19.0,2,AA,Yes,Yes,TAG
GAGATGCGTAAGCCGACGCAG,21,1,61.9,2,AA,Yes,No,
CTTAATAGTTATTTTCCGAGG,21,1,33.3,4,TTTT,Yes,No,
ACTACTGAGTATCGTAGGCCT,21,1,47.6,2,GG,Yes,No,
GGGCGTTCTCCTCCGAGGACG,21,1,71.4,3,GGG,Yes,No,
CGTAAGCGTGGGGAGTATAGT,21,1,52.4,4,GGGG,Yes,No,
ATGAATGCGTCTGCGCCTGCT,21,1,57.1,2,AA,Yes,No,
ATGATGTCTTATGCTATGCTG,21,1,38.1,2,TT,Yes,No,
TCTCTTGCTAGGAGGCCGGAG,21,1,61.9,2,TT,Yes,No,
GCTGAGCAGAGTATTATGACT,21,1,42.9,2,TT,Yes,No,
TTTAAGTCTCAGGTTACTTTT,21,1,28.6,4,TTTT,Yes,No,
GGGAATCCTAGTTCTCGGTGG,21,1,57.1,3,GGG,Yes,No,
GTTAATCATAGGGTTTGGCGG,21,1,47.6,3,GGG,Yes,No,
CCTTTGCGTAGTCATTCT,18,1,44.4,3,TTT,NA,NA,NA
TTGTTTGAGCGGTTGGAGGAT,21,1,47.6,3,TTT,Yes,No,
ATTCGGTAGATTCATAGTTAT,21,1,28.6,2,TT,Yes,Yes,TAG
TATACTTCGGCTGCGGATCCT,21,1,52.4,2,TT,Yes,No,
CGGTAGTGTAAGTGGATGAAT,21,1,42.9,2,GG,Yes,Yes,TAG
ACGACGTTGACTGGTATTGCT,21,1,47.6,2,TT,Yes,No,
CCTGCTCTTGTGGGGAATCTT,21,1,52.4,4,GGGG,Yes,No,
GATGGTTTTTTTACGGGTACT,21,1,38.1,7,TTTTTTT,Yes,No,
AGTTCTCCTAATATGAAGCAG,21,1,38.1,2,TT,Yes,No,
GCTTGGCAGTGGATTTAGCTT,21,1,47.6,3,TTT,Yes,Yes,TAG
AGGGTTAAGTTGGAGTTGTAG,21,1,42.9,3,GGG,Yes,Yes,TAG
GGTTGGTATCAGTATAGGGGG,21,1,52.4,5,GGGGG,Yes,No,
CAGCTTTAGTATAGTGCTACT,21,1,38.1,3,TTT,Yes,Yes,TAG
ATTCGTTAGGCTTATTAGATT,21,1,28.6,2,TT,Yes,Yes,"TAG,TAG"
ATTGCGGTTTTGGGGGGTAAT,21,1,47.6,6,GGGGGG,Yes,No,
ACTAATACGATTCCTGATGAT,21,1,33.3,2,AA,Yes,No,
ATTCGTTAGTGTAAGTATACG,21,1,33.3,2,TT,Yes,Yes,TAG
ACTTGTCGGAATTTTCGTTGT,21,1,38.1,4,TTTT,Yes,No,
CTTAATTATTAAATGCGGGATTTG,24,1,29.2,3,AAA,NA,NA,NA
ATGTCTAATCCGTATCTTAAG,21,1,33.3,2,AA,Yes,No,
GATTGGACGAGTCTTGGGAAT,21,1,47.6,3,GGG,Yes,No,
ATGAGTTTTCTTTAGTCGGTT,21,1,33.3,4,TTTT,Yes,Yes,TAG
TGTGCGATGGTTGCTCATGTG,21,1,52.4,2,GG,Yes,No,
CAGCCGTATAAGGCTTTGACT,21,1,47.6,3,TTT,Yes,No,
ACTAATCATCATTCGCGTAGG,21,1,42.9,2,AA,Yes,No,
TTGCATCAGTATGCGTAGTCT,21,1,42.9,2,TT,Yes,Yes,TAG
AGTTCGTATATGTTTACTAGT,21,1,28.6,3,TTT,Yes,No,
TGTCGTCAGTCTTATTGAAG,20,1,40.0,2,TT,NA,NA,NA
TGTATTGTCATGTGG,15,1,40.0,2,TT,NA,NA,NA
TAGGGGATTGAGTGTCAGAAT,21,1,42.9,4,GGGG,Yes,Yes,TAG
CCTACGGAGATTACGTATAGG,21,1,47.6,2,CC,Yes,No,
AATCAGGGAGCACTGAAT,18,1,44.4,3,GGG,NA,NA,NA
CAGGGTGCGGGGCTTGTTAGG,21,1,66.7,4,GGGG,Yes,No,
GATCTGGAGACGAGGAATTCG,21,1,52.4,2,GG,Yes,No,
GAGACTGTGCATACTTGGATC,21,1,47.6,2,TT,No,No,
TCTCCGGTTTTTGATAGTACT,21,1,38.1,5,TTTTT,Yes,No,
AGTTTGTTGGTTGAGCTTTAT,21,1,33.3,3,TTT,Yes,No,
CCTTGTAAGTATCATATTCAG,21,1,33.3,2,CC,Yes,No,
GTGGTGCTGCCTATGACTTGG,21,1,57.1,2,GG,Yes,No,
TAGTTGGAGCGGATGATTTAG,21,1,42.9,3,TTT,Yes,Yes,"TAG,TAG"
CGTCGTCCTGATACGCCTCTG,21,1,61.9,2,CC,Yes,No,
CTGCATTGGGAGGGGTAGATG,21,1,57.1,4,GGGG,Yes,Yes,TAG
GGTACTTTTTTGGATAAGTAT,21,1,28.6,6,TTTTTT,Yes,No,
GAGGCTGATACGTGGATGATT,21,1,47.6,2,GG,Yes,No,
TTTTAGAATTATTAGTTGATT,21,1,14.3,4,TTTT,Yes,Yes,"TAG,TAG"
CCTTATTTTCGTTATACGCTG,21,1,38.1,4,TTTT,Yes,No,
CATCCGCTTACTGTGTGGGGT,21,1,57.1,4,GGGG,Yes,No,
ATTAATATGAGTTATACGTCG,21,1,28.6,2,TT,Yes,No,
TTTGTTCAGATGACGGATCAT,21,1,38.1,3,TTT,Yes,No,
TTGATTCATTGTAGTAGGCGT,21,1,38.1,2,TT,Yes,No,
CTGTATGATTTTGGGGCTGTG,21,1,47.6,4,TTTT,Yes,No,
GCGAATCGTTTGGAGTCTGGT,21,1,52.4,3,TTT,Yes,No,
AATGATCATACGCGTCGGTTTAA,23,1,39.1,3,TTT,NA,NA,NA
AATGATCATACGCGTCGGTTT,21,1,42.9,3,TTT,Yes,No,
GCTAAGTTGACTATGGAGTTG,21,1,42.9,2,AA,Yes,No,
GTGATGCCGCCTACGAAGCGG,21,1,66.7,2,CC,Yes,No,
CTGTCTAGGTATACGATTTGG,21,1,42.9,3,TTT,Yes,No,
TTGCTTCATTTTGCGGAGATT,21,1,38.1,4,TTTT,Yes,No,
ATTAGTGATAGGTTGAAGATT,21,1,28.6,2,TT,Yes,No,
TGGAATCGGTTGTCTCAGTAG,21,1,47.6,2,GG,Yes,Yes,TAG
TATATTGGGTAGCAGGAGCCG,21,1,52.4,3,GGG,Yes,Yes,TAG
GCGGGGACTGATAATCTTGAG,21,1,52.4,4,GGGG,Yes,No,
AAGTTTAATCGTCGGTGGGGG,21,1,52.4,5,GGGGG,Yes,No,
AATAAGAGGTATTCTCTTCTT,21,1,28.6,2,AA,Yes,No,
GCTTGTCATAAGAGGTAGTTG,21,1,42.9,2,TT,Yes,Yes,TAG
ATGATGCCTATGACTTGTAGG,21,1,42.9,2,CC,Yes,No,
CGGGTTCGTTAGACTTGTAGG,21,1,52.4,3,GGG,Yes,Yes,TAG
TAGCGTATTCTTCTTAATAAT,21,1,23.8,2,TT,Yes,Yes,TAG
CTTAATCATGAGGGTAATGAG,21,1,38.1,3,GGG,Yes,No,
TCGTATTGGGGTTTGAATTCG,21,1,42.9,4,GGGG,Yes,No,
TCTAATGCGCCTACTGTGTCT,21,1,47.6,2,AA,Yes,No,
TAGCTGATGCGGAAGTGTAGT,21,1,47.6,2,GG,Yes,Yes,TAG
CCGAAGACTTCGCGTTCTTAGT,22,1,50.0,2,CC,NA,NA,NA
CGTACTTGTTATGGTAAGGTT,21,1,38.1,2,TT,Yes,No,
TTGACTTTTTTGTTTGCTCGG,21,1,38.1,6,TTTTTT,Yes,No,
TATAGGAGGTGTCGTAGTCCT,21,1,47.6,2,GG,Yes,No,
GGGATGATTGTGCTGCTGAG,20,1,55.0,3,GGG,NA,NA,NA
CAGAAGGGTTAGATTTCTCAT,21,1,38.1,3,GGG,Yes,Yes,TAG
CAGCCGTGTTAGGTTCGGCGT,21,1,61.9,2,CC,Yes,Yes,TAG
CAGCCGTGTTAGGTTCGCGT,20,1,60.0,2,CC,NA,NA,NA
CCGGTTCCTGCGAGGGATGTG,21,1,66.7,3,GGG,Yes,No,
AATAATGATGCTTATATGTGT,21,1,23.8,2,AA,Yes,No,
TCTGTTTCGGGTACTGTCCGG,21,1,57.1,3,TTT,No,No,
ATTTGTACGCAGACGAGTAGT,21,1,42.9,3,TTT,Yes,No,
AAGTCTCATTATCCTAGTGGG,21,1,42.9,3,GGG,Yes,No,
TATTAGTATCGGATGTTGTAT,21,1,28.6,2,TT,Yes,Yes,TAG
ATGTATAGTCAGATTATGTGT,21,1,28.6,2,TT,Yes,No,
ATTACGGCTATTAATTATGAG,21,1,28.6,2,TT,Yes,No,
CAGATGAGGAGGAATCCTTTG,21,1,47.6,3,TTT,Yes,No,
CCTGGGAGTACTGCTTCGTCT,21,1,57.1,3,GGG,Yes,No,
GGTTCGGAGATTTTGTTGCTG,21,1,47.6,4,TTTT,Yes,No,
TTTTTGGCTACTTGTATGCTT,21,1,33.3,5,TTTTT,Yes,No,
AAGCTTTAGACTGGGTTGGCAC,22,1,50.0,3,TTT,NA,NA,NA
GCGAGTACGCAGTCGATTAAG,21,1,52.4,2,TT,Yes,No,
TATATGTGTTTGAAGAGGCTG,21,1,38.1,3,TTT,Yes,No,
ACGAATAATGTTGCGCCGGT,20,1,50.0,2,AA,NA,NA,NA
GTGATCTGAGGATTAATTTG,20,1,35.0,3,TTT,NA,NA,NA
GCTGGTTGGAGTAATCCGTTG,21,1,52.4,2,GG,Yes,No,
TATAAGAATGAGAGTTTTAAG,21,1,23.8,4,TTTT,Yes,No,
TGGGATCTGCATATGGCTCGT,21,1,52.4,3,GGG,Yes,No,
ATGTAGAGGAATTGTAGTATG,21,1,33.3,2,GG,Yes,Yes,TAG
TCTAGTTTGGTGTATTTTGGT,21,1,33.3,4,TTTT,Yes,No,
GGGGTAGTTTCTGATTGTGATGTT,24,1,41.7,4,GGGG,NA,NA,NA
GGGTAGCCTGATTGTGATGTT,21,1,47.6,3,GGG,Yes,Yes,TAG
CATCAGGGTTTTCGTACGATT,21,1,42.9,4,TTTT,Yes,No,
CCTTCGATTACGTAGATGTCT,21,1,42.9,2,CC,Yes,Yes,TAG
ACTCCTCCAGTACGAAG,17,1,52.9,2,CC,NA,NA,NA
AAGAATAGGAATAGGCTTTAT,21,1,28.6,3,TTT,Yes,No,
ATGCCTAATACAAGAGGTA,19,1,36.8,2,CC,NA,NA,NA
CTTATGGATTGGGCGGATGAT,21,1,47.6,3,GGG,Yes,No,
ATTAAGAGTTTGGCGTCATTCT,22,1,36.4,3,TTT,NA,NA,NA
CAGGCGATGTATCGGGAGAAT,21,1,52.4,3,GGG,Yes,No,
ATTTATGTTCGTTTGAGGGAT,21,1,33.3,3,TTT,Yes,No,
GGTTAGTGTTTTAAGATGAGT,21,1,33.3,4,TTTT,Yes,Yes,TAG
AATCGGTGGCTTCTTATGGAT,21,1,42.9,2,AA,Yes,No,
TCTTAGGAGTTGTCTGTTGTG,21,1,42.9,2,TT,Yes,Yes,TAG
TATGTGTTGTCGTAGCGTATT,21,1,38.1,2,TT,Yes,Yes,TAG
AGGAGGTCGAGTATTAGAAGTTG,23,1,43.5,2,GG,NA,NA,NA
TGTGCTGATAGGAATCAGTCT,21,1,42.9,2,GG,Yes,No,
CATACGTATAATAGTCGGAAT,21,1,33.3,2,AA,Yes,No,
ACTCTTAATTGTTGGCCTCAT,21,1,38.1,2,TT,Yes,No,
ATTATTCGGACTCCTTTAAT,20,1,30.0,3,TTT,NA,NA,NA
TATCTTATTGTTAATACGTCT,21,1,23.8,2,TT,Yes,No,
ATTCTGTTTGCTATTATTTGT,21,1,23.8,3,TTT,Yes,No,
CCGTAGCCTGATACGAGTTCT,21,1,52.4,2,CC,Yes,Yes,TAG
GAGTAGTGTTCGAAGGTTAAT,21,1,38.1,2,TT,Yes,Yes,TAG
ACTTGTGATCTGTATTCGTCG,21,1,42.9,2,TT,Yes,No,
TCTCCGGCGTCTATTGCTGAG,21,1,57.1,2,CC,Yes,No,
CCGGATGGGTCTGATTCAACG,21,1,57.1,3,GGG,No,No,
GTTGATAGTTATGTTATGCAT,21,1,28.6,2,TT,Yes,No,
CTGTCGCATTGTCAGCTGGCT,21,1,57.1,2,TT,Yes,No,
GCGTATCCTTTTATTACGAAG,21,1,38.1,4,TTTT,Yes,No,
CTTGCGAAGGATATGTCTGCG,21,1,52.4,2,TT,Yes,No,
GATGCGGTGTATCCTCTGTAG,21,1,52.4,2,GG,Yes,Yes,TAG
AGTGCGCATAAGATGGATGGG,21,1,52.4,3,GGG,Yes,No,
ATTTAGAGGAGGTATGTGTCT,21,1,38.1,3,TTT,Yes,Yes,TAG
GATCCGAATATTGGTATTCTT,21,1,33.3,2,CC,Yes,No,
CCTGATAAGTAGTATCAGCAT,21,1,38.1,2,CC,Yes,Yes,TAG
AGGTTTTCGTTTCATACTCTG,21,1,38.1,4,TTTT,Yes,No,
GCTGTTGCGTCGACGGTGCCT,21,1,66.7,2,TT,Yes,No,
CGAAGACTAATGTGGCTCAG,20,1,50.0,2,AA,NA,NA,NA
GATCAGTTTCCGTTTCATCAT,21,1,38.1,3,TTT,Yes,No,
GTTTGTAATCAGTGTACTATT,21,1,28.6,3,TTT,Yes,No,
GCTCAGACTTTTTATAGTTTT,21,1,28.6,5,TTTTT,Yes,No,
AGGCGGACTAGTACTATTTGT,21,1,42.9,3,TTT,Yes,No,
AGGAATGCGTTGGCCGCCTTAT,22,1,54.5,2,GG,NA,NA,NA
AGTCATCCGGATATGAGTATT,21,1,38.1,2,CC,Yes,No,
TCTTATACGGCTACGATTGTT,21,1,38.1,2,TT,Yes,No,
ACGGCTGTGGGTAAGCGGGTG,21,1,66.7,3,GGG,Yes,No,
ATTAAGAATGCGACTTAGTAG,21,1,33.3,2,TT,Yes,Yes,"TAG,TAG"
GTGGATATGAAGAATTATATG,21,1,28.6,2,GG,Yes,No,
TTGTATGATGCTATGAATCAT,21,1,28.6,2,TT,Yes,No,
GCGACTACGTAGACTTTTAGG,21,1,47.6,4,TTTT,Yes,Yes,TAG
AGGTTTTGGCAGCAGGGTTGG,21,1,57.1,4,TTTT,Yes,No,
GCGCCTTTGATTTTGCATCCT,21,1,47.6,4,TTTT,Yes,No,
CTTGGGACTGCGTCGTGTTGT,21,1,57.1,3,GGG,Yes,No,
AGTGTTCTGACTATGGAGCGT,21,1,47.6,2,TT,Yes,No,
GCGGAGAGGTACTTGAAG,18,1,55.6,2,GG,NA,NA,NA
ACGATGTGGTTGCTGTTTCGG,21,1,52.4,3,TTT,Yes,No,
GTGTGTAATGCTGATATTCAT,21,1,33.3,2,AA,Yes,No,
CTGGAGTATCCTAAGCCGGTT,21,1,52.4,2,GG,Yes,No,
CTGTCTTATACTCTGGAGAAT,21,1,38.1,2,TT,Yes,No,
CCTATTGGTGAGGTTGGGGTG,21,1,57.1,4,GGGG,Yes,No,
AATGAGCCTCCTAGGTATGTG,21,1,47.6,2,AA,Yes,No,
GGTGTGTTGTCTGATTGTTAT,21,1,38.1,2,GG,Yes,No,
TAGAAGTCTAATAATGGTATT,21,1,23.8,2,AA,Yes,Yes,TAG
TCGACTAAGACTAATGAGCCT,21,1,42.9,2,AA,Yes,No,
ACTGAGACGCATACTTCTAGT,21,1,42.9,2,TT,Yes,No,
CCGCCTTCAGGTTCGGCCGAGT,22,1,68.2,2,CC,NA,NA,NA
GGGATTCGGAAGTAGACGGAG,21,1,57.1,3,GGG,Yes,Yes,TAG
AGTGGTACGATTTGTAGTAGT,21,1,38.1,3,TTT,Yes,No,
TCTAGTTTTATGCTTCTGTGG,21,1,38.1,4,TTTT,Yes,No,
TATTATAATAAGTAGCAGTTT,21,1,19.0,3,TTT,Yes,Yes,TAG
CAGGGGACGCATCAGCCTTCG,21,1,66.7,4,GGGG,Yes,No,
AGTATTATTTTTATTGTGATT,21,1,14.3,5,TTTTT,Yes,No,
ATTGTGTGGGAGCAGATGCAT,21,1,47.6,3,GGG,Yes,No,
TATTGTAGTACGACTAATGAAT,22,1,27.3,2,TT,NA,NA,NA
ACTCATAAGGTTCATATTAGG,21,1,33.3,2,AA,Yes,No,
ACGCCGGGTAGTTATATTCTT,21,1,42.9,3,GGG,Yes,No,
GCTACTTGGCATAGTAGTAGG,21,1,47.6,2,TT,Yes,No,
GTTGATTGTCATAATAATATT,21,1,19.0,2,TT,Yes,No,
TTTGATTTTCATGTTTTGTAT,21,1,19.0,4,TTTT,Yes,No,
TTTGATTTTCATGTTTTTCCTGAT,24,1,25.0,5,TTTTT,NA,NA,NA
GAGGGGATAGTCATAGGCGGACT,23,1,56.5,4,GGGG,NA,NA,NA
ATGGATAGTGGGGAGGGTGCT,21,1,57.1,4,GGGG,Yes,No,
ACTCGGTGTGAGAAGTCTAAT,21,1,42.9,2,GG,Yes,No,
GATGAGGAGCATCGGGATGAG,21,1,57.1,3,GGG,Yes,No,
CATAGTCCTGTGCATTATTAT,21,1,33.3,2,CC,Yes,No,
TGTAGGAAGCTTAATGATAGT,21,1,33.3,2,GG,Yes,No,
CCGCTGATGAGGGAGTCGAGT,21,1,61.9,3,GGG,Yes,No,
AGGGGTCTTTAGTGTTATGCT,21,1,42.9,4,GGGG,Yes,Yes,TAG
ATTTCGGTTTCGGATCTTTCT,21,1,38.1,3,TTT,Yes,No,
GTTAATACGCCTGATATTTCG,21,1,38.1,3,TTT,Yes,No,
AGGACTTCGATTATTTTGCAG,21,1,38.1,4,TTTT,Yes,No,
AATATTCTTGATGGTTATGCT,21,1,28.6,2,AA,Yes,No,
AAGCATTCTGGGTCGGTGCAG,21,1,57.1,3,GGG,Yes,No,
CCTAATCAGTCTTAGTAGCAG,21,1,42.9,2,CC,Yes,Yes,"TAG,TAG"
CATGGGATGTCGCATATTGTG,21,1,47.6,3,GGG,Yes,No,
TGGTATTTTACGATTCTTCGT,21,1,33.3,4,TTTT,Yes,No,
CGGCGGGATTTTTCTTTTTAGT,22,1,40.9,5,TTTTT,NA,NA,NA
AATGTTCGTTCTAATGTTTTT,21,1,23.8,5,TTTTT,Yes,No,
CCTTAGACTTTGATTACGGGG,21,1,47.6,4,GGGG,Yes,Yes,TAG
CAGCTTGTTTTTACTCCTACG,21,1,42.9,5,TTTTT,Yes,No,
GTTTAGGGGGTTCGTCTGTTG,21,1,52.4,5,GGGGG,Yes,Yes,TAG
CATGATAGTGATCGGACTTGG,21,1,47.6,2,GG,Yes,No,
AATAATTAGTGTCTTGATTAT,21,1,19.0,2,AA,Yes,Yes,TAG
CGTATGGCTGATGCTTAGCAG,21,1,52.4,2,GG,Yes,Yes,TAG
CTTAATGTTCCTGAGTAGTAG,21,1,38.1,2,TT,Yes,Yes,"TAG,TAG"
AAGCGGTTTGTGATGCGTAGT,21,1,47.6,3,TTT,Yes,No,
TTGTCTTGTCCTCCTTGGAAG,21,1,47.6,2,TT,Yes,No,
ATTTCGTAGCATTGTAATAAT,21,1,23.8,3,TTT,Yes,Yes,TAG
ATTGCTTTTTCGACGTTTCTG,21,1,38.1,5,TTTTT,Yes,No,
GCTCATTGTTAGAGGAATAAT,21,1,33.3,2,TT,Yes,Yes,TAG
GTTGAGCTTTAGCTGATTTGG,21,1,42.9,3,TTT,Yes,Yes,TAG
ACGTGGGCGACTTATTGTTAG,21,1,47.6,3,GGG,Yes,Yes,TAG
AGGTGTAAGTTGTTTAATTGT,21,1,28.6,3,TTT,Yes,No,
AGGCTTATGGATCCGCCTAAG,21,1,52.4,2,GG,Yes,No,
ACTAAGCCTTGGACTATTTTG,21,1,38.1,4,TTTT,Yes,No,
TGTACTAATTAGTAGCATGGT,21,1,33.3,2,AA,Yes,Yes,"TAG,TAG"
GGGATGTTGCCTTATACGTCT,21,1,47.6,3,GGG,Yes,No,
TCTATTAGGAATATTCTTCTT,21,1,23.8,2,TT,Yes,No,
CATTGTTCGCGTCCTCTGGTG,21,1,57.1,2,TT,Yes,No,
TTTGTTTGGATTGTGAATGCG,21,1,38.1,3,TTT,Yes,No,
AATTGGCGGGAGCCGACTTGG,21,1,61.9,3,GGG,Yes,No,
GGGCAGACTTGGATTAATGAG,21,1,47.6,3,GGG,Yes,No,
CTGGGTGGTCCGGTGAAGTAG,21,1,61.9,3,GGG,Yes,Yes,TAG
ATGGAGGCTATTGTGAGGCTT,21,1,47.6,2,GG,Yes,No,
ATTCAGTCGAAGCCTGCTACG,21,1,52.4,2,TT,Yes,No,
CCTTCTATGATGGGTAGTTGT,21,1,42.9,3,GGG,Yes,No,
GAGGATGATCATTGTCATATT,21,1,33.3,2,GG,Yes,No,
GATCAATGTACGATTGTCATATT,23,1,30.4,2,AA,NA,NA,NA
GATTAGCCTTGGCGGTAGCTG,21,1,57.1,2,TT,Yes,Yes,"TAG,TAG"
TGGTTTGCTTGTATGGAAGTG,21,1,42.9,3,TTT,No,No,
AATCGTAGGAGTATTATGAGT,21,1,33.3,2,AA,Yes,No,
AGGTATTATCGTAATTGGCGT,21,1,38.1,2,GG,Yes,No,
AAGACTCAGTATACTTCTAGT,21,1,33.3,2,AA,Yes,No,
AAGACTGAGTATACTTCTAGT,21,1,33.3,2,AA,Yes,No,
CCTAGTCCTTATAATGCTCGT,21,1,42.9,2,CC,Yes,No,
AGTCCTGATCTTTTGATGACG,21,1,42.9,4,TTTT,Yes,No,
ACTGTTAGTGATACTCTTAGT,21,1,33.3,2,TT,Yes,No,
GAGAATAATTATTGGTTGAGT,21,1,28.6,2,AA,Yes,No,
ACTGAGGGTGCGCTTGCGATT,21,1,57.1,3,GGG,Yes,No,
CTTATTAAGTTTAGGAGGACT,21,1,33.3,3,TTT,Yes,No,
AGGGTGTGTATTGGTGCTTGG,21,1,52.4,3,GGG,Yes,No,
AGTATGACGGAGGAACCTGGTT,22,1,50.0,2,GG,NA,NA,NA
TTGTGGTTGATGTATTGTAGG,21,1,38.1,2,TT,Yes,No,
CGTACTCGAGTTAGGATCCTTCT,23,1,47.8,2,TT,NA,NA,NA
ATGGAGAGGACTAAGTATTAT,21,1,33.3,2,GG,Yes,No,
TATGGGTTGAAGCAGTGGCGT,21,1,52.4,3,GGG,Yes,No,
GGTTCGCTTTATGTGTGTAAT,21,1,38.1,3,TTT,Yes,No,
TATTGTAATAGTCTGAGTATG,21,1,28.6,2,TT,Yes,No,
TTTTTGAAGACGCGGATTATG,21,1,38.1,5,TTTTT,Yes,No,
ACGTCTTAGAATTCTAAGCTT,21,1,33.3,2,TT,Yes,Yes,TAG
ACGGATTATGATTCTACTTAT,21,1,28.6,2,GG,Yes,No,
TGGACTCATCGGCTGTGGAGG,21,1,61.9,2,GG,Yes,No,
CGTAAGCGTAGTCCGTTTAGT,21,1,47.6,3,TTT,Yes,No,
ATGAGTAAGCCTAAGCCTCAG,21,1,47.6,2,AA,Yes,No,
AAGTGTATGGTTAAGCCGCAG,21,1,47.6,2,AA,Yes,No,
CCTGATCATGTTTTGCGGCCG,21,1,57.1,4,TTTT,Yes,No,
TATCCTCGTAATAGGCGGCTT,21,1,47.6,2,CC,Yes,No,
AATTATATGCAGAGTCGTGAG,21,1,38.1,2,AA,Yes,No,
CAGTTTGCTCGTGTGGGTAAT,21,1,47.6,3,TTT,Yes,No,
CATACTTTGTATGTTAAGTGT,21,1,28.6,3,TTT,Yes,No,
TCGCGTTATGTTCCTAAGCGT,21,1,47.6,2,TT,Yes,No,
AAGACGGATAAGCATTATATT,21,1,28.6,2,AA,Yes,No,
GTGCATCAGGTTGGGCCGAAT,21,1,57.1,3,GGG,Yes,No,
GATTATTTGTTGAGTACTAGT,21,1,28.6,3,TTT,Yes,No,
CATACGCATCAGAAGTATAAT,21,1,33.3,2,AA,Yes,No,
GTTAATGGTCATGGGAATAGG,21,1,42.9,3,GGG,Yes,No,
ACTAGGAGTGTTTGTTTGATT,21,1,33.3,3,TTT,Yes,No,
GGTGCTACGTGGACTCCTTAT,21,1,52.4,2,GG,Yes,No,
AGTAGGATGAATGCGTTGGGG,21,1,52.4,4,GGGG,Yes,No,
GTGATGTAGCATCCGTATGTG,21,1,47.6,2,CC,Yes,Yes,TAG
GTGCATTTGTTGAATCGGACT,21,1,42.9,3,TTT,Yes,No,
AATGCTTGGATGCATAGTAAG,21,1,38.1,2,AA,Yes,No,
CGTCGGGTTAAGCCGTTTACG,21,1,57.1,3,GGG,Yes,No,
TGGAGTCAGCATGTTCATATT,21,1,38.1,2,GG,Yes,No,
AAGTTTTTGCGTTGTA,16,1,31.2,5,TTTTT,NA,NA,NA
CTGGGGGATGATACGAAGTCG,21,1,57.1,5,GGGGG,Yes,No,
CGGATGCATCATACGCCGCGG,21,1,66.7,2,GG,Yes,No,
AATGGTCTGAAGGAGGCGCTT,21,1,52.4,2,AA,Yes,No,
ACTGTGTCTCCTTTGAATACG,21,1,42.9,3,TTT,Yes,No,
TCTAATCAGGCTGTGATGGAG,21,1,47.6,2,AA,Yes,No,
GGTAATGATCAGTTTATGCCGC,22,1,45.5,3,TTT,NA,NA,NA
ATGATGGAGTATGTGGGTAAG,21,1,42.9,3,GGG,Yes,No,
CAGTGGTTTAATGAGATGTAT,21,1,33.3,3,TTT,Yes,No,
GTTCCGATTATGGTGTTTCGG,21,1,47.6,3,TTT,Yes,No,
TCGTTTGGGTATTTTTTTTGT,21,1,28.6,8,TTTTTTTT,Yes,No,
GCGCAGAGTTCTCATAATGCG,21,1,52.4,2,TT,Yes,No,
TCTTATCCTCGGGCTCAGTCG,21,1,57.1,3,GGG,Yes,No,
TTGATGCATCCTTATGATTAT,21,1,28.6,2,TT,Yes,No,
TCTACGTTTCCTGGTACTGCG,21,1,52.4,3,TTT,Yes,No,
CAGGTTCCGACGCATATTGCT,21,1,52.4,2,GG,Yes,No,
CGTTTGGTGACGTTGAAGAAG,21,1,47.6,3,TTT,Yes,No,
AATCAGCTGGATATTATTGAT,21,1,28.6,2,AA,Yes,No,
GAGTTTATGGTTCCTCTTAGG,21,1,42.9,3,TTT,Yes,No,
CAGCGTAAGAAGTAGACTACG,21,1,47.6,2,AA,Yes,Yes,TAG
CATTGTCATTGGACTATTGCG,21,1,42.9,2,TT,Yes,No,
CGGGATAGGCGTTAGGGGAAT,21,1,57.1,4,GGGG,Yes,Yes,TAG
GCTAAGACGGCGAAGCCTTTT,21,1,52.4,4,TTTT,Yes,No,
CTTGAGGCTCTTTGTTATTCG,21,1,42.9,3,TTT,Yes,No,
ACTGTTTGTTGGGTTCGGAAT,21,1,42.9,3,TTT,Yes,No,
TATTCGTAGGAGCGTTTGTTT,21,1,38.1,3,TTT,Yes,Yes,TAG
CGTGCGAGGATGTATGGGTCG,21,1,61.9,3,GGG,Yes,No,
GATAGGTCTAGGCAGCTGATT,21,1,47.6,2,GG,Yes,No,
GATATTGAGATTTGGTTTTCT,21,1,28.6,4,TTTT,Yes,No,
CAGCTGGCGAGGGATATTCGG,21,1,61.9,3,GGG,Yes,No,
CTGTGGAGGACTAAGAGGCGT,21,1,57.1,2,GG,Yes,No,
AATGTGAAGTGGTGGTCGTAG,21,1,47.6,2,AA,Yes,Yes,TAG
TAGGGGAATTGGGCTAAGTCG,21,1,52.4,4,GGGG,Yes,Yes,TAG
CCTACTTATGATCGTAATCTT,21,1,33.3,2,CC,Yes,No,
CCGTTGCTGAAGCGTTTTACT,21,1,47.6,4,TTTT,Yes,No,
AAGGCGTCTTTGCAGACGTTT,21,1,47.6,3,TTT,Yes,No,
TCGCCGCGTTATTCGTATGAT,21,1,47.6,2,CC,Yes,No,
TATGATCTGATTTATAGGGAG,21,1,33.3,3,TTT,Yes,No,
AAGTGTGAGTAGAAGATTGGT,21,1,38.1,2,AA,Yes,Yes,TAG
GATTTTTTTACGATGGCTAAG,21,1,33.3,7,TTTTTTT,Yes,No,
ATTTTGACTCGTAAGACGCAG,21,1,42.9,4,TTTT,Yes,No,
AGTTAGTCTTTGCCGAATTCG,21,1,42.9,3,TTT,Yes,Yes,TAG
AAGAGTCTGTTTGGTCGGATT,21,1,42.9,3,TTT,Yes,No,
CCTCATCTGACTTATGTTACT,21,1,38.1,2,CC,Yes,No,
ATGATGATTTATAGTTGTTTT,21,1,19.0,4,TTTT,Yes,No,
CCGCTTGCGCTGTTTTATATT,21,1,42.9,4,TTTT,Yes,No,
TTTAGTCATAAGACGGAGGGG,21,1,47.6,4,GGGG,Yes,No,
ATTGGGGAGATTGAGCATCTT,21,1,42.9,4,GGGG,Yes,No,
ACGATGCAGGGGTGGTATAAT,21,1,47.6,4,GGGG,Yes,No,
AGGGGTGTTTCGTGGGGTTTG,21,1,57.1,4,GGGG,Yes,No,
CATATGTATAATGATCATAAT,21,1,19.0,2,AA,Yes,No,
AGTACTGCTATTGTTGAGACT,21,1,38.1,2,TT,Yes,No,
GATTCGCCTCATTTTCCTGAAG,22,1,45.5,4,TTTT,NA,NA,NA
GGTATGGTTAAGTAGTCTGGG,21,1,47.6,3,GGG,Yes,Yes,TAG
AGGAGGCATAATCTGCAGTAT,21,1,42.9,2,GG,Yes,No,
GCTTCAAGTCCATACT,16,1,43.8,2,TT,NA,NA,NA
CTTCTGTCGAATCGGGAGATT,21,1,47.6,3,GGG,Yes,No,
AGGTTGACTACTGTGATTACG,21,1,42.9,2,GG,Yes,No,
AATGGTATGATTTTTCAGCAT,21,1,28.6,5,TTTTT,Yes,No,
TGTCTGTTGATGTGGGGTAGG,21,1,52.4,4,GGGG,Yes,No,
CGTCGTAATTAGCTTGTGCGT,21,1,47.6,2,AA,Yes,Yes,TAG
TGTTATGATGATAAGACTAGT,21,1,28.6,2,TT,Yes,No,
TTGCGGTTGGCTCTGGATATG,21,1,52.4,2,TT,Yes,No,
CAGTTGGTGCTGCATAGTGAG,21,1,52.4,2,TT,Yes,No,
CATGCGTATCGGAATTGTCCT,21,1,47.6,2,GG,Yes,No,
ACTAGGAATAGGATGTAGCTG,21,1,42.9,2,GG,Yes,Yes,TAG
CGGTAGTTTGGTCAGAAGGTG,21,1,52.4,3,TTT,Yes,Yes,TAG
GGTGCGGGTAAGTAGTCGTAG,21,1,57.1,3,GGG,Yes,Yes,"TAG,TAG"
AATATTGAGAATTATACGCCG,21,1,33.3,2,AA,Yes,No,
AAGATTAAGTTGTATAATCAT,21,1,19.0,2,AA,Yes,No,
CGGCCGACGGATCATTTCG,19,1,63.2,3,TTT,NA,NA,NA
GCGGAGCATGTTTATTTTCGG,21,1,47.6,4,TTTT,Yes,No,
CGTATGTGTGAGTGGTCTCAG,21,1,52.4,2,GG,Yes,No,
TATAATAGGTCGGCGTATTGG,21,1,42.9,2,AA,Yes,No,
CCGATGACGCGTTATCAGTAG,21,1,52.4,2,CC,Yes,Yes,TAG
AATGCGTGCTAGGATGGAGT,20,1,50.0,2,AA,NA,NA,NA
CGTATGGGTCATGTGAGTGGT,21,1,52.4,3,GGG,Yes,No,
CATCGGCATAATATGTCGGAT,21,1,42.9,2,GG,Yes,No,
TGGACGGATATGGAGGTTTGG,21,1,52.4,3,TTT,Yes,No,
AAGCTTACGATGGAGCCTTCT,21,1,47.6,2,AA,Yes,No,
AATGTTTCGTAGCCTCATAGT,21,1,38.1,3,TTT,Yes,Yes,TAG
AGGTGGAACGTAGAGT,16,1,50.0,2,GG,NA,NA,NA
AGGCAGTTGGAGACGTAGAGT,21,1,52.4,2,GG,Yes,Yes,TAG
GTTACTCGTCGTATTAATGAG,21,1,38.1,2,TT,Yes,No,
CGTCGGGATTATAGTCGTAAG,21,1,47.6,3,GGG,Yes,No,
GGTGCTTAGGCGATTCAGTGT,21,1,52.4,2,GG,Yes,Yes,TAG
TGTCGGATGAGTATTACTAAT,21,1,33.3,2,GG,Yes,No,
GCTTATTATCTGCTGCAGGGG,21,1,52.4,4,GGGG,Yes,No,
CCTCATAAGTTTTTTCGGCCT,21,1,42.9,6,TTTTTT,Yes,No,
CTGTTGGCTGCTGCTGCGCGT,21,1,66.7,2,TT,Yes,No,
TTTCAGCGGCATTAGGATGAG,21,1,47.6,3,TTT,Yes,Yes,TAG
CCGAATGTGTGGCTGAAGACT,21,1,52.4,2,CC,Yes,No,
AGGACTTATAAGGTTAAGAAT,21,1,28.6,2,GG,Yes,No,
AATACTAAGGCTACTACGACG,21,1,42.9,2,AA,Yes,No,
CCGGTTATGAGTACGAGTTCG,21,1,52.4,2,CC,Yes,No,
GTTTATCTTCGGGGGAGGGAG,21,1,57.1,5,GGGGG,Yes,No,
TCGAAGCCTCGTATGTGGCTT,21,1,52.4,2,AA,Yes,No,
ACTTATGCGCGTAAGCAGCCG,21,1,57.1,2,TT,Yes,No,
AAGTGTCTTTATAGTGTTAT,20,1,25.0,3,TTT,NA,NA,NA
CGTACTAGGCGTACTCATGAT,21,1,47.6,2,GG,Yes,No,
GACTATTCAGATGACGTATTAG,22,1,36.4,2,TT,NA,NA,NA
CCGCCGTGTTCGTGTTGCAT,20,1,60.0,2,CC,NA,NA,NA
CTGTATTTTATGCCTTCTAAT,21,1,28.6,4,TTTT,Yes,No,
TTTTATAAGCGTGGGTATGTG,21,1,38.1,4,TTTT,Yes,No,
TTTGATTCGGCTATTAATTTT,21,1,23.8,4,TTTT,Yes,No,
ATTACTATTTGGCCTGCGCGT,21,1,47.6,3,TTT,Yes,No,
GATATTACTAGGAATTAGCCG,21,1,38.1,2,TT,Yes,Yes,TAG
CTTGAGCAGCCGGTTTGGCCG,21,1,66.7,3,TTT,Yes,No,
GTGTATCAGGGTTGTCAAACG,21,1,47.6,3,GGG,No,No,
CTGAGTGCGCCGTAGCTGTGT,21,1,61.9,2,CC,Yes,Yes,TAG
CAGTTTTCTTTGACTCGG,18,1,44.4,4,TTTT,NA,NA,NA
CCGGGTGATGCTAATTTTTGG,21,1,47.6,5,TTTTT,Yes,No,
ATGTCTTTGCGTTCTTTGAGT,21,1,38.1,3,TTT,Yes,No,
CATAAGGGTACGACTATGCTG,21,1,47.6,3,GGG,Yes,No,
TATAGTTTGGAGGCGACTCAG,21,1,47.6,3,TTT,Yes,No,
CTTGCGTCTATTACTCCGATG,21,1,47.6,2,TT,Yes,No,
CCTATTAATGTTATGTAGGCG,21,1,38.1,2,CC,Yes,Yes,TAG
CCTATTATGTCTTTTGAGTGG,21,1,38.1,4,TTTT,Yes,No,
TTGTGTGGGGGGACGAGGGTT,21,1,61.9,6,GGGGGG,Yes,No,
AGTAAGAGTTCTAAGCCTTTT,21,1,33.3,4,TTTT,Yes,No,
CCTCCTGATAAGCTTATGTTG,21,1,42.9,2,CC,Yes,No,
CCGCTTCCGCAGGGGAAT,18,1,66.7,4,GGGG,NA,NA,NA
TGTATTTGTTGTTATGTTAT,20,1,20.0,3,TTT,NA,NA,NA
AATATGTGGTGGAGTGCTGGT,21,1,47.6,2,AA,Yes,No,
TCTGTTCAGTTGGTTGAGAGT,21,1,42.9,2,TT,Yes,No,
CTGGCTTAGATGTGGTCGAGG,21,1,57.1,2,GG,Yes,Yes,TAG
TATGGGATTGGTAAGGCTTTG,21,1,42.9,3,GGG,Yes,No,
TCGTAGATTCATGTGGCTCAT,21,1,42.9,2,TT,Yes,Yes,TAG
CTTTTTACTAGGGTGGGGGCG,21,1,57.1,5,TTTTT,Yes,No,
CCTGGTGCGTATATTGAGAAT,21,1,42.9,2,CC,Yes,No,
GAGATGTGGCATTAGGAGACT,21,1,47.6,2,GG,Yes,Yes,TAG
CCGAGGCCTTCTCCTAGGCAT,21,1,61.9,2,CC,Yes,No,
TCTACGAAGTATGTGGTTGAG,21,1,42.9,2,AA,Yes,No,
GGTCATATGTAGGGGAAGGAG,21,1,52.4,4,GGGG,Yes,Yes,TAG
AGTAGGTTGCGTATGAATGGG,21,1,47.6,3,GGG,Yes,No,
CCTTCTAATTGGGTGACGGTG,21,1,52.4,3,GGG,Yes,No,
TGAATACGATGCATGAGTTT,20,1,35.0,3,TTT,NA,NA,NA
CTGATTACTAATCAGTCGCAT,21,1,38.1,2,TT,Yes,No,
GAGTATCCGTAGATGCTTTTT,21,1,38.1,5,TTTTT,Yes,Yes,TAG
TTGCAGTCTCAGAGTAGGGAG,21,1,52.4,3,GGG,Yes,No,
TATCGTCCTCGTTGGAGGCGT,21,1,57.1,2,CC,Yes,No,
CAGACTTGTATTATGATTTCT,21,1,28.6,3,TTT,Yes,No,
AATATGAGTACGCTGAGGCT,20,1,45.0,2,AA,NA,NA,NA
ACGTATGCTTCGAGGACGACT,21,1,52.4,2,TT,Yes,No,
TTTCCGGGTCTTACTGCGCTT,21,1,52.4,3,TTT,Yes,No,
AGGTGGATGTTGCTTTATAAT,21,1,33.3,3,TTT,Yes,No,
TTTAAGAGGATGCGTGCGGA,20,1,50.0,3,TTT,NA,NA,NA
ACGTATACTGAAGTATTTATTTT,23,1,21.7,4,TTTT,NA,NA,NA
AGGGATGATCATAAGTATAGT,21,1,33.3,3,GGG,Yes,No,
CGTTCTCAGTATTCGTCGCGT,21,1,52.4,2,TT,Yes,No,
TTTACGAATCAGCTTAATCTG,21,1,33.3,3,TTT,Yes,No,
CATGATAGGACGCAGAATAAG,21,1,42.9,2,GG,Yes,No,
TCGAATAAGCCTTGTTCGCGT,21,1,47.6,2,AA,Yes,No,
AGTCTGCCGATTGATAGTAGT,21,1,42.9,2,CC,Yes,No,
GGTATGGATGCTAGGATGGGT,21,1,52.4,3,GGG,Yes,No,
CCTCCGATGGAGTAGGTTCTT,21,1,52.4,2,CC,Yes,Yes,TAG
CGTTCGGGGAGTATTTTGCAT,21,1,47.6,4,GGGG,Yes,No,
ACGGGTTTTACTTTTATTGAG,21,1,33.3,4,TTTT,Yes,No,
CTTAATAAAGGAGGAATTGTATG,23,1,30.4,3,AAA,NA,NA,NA
CCGAATTGTGAGCAGTCTACG,21,1,52.4,2,CC,Yes,No,
GTTGTTAATATGATTGCGCGG,21,1,42.9,2,TT,Yes,No,
TTGATGTTGTGTAAGGCGATG,21,1,42.9,2,TT,Yes,No,
GGTTTTTGGACGGCTATGGCG,21,1,57.1,5,TTTTT,Yes,No,
AGTCCTATTTGGAATGAGCTG,21,1,42.9,3,TTT,Yes,No,
CTGAGTGTTGAGGATTCGTAT,21,1,42.9,2,TT,Yes,No,
ACTCCTATCGGGCTGAGCTT,20,1,55.0,3,GGG,NA,NA,NA
AGTTAGAAGCTTAAGGCTAGT,21,1,38.1,2,TT,Yes,Yes,TAG
CGGGAAGATTGAGGGGTGG,19,1,63.2,4,GGGG,NA,NA,NA
CTTTCTCTTCGTGTGAATTGT,21,1,38.1,3,TTT,Yes,No,
CCGAATTATGGGAAGCAGTCT,21,1,47.6,3,GGG,Yes,No,
GAGACTTATAAGCCGTTTCAT,21,1,38.1,3,TTT,Yes,No,
GATAGTCCGCAGTCTAAGTCG,21,1,52.4,2,CC,Yes,No,
AGGCCGTGGAGGTCGGATCCG,21,1,71.4,2,GG,Yes,No,
TATAAGGAGCATAGTGCTTCT,21,1,38.1,2,AA,Yes,No,
TATTATGGTTCTCATCGGCCG,21,1,47.6,2,TT,Yes,No,
ATTTTTAGTTTTGATACTAGT,21,1,19.0,5,TTTTT,Yes,No,
TCTTTTTTTCGTTATAAGCAG,21,1,28.6,7,TTTTTTT,Yes,No,
TCTGAGATTGCTTTTGAGCAG,21,1,42.9,4,TTTT,Yes,No,
TATCGTCTGATGCAGTGTCCG,21,1,52.4,2,CC,Yes,No,
GGTGCGGCGCAGATTGAGTTT,21,1,57.1,3,TTT,Yes,No,
CCGAGTATGATTACGAAGACT,21,1,42.9,2,CC,Yes,No,
TGTTCGTTGTAGATTAATGTT,21,1,28.6,2,TT,Yes,Yes,TAG
CCTTATCGTCCGAGGCTGTGG,21,1,61.9,2,CC,Yes,No,
TATATTCATAATCTGGTTAAG,21,1,23.8,2,TT,Yes,No,
ATGGTCAGAATATGAGTGCGGCT,23,1,47.8,2,GG,NA,NA,NA
CGGCGGGCTCTTAGTAATGAG,21,1,57.1,3,GGG,Yes,No,
CCTGTTAGGTATATGTAGAAT,21,1,33.3,2,CC,Yes,Yes,TAG
GATCATAAGCGTATGTCGTCT,21,1,42.9,2,AA,Yes,No,
AAGAGGCGTGTGACGTAGACG,21,1,57.1,2,AA,Yes,Yes,TAG
CCGCGTCATTATCATCATTAT,21,1,38.1,2,CC,Yes,No,
TCTATTATGTTTGAGTTTTTT,21,1,19.0,6,TTTTTT,Yes,No,
CGTCGTGCTCGGGTTTTTATT,21,1,47.6,5,TTTTT,Yes,No,
AAGGGGTTGACTACGCGGTCG,21,1,61.9,4,GGGG,Yes,No,
TTTTTGTATATTCAGAGTGAT,21,1,23.8,5,TTTTT,Yes,No,
GTGGAGGGTGAGACTCGTTTG,21,1,57.1,3,GGG,Yes,No,
CCTCCTTTTTTTCGGGAGTCT,21,1,47.6,7,TTTTTTT,Yes,No,
CAGGCTTTTGAGAGTGTGCCG,21,1,57.1,4,TTTT,Yes,No,
ATGAATAGTAATTTGTTGCAG,21,1,28.6,3,TTT,Yes,No,
AATAAGCCGCGGGCTCAGCAT,21,1,57.1,3,GGG,Yes,No,
GGGAGTGGTAATCTGCTGGTG,21,1,57.1,3,GGG,Yes,No,
CTTTATCTGTTTGGTATGTCT,21,1,33.3,3,TTT,Yes,No,
ATGCCTTTTGAGAGGTGTAAT,21,1,38.1,4,TTTT,Yes,No,
AGGCGGTTTTTTAATAAGAAT,21,1,28.6,6,TTTTTT,Yes,No,
AAGGTTTGTATTATTCCTATT,21,1,23.8,3,TTT,Yes,No,
ATTTCGGTTGCTATTCTGCTT,21,1,38.1,3,TTT,Yes,No,
GCTCGGAGTGCGTCTAATGTG,21,1,57.1,2,GG,Yes,No,
GCTACGTTGCTTGATACGTTG,21,1,47.6,2,TT,Yes,No,
TTTTGTTGGCTTAAGAATATT,21,1,23.8,4,TTTT,Yes,No,
TTGCCTCTGTCGAGGTCTACT,21,1,52.4,2,TT,Yes,No,
ACTCATTATTAGTATGCGTAG,21,1,33.3,2,TT,Yes,Yes,"TAG,TAG"
TTTTAGTTGTAGAATATTCTT,21,1,19.0,4,TTTT,Yes,Yes,"TAG,TAG"
TATATGAAGACTCCTAAGAAG,21,1,33.3,2,AA,Yes,No,
TCTCTTTTTAATCATCAGAGT,21,1,28.6,5,TTTTT,Yes,No,
CTTAGTTGTGATATTCTGAAT,21,1,28.6,2,TT,Yes,No,
CCGTAGGTTTATGTGGAGTTT,21,1,42.9,3,TTT,Yes,Yes,TAG
CTGAATCTGACTACTGTGTGT,21,1,42.9,2,AA,Yes,No,
GTTTTTATACGTCTGCTGAT,20,1,35.0,5,TTTTT,NA,NA,NA
TGGCTGGATATTGGTATGACT,21,1,42.9,2,GG,Yes,No,
TGTAAGGGTTATCATTGTACG,21,1,38.1,3,GGG,Yes,No,
GAGCTGTTTAGTGATACTAGT,21,1,38.1,3,TTT,Yes,No,
ATGGATTATAGGAGTACGTCT,21,1,38.1,2,GG,Yes,No,
GCTACTCTTCGTCCGACGCGT,21,1,61.9,2,TT,Yes,No,
CATAATGTGGGGGATAGTAAT,21,1,38.1,5,GGGGG,Yes,No,
CAGTCTTATAAGCCGCTTCTG,21,1,47.6,2,TT,Yes,No,
AGGACTATGGCGGCGCTTCAG,21,1,61.9,2,GG,Yes,No,
GATCCGCGTCTTAGTTTTAAG,21,1,42.9,4,TTTT,Yes,No,
TTCGTGTTGTTCGATGCGT,19,1,47.4,2,TT,NA,NA,NA
CATAGTATTACTCGGATTAAG,21,1,33.3,2,TT,Yes,No,
CTGTAGCATCTGACGTAGCAT,21,1,47.6,1,C,Yes,Yes,"TAG,TAG"
TGTAAGGGTGAGTGTTGGATG,21,1,47.6,3,GGG,Yes,No,
TTTATGACTAGTCATAATATT,21,1,19.0,3,TTT,Yes,No,
GGTATGCTGGATATTTTGTTTG,22,1,36.4,4,TTTT,NA,NA,NA
GAGGGTAATGTGTAGTATGG,20,1,45.0,3,GGG,NA,NA,NA
CATGTGATTTTTTGGCATACG,21,1,38.1,6,TTTTTT,Yes,No,
AGGGAGCCTCGTTGGCTTCTG,21,1,61.9,3,GGG,Yes,No,
ATTTGTGGTATTTCTGCTGGG,21,1,42.9,3,TTT,Yes,No,
TCGCTGGTGCTTTAGACGATT,21,1,47.6,3,TTT,Yes,Yes,TAG
ATGTTGGTTGATGATCATAAT,21,1,28.6,2,TT,Yes,No,
GATCTTGAAGAAGCG,15,1,46.7,2,TT,NA,NA,NA
AAGACGTAGAACTGGAG,17,1,47.1,2,AA,NA,NA,NA
CCGTGGTCGCATTATCGTACT,21,1,52.4,2,CC,Yes,No,
CGGACTGCGCGTGCTACTCAAG,22,1,63.6,2,GG,NA,NA,NA
TTGGCTACGCTGGAGAGGAAG,21,1,57.1,2,TT,Yes,No,
AATATTATGAATGATTTGCGG,21,1,28.6,3,TTT,Yes,No,
AATCATGATGTGTTTGGTGGT,21,1,38.1,3,TTT,Yes,No,
TCTGGGATGCATCTTTTTAG,20,1,40.0,5,TTTTT,NA,NA,NA
GATTATTTGGTTTTGTTTATT,21,1,19.0,4,TTTT,Yes,No,
TTGGCGCTTATGTTTCTGTGG,21,1,47.6,3,TTT,Yes,No,
GCTATTCATACGTTGACGTTT,21,1,38.1,3,TTT,Yes,No,
GCTATTCAGACGTTGACGTTT,21,1,42.9,3,TTT,Yes,No,
TTGTTCCGTTTTGGGTCGCAT,21,1,47.6,4,TTTT,No,No,
TGTTAGTAGCAGCATCAGTTG,21,1,42.9,2,TT,Yes,Yes,"TAG,TAG"
CTTGCGCCTTAGATTCGGCTG,21,1,57.1,2,TT,Yes,Yes,TAG
AAGAATTTTTCTTGTAATTTG,21,1,19.0,5,TTTTT,Yes,No,
TTTCATACGACTAATAGGTAT,21,1,28.6,3,TTT,Yes,No,
GGTATGAATAAGACGTCTAGG,21,1,42.9,2,GG,Yes,No,
GAGCATTGGCCGTTGTTGGTG,21,1,57.1,2,TT,Yes,No,
ACGCAGGAGCAGGATTTTAGT,21,1,47.6,4,TTTT,Yes,No,
GGTTTGCATAGTTTTTATAAG,21,1,28.6,5,TTTTT,Yes,No,
GCGTATAATTCGTCTACTTCT,21,1,38.1,2,AA,Yes,No,
CGTTTTCCTTGTGAGAATACT,21,1,38.1,4,TTTT,Yes,No,
AGGGGTTGGGTTATTCCTCAT,21,1,47.6,4,GGGG,Yes,No,
ATTTCTAAGAATTTGGCGTCT,21,1,33.3,3,TTT,Yes,No,
AAGCGTTCTGAGAAGATGAAT,21,1,38.1,2,AA,Yes,No,
ATGTTTATTAATTATGGTAGT,21,1,19.0,3,TTT,Yes,No,
TCTCATCGGTATCGTGGGCCG,21,1,61.9,3,GGG,Yes,No,
TCGATTCCGGATGCGCGGGGG,21,1,71.4,5,GGGGG,Yes,No,
GTGAAGGAGAGTAATAGTAAT,21,1,33.3,2,AA,Yes,No,
ATGTATTCGACGGGGAGTAGG,21,1,52.4,4,GGGG,Yes,No,
AGTGGGCCGTAGACGAATGAT,21,1,52.4,3,GGG,Yes,Yes,TAG
ATGGTGCTTACTAATCAGCAG,21,1,42.9,2,GG,Yes,No,
TCTCATAGTAAGAAGTATTTG,21,1,28.6,3,TTT,Yes,No,
CATCCGCATGAGCTGATTAGG,21,1,52.4,2,CC,Yes,No,
GGTTTGGAGAAGTCTTCGCAT,21,1,47.6,3,TTT,Yes,No,
TTGTGTAGTAATTAGTGGTAG,21,1,33.3,2,TT,Yes,Yes,"TAG,TAG"
TTTAATTTGGTTCATAATACT,21,1,19.0,3,TTT,Yes,No,
CTTATTAGTTCTTGGGCATCCG,22,1,45.5,3,GGG,NA,NA,NA
CCTAATGATTGGGTTAGGACG,21,1,47.6,3,GGG,Yes,No,
TGGCTTTTTCAGAAGTATGGG,21,1,42.9,5,TTTTT,Yes,No,
TTTAGGCGTATGAGTGATATG,21,1,38.1,3,TTT,Yes,No,
GATATGTCGTTTATTTAGTAT,21,1,23.8,3,TTT,Yes,Yes,TAG
GAGTTGAGTTAGCTGTTTATT,21,1,33.3,3,TTT,Yes,Yes,TAG
TCTGTTAAGTGGGAGGTTTTT,21,1,38.1,5,TTTTT,Yes,No,
AGGTGGAATAATTTTACGAGG,21,1,38.1,4,TTTT,Yes,No,
CATAGTAAGAATATTGCTGGG,21,1,38.1,3,GGG,Yes,No,
CCGTCTCTTATGACGTCGTTT,21,1,47.6,3,TTT,Yes,No,
TTGAAGAGTTATCCGGGTTAT,21,1,38.1,3,GGG,Yes,No,
CGGACTTAGGCGCGTTATAAT,21,1,47.6,2,GG,Yes,Yes,TAG
TCTACTAATGATGGTATTCCG,21,1,38.1,2,AA,Yes,No,
CCTTTGATTAAGTCGTGTATG,21,1,38.1,3,TTT,Yes,No,
TCTGGGTTTCGGCCGCGTCGG,21,1,71.4,3,GGG,Yes,No,
TTTTGGATTAATCTTCCTCCT,21,1,33.3,4,TTTT,Yes,No,
AATATTAATGGGCCTCCTTAT,21,1,33.3,3,GGG,Yes,No,
TCTCATCAGTATATTAAGAATGTT,24,1,25.0,2,TT,NA,NA,NA
AGTCAGAGGACGAATAATAGT,21,1,38.1,2,GG,Yes,No,
ATGATGGCTACTGATGTTCAG,21,1,42.9,2,GG,Yes,No,
AAGAATGTTAGTTTTTATAAGACT,24,1,20.8,5,TTTTT,NA,NA,NA
TGTAATAGTAGGATGAGTGGT,21,1,38.1,2,AA,Yes,No,
CGGATTGCTGCGTATGCGG,19,1,63.2,2,GG,NA,NA,NA
GTTGTTCATTTGGTGGATTGT,21,1,38.1,3,TTT,Yes,No,
CATGTTATTATGATGTAGCGG,21,1,38.1,2,TT,Yes,Yes,TAG
AGTGCGCAGCCTAGGACGGAT,21,1,61.9,2,CC,Yes,No,
ATGTCGCTTATTTCGGCTTCT,21,1,42.9,3,TTT,Yes,No,
AAGAATAATTGTAGTTAGAGG,21,1,28.6,2,AA,Yes,Yes,TAG
CGGTTGGGTCTGGAGAAGTTG,21,1,57.1,3,GGG,Yes,No,
TTGATTTATTTGAGTCTTTGT,21,1,23.8,3,TTT,Yes,No,
GCTCATCCGCTTAGGAGTAAG,21,1,52.4,2,CC,Yes,No,
CTGTATCCGAATTAGGTTGCG,21,1,47.6,2,CC,Yes,Yes,TAG
AAGTAGAAGACTGCTCGTGGG,21,1,52.4,3,GGG,Yes,Yes,TAG
GGGTGGACGACGATGTTTATG,21,1,52.4,3,GGG,Yes,No,
GCGATTGGGCGTAATCATGTG,21,1,52.4,3,GGG,Yes,No,
GATGAGAAAGAAGATCGTGTTG,22,1,40.9,3,AAA,NA,NA,NA
CTTAGTTTGTTGCCTTATGTG,21,1,38.1,3,TTT,Yes,No,
CTTGTTCATAAGATGAATAAG,21,1,28.6,2,TT,Yes,No,
GATGCTAATACTCTGCCGCGT,21,1,52.4,2,AA,Yes,No,
AGTCTGTGTTTTATTCAGATT,21,1,28.6,4,TTTT,Yes,No,
CGTTTGTAGTTTCTGGGTTTT,21,1,38.1,4,TTTT,Yes,Yes,TAG
ACTAATTGGACTTCGTCTCGT,21,1,42.9,2,AA,Yes,No,
AGTTATAGTTTGGTTCCGTAT,21,1,33.3,3,TTT,Yes,No,
CGTTTTTTTCATTTTCAGAGT,21,1,28.6,7,TTTTTTT,Yes,No,
GCTACTAAGCTGGATTTTCCTG,22,1,45.5,4,TTTT,NA,NA,NA
CCTCTTTTTAAGTTTATGAAT,21,1,23.8,5,TTTTT,Yes,No,
TTGAATCAGACTACGTTTAGG,21,1,38.1,3,TTT,Yes,No,
CTGAGTCGGCATTATCATTCG,21,1,47.6,2,GG,Yes,No,
CATAGTAAGTCTAGTCCTAAG,21,1,38.1,2,AA,Yes,No,
AATTGTGATTCGTGGCTTCCT,21,1,42.9,2,AA,Yes,No,
TGTACGGGGTTTGTTCAGAAG,21,1,47.6,4,GGGG,Yes,No,
ACGATTTAGTTGCAGGTTAGT,21,1,38.1,3,TTT,Yes,Yes,TAG
TATAGGACTAGTTGTGTTATT,21,1,28.6,2,GG,Yes,No,
CCTGTTAATTTTTTTGTTCAG,21,1,28.6,7,TTTTTTT,Yes,No,
ATCTTAGCCTCTGCGGATGAAG,22,1,50.0,2,TT,NA,NA,NA
CTTACGGGTAATACGCTTCTG,21,1,47.6,3,GGG,Yes,No,
TGGTGTTGTACGACTGCGAAG,21,1,52.4,2,GG,Yes,No,
GCGAAGCTTAAGCCTAGAAG,20,1,50.0,2,AA,NA,NA,NA
CATGGTTGTGGGCTTTTTGTT,21,1,42.9,5,TTTTT,Yes,No,
AAATCGCTCAGGCGGCGGGGATTCTT,26,1,57.7,4,GGGG,NA,NA,NA
TCTTTTGAGCAGTGGGAGCTT,21,1,47.6,4,TTTT,Yes,No,
CCTAGGGAGTCGTTTACGATG,21,1,52.4,3,GGG,Yes,No,
AGTCCGGAGCTTCATGTGTGT,21,1,52.4,2,CC,Yes,No,
ACGATGAATTGTAAGCTTGTT,21,1,33.3,2,AA,Yes,No,
CTGTATGTTATGTTTGGTTTG,21,1,33.3,3,TTT,Yes,No,
ATTCGTGTGGATCCGTATACG,21,1,47.6,2,TT,Yes,No,
TCGAAGCAGTTGCTTGGTAAT,21,1,42.9,2,AA,Yes,No,
ACGAATATGATGTATGTCGGCG,22,1,45.5,2,AA,NA,NA,NA
CATTCTACGCGTTTTTATTAT,21,1,28.6,5,TTTTT,Yes,No,
AATGCTTAGAGGAATAATACT,21,1,28.6,2,AA,Yes,Yes,TAG
CGTAAGAGTAGGATGGATAGT,21,1,42.9,2,AA,Yes,No,
ATTTTTAGTGGTACGCAGGTT,21,1,38.1,5,TTTTT,Yes,No,
ACTTAGTATATTTCGTAGATG,21,1,28.6,3,TTT,Yes,Yes,"TAG,TAG"
TAGACTGATCCTAATAATGGT,21,1,33.3,2,CC,Yes,Yes,TAG
TTGACTCGTTCTAGGTCTATG,21,1,42.9,2,TT,Yes,No,
CAGAAGTAGCGTGGTAAGACG,21,1,52.4,2,AA,Yes,Yes,TAG
CATCGTCATGCTATGCTTCTG,21,1,47.6,2,TT,Yes,No,
ACTCGTTTGTATTTTACGCATT,22,1,31.8,4,TTTT,NA,NA,NA
CGTGGTAAGGATACGCTGTTT,21,1,47.6,3,TTT,Yes,No,
GCTTATTGGACTTAGTGGGTG,21,1,47.6,3,GGG,Yes,Yes,TAG
GGTATTACGCATGGTACTTTAG,22,1,40.9,3,TTT,NA,NA,NA
TATCGGAAGATGAGGGGTGTT,21,1,47.6,4,GGGG,Yes,No,
AGGGCTTGTCTGAGGGTTTAT,21,1,47.6,3,GGG,Yes,No,
GCAGATGTAGTCAGCATCGG,20,1,55.0,2,GG,NA,NA,NA
GCTATGATGTAGACGCAGGCT,21,1,52.4,2,GG,Yes,Yes,TAG
AATAAGGGGGGGTATTGTAGA,21,1,42.9,7,GGGGGGG,No,No,
CTGATTACTTGGATTATTAAG,21,1,28.6,2,TT,Yes,No,
TATATGGAGTCGATTCCGGGG,21,1,52.4,4,GGGG,Yes,No,
CCGATTAAGTATGATATGGGT,21,1,38.1,3,GGG,Yes,No,
TGTAAGTGGGAGAATATTCCG,21,1,42.9,3,GGG,Yes,No,
CAGTATCGGTCTAGTACTGCT,21,1,47.6,2,GG,Yes,No,
TAGAATTGGACTAATGAGAAT,21,1,28.6,2,AA,Yes,Yes,TAG
GTTGCGTGGCAGCTGCATATG,21,1,57.1,2,TT,Yes,No,
TGTAATGAGCTGTTTATTTTT,21,1,23.8,5,TTTTT,Yes,No,
AAGCGGCTTTTTCATTTTACT,21,1,33.3,5,TTTTT,Yes,No,
CCGTTTCCTGTAAATTGGGAG,21,1,47.6,3,TTT,No,No,
GCGGTTGAGCCGTGTCGGCGG,21,1,76.2,2,GG,Yes,No,
CTGATGAATGAGTTTTAGAAG,21,1,33.3,4,TTTT,Yes,Yes,TAG
CGTAGTTTTTATTATTAGTAT,21,1,19.0,5,TTTTT,Yes,Yes,TAG
TTTAGGTGGTATATGAATGAG,21,1,33.3,3,TTT,Yes,No,
TATCATTATAATATTGAGCTG,21,1,23.8,2,TT,Yes,No,
TGGCATCTGAGGTGTAGGAAT,21,1,47.6,2,GG,Yes,No,
TAGAAGCCTGATCATATTTCT,21,1,33.3,3,TTT,Yes,Yes,TAG
GTTTCGCATAAGTCGCGTAAG,21,1,47.6,3,TTT,Yes,No,
CATGTTTAGTTTATGCATTGG,21,1,33.3,3,TTT,Yes,Yes,TAG
GCTGATACTGCGTATAATAAG,21,1,38.1,2,AA,Yes,No,
AAGCTTCATTATGATTGGGGT,21,1,38.1,4,GGGG,Yes,No,
TGTAATGCGGTTGTTAATGAT,21,1,33.3,2,AA,Yes,No,
AACGGATCGTCGTTATTATGCT,22,1,40.9,2,AA,NA,NA,NA
TAGTTTAATCTGATGTAGAGT,21,1,28.6,3,TTT,Yes,Yes,"TAG,TAG"
TATTCGCCGTATGAGCCTGTT,21,1,47.6,2,TT,Yes,No,
GATCCGTCGCTTTATGTTTTG,21,1,42.9,4,TTTT,Yes,No,
ATGCCTACTGTTCCTTATCCTG,22,1,45.5,2,CC,NA,NA,NA
GCGGTGTGTAGGTATCTTACT,21,1,47.6,2,GG,Yes,No,
TGGTTGGATCTTTTGGAGACT,21,1,42.9,4,TTTT,Yes,No,
TAGCGTCAGCAGACTCCTGGG,21,1,61.9,3,GGG,Yes,Yes,TAG
TGTATTATTATGGATTCGCCG,21,1,38.1,2,TT,Yes,No,
AATAAGAGTAAGTAGGTGGCCT,22,1,40.9,2,AA,NA,NA,NA
GATAATGAGACGAAGATGGTG,21,1,42.9,2,AA,Yes,No,
AAGGGTTTTGAGGCGGTTTGT,21,1,47.6,4,TTTT,Yes,No,
TCGATTAGGAATAATTAGTCG,21,1,33.3,2,TT,Yes,Yes,TAG
CTTTGGGTGTCTATGACGCGG,21,1,57.1,3,TTT,Yes,No,
CCGACGAAGCTTGAGAATCTG,21,1,52.4,2,CC,Yes,No,
CTGAGTGTGGGGACTACTATT,21,1,47.6,4,GGGG,Yes,No,
AAGAAGATGGTTCCGGTTTCT,21,1,42.9,3,TTT,Yes,No,
AGCCGGCTGTTTGTTAATCCG,21,1,52.4,3,TTT,No,No,
GTGAAGATTCGGTGGAATGAT,21,1,42.9,2,AA,Yes,No,
AATATGATTAAGTTTAGTAGG,21,1,23.8,3,TTT,Yes,No,
TCTATTTATAATAATAGTCCG,21,1,23.8,3,TTT,Yes,No,
CCTGGAAGCTTACTGCTGGT,20,1,55.0,2,CC,NA,NA,NA
GCGCTGGAGGGGGGTACTAAT,21,1,61.9,6,GGGGGG,Yes,No,
AATTTGCTTGGTATGGGTCTG,21,1,42.9,3,TTT,Yes,No,
GAGCCGGCGGAGCGGTCGCAG,21,1,81.0,2,CC,Yes,No,
CCTGGTCTTGATATTAAGGGG,21,1,47.6,4,GGGG,Yes,No,
GGGTTGAAGGCGCGGTAGACG,21,1,66.7,3,GGG,Yes,Yes,TAG
TATTGGGCTAATGATACGGGT,21,1,42.9,3,GGG,Yes,No,
CCTTTGAATAATTCTTATTGG,21,1,28.6,3,TTT,Yes,No,
GAGTTTAAGGCTAAGCTTAAT,21,1,33.3,3,TTT,Yes,No,
TCGAGTGTTCATTCGTAGAAT,21,1,38.1,2,TT,Yes,Yes,TAG
GTTAATGGTGATAATATTGAT,21,1,23.8,2,TT,Yes,No,
CATTGTCCGATTCATGGGTAT,21,1,42.9,3,GGG,Yes,No,
ATTAGTCTACTCCTCTG,17,1,41.2,2,TT,NA,NA,NA
ATTAAGCTGTCTACTCCTCTG,21,1,42.9,2,TT,Yes,No,
CTTGTTGTGCCTTCTGGGAAG,21,1,52.4,3,GGG,Yes,No,
CGGCTGGGTTTTGCGCTGTCT,21,1,61.9,4,TTTT,Yes,No,
CCTCAGGTGCATGTTACTGGG,21,1,57.1,3,GGG,Yes,No,
TCTATGCCTGAGCGTGATAAG,21,1,47.6,2,CC,Yes,No,
CATATTTTTATTTGTCAGGAT,21,1,23.8,5,TTTTT,Yes,No,
ATTCGTCTTTTTTATGATACG,21,1,28.6,6,TTTTTT,Yes,No,
TCTCTGAATAAGGATTGGATT,21,1,33.3,2,AA,Yes,No,
TATAGGATTACGGAGAGCAT,20,1,40.0,2,GG,NA,NA,NA
TATGTTCCTGAGCAGCCGCCG,21,1,61.9,2,TT,Yes,No,
AAGCTGTAGACGTAGATGTTT,21,1,38.1,3,TTT,Yes,Yes,"TAG,TAG"
CTTACTAATTCGTTTTATCTT,21,1,23.8,4,TTTT,Yes,No,
TTTACGGATTATTAGCTTAAT,21,1,23.8,3,TTT,Yes,Yes,TAG
ACGGCTATTTGTCGGTTGTTG,21,1,47.6,3,TTT,Yes,No,
ACTATTTGTTGGAGGGAGTGG,21,1,47.6,3,TTT,Yes,No,
GTTGGGCGTAGGACGACTTCG,21,1,61.9,3,GGG,Yes,No,
CTGGCGTTTATGATGGTGCAG,21,1,52.4,3,TTT,Yes,No,
TGGTAGGCTAGGATGAATTTG,21,1,42.9,3,TTT,Yes,Yes,TAG
GCTTGTCTGGAGTAGAGGCGT,21,1,57.1,2,TT,Yes,Yes,TAG
CTGATTTAGAAGCCTTTTAAG,21,1,33.3,4,TTTT,Yes,Yes,TAG
TCTCAGGGGCTTCTCCTAAT,20,1,50.0,4,GGGG,NA,NA,NA
GCTATTAAGATGAATACTCGG,21,1,38.1,2,TT,Yes,No,
TTGTGGTTATTGCTCAGGAG,20,1,45.0,2,TT,NA,NA,NA
ATTACTGAGGCGATTTGTCCG,21,1,47.6,3,TTT,Yes,No,
GTTTTGTAGTATAAGACTTAT,21,1,23.8,4,TTTT,Yes,Yes,TAG
GCTTATCTGACTGTGAATATG,21,1,38.1,2,TT,Yes,No,
CAGGATGTGTATAATTTGACT,21,1,33.3,3,TTT,Yes,No,
CCGAAGAGGGCGTGGCCTGAG,21,1,71.4,3,GGG,Yes,No,
ACTGAGCATCGTTATGGTAAG,21,1,42.9,2,TT,Yes,No,
AGGAATCCGAGTCAGTCTGAT,21,1,47.6,2,GG,Yes,No,
CGTGAGCCGCCGAATATTTCG,21,1,57.1,3,TTT,Yes,No,
CAGATGAATGTGCCTTGGCTG,21,1,52.4,2,AA,Yes,No,
TCTAGGTAGCAGAATCGTAAG,21,1,42.9,2,GG,Yes,Yes,TAG
CGGTCTTATGGTTGTCTTACT,21,1,42.9,2,GG,Yes,No,
CCGGAGTTTTGTTTTACGTTG,21,1,42.9,4,TTTT,Yes,No,
TCTGTGGAGGGTCATCCGACT,21,1,57.1,3,GGG,Yes,No,
CAGAATTTGCATACGTCTATG,21,1,38.1,3,TTT,Yes,No,
ACGAAGAGGAGTGGTAATCCT,21,1,47.6,2,AA,Yes,No,
CAGCATACGTGTTCTTGTCCT,21,1,47.6,2,TT,Yes,No,
ACTGTGTATTCTATTGTTCCG,21,1,38.1,2,TT,Yes,No,
AAATAGTTCGGCGGGTTACT,20,1,45.0,3,AAA,NA,NA,NA
CTGACGAAGACGAGTATTAAT,21,1,38.1,2,AA,Yes,No,
ATGTTGGGTGCTGATATGCCT,21,1,47.6,3,GGG,Yes,No,
TTGGCTATGGAGCTGGATAGT,21,1,47.6,2,TT,Yes,No,
TCTTATATGAATAAGCTTAGT,21,1,23.8,2,TT,Yes,No,
AATGGGATGCATCATTCGGGT,21,1,47.6,3,GGG,Yes,No,
ACGCATAGGGATACTATTAGG,21,1,42.9,3,GGG,Yes,No,
GATAATTGGAGGTGTAGGCCT,21,1,47.6,2,AA,Yes,No,
CTGCGTAATAGGTAGTCGATT,21,1,42.9,2,AA,Yes,Yes,TAG
CAGATAAAGTAGGAGGCG,18,1,50.0,3,AAA,NA,NA,NA
AGGCCCTAGTAATTGTTAGCTG,22,1,45.5,3,CCC,NA,NA,NA
AATTATGGTAAGTATGATGGG,21,1,33.3,3,GGG,Yes,No,
TGGACTTAGTAGAAGTCGCCT,21,1,47.6,2,GG,Yes,Yes,"TAG,TAG"
ACTTCGAGTCTTTCGATTACG,21,1,42.9,3,TTT,Yes,No,
CTTACTTAGAGGTTGAGACAAAT,23,1,34.8,3,AAA,NA,NA,NA
CTTACTTAGAGGTTGACGAAT,21,1,38.1,2,TT,Yes,Yes,TAG
CGGGCGTTGCCTGCGTTTCCT,21,1,66.7,3,GGG,Yes,No,
AATCTGCTTTTGGAGATGTTG,21,1,38.1,4,TTTT,Yes,No,
TGGCGTACTACGTATGTTCAT,21,1,42.9,2,GG,Yes,No,
TTGACGAAGACTTTTGCTCCG,21,1,47.6,4,TTTT,Yes,No,
TGGTCTCATAATGATTCTTCT,21,1,33.3,2,GG,Yes,No,
ATTATTTATACGCATACTTGT,21,1,23.8,3,TTT,Yes,No,
ATGTCTTTTATTTAGATTGAG,21,1,23.8,4,TTTT,Yes,Yes,TAG
CGTTATACGATTACTAATGTG,21,1,33.3,2,TT,Yes,No,
ATGTATTAGATGCCGACTGGT,21,1,42.9,2,TT,Yes,Yes,TAG
TATAAGGTTTCGAGTATTAAG,21,1,28.6,3,TTT,Yes,No,
GATCCTAGTCAGCCGATTTCT,21,1,47.6,3,TTT,Yes,No,
AGTAATTTTCGGATGATTCTG,21,1,33.3,4,TTTT,Yes,No,
CCGCAGCATGAGGGGCTTTTG,21,1,61.9,4,GGGG,Yes,No,
CCGATTCGGCTTGTTTAGGTT,21,1,47.6,3,TTT,Yes,Yes,TAG
GCGCTTACTAAGTCTGGGAGG,21,1,57.1,3,GGG,Yes,No,
CAGAATGTGAAGCGTAGGAGT,21,1,47.6,2,AA,Yes,No,
CTGCGGAAGTATGAGCTTAAT,21,1,42.9,2,GG,Yes,No,
TGTCTTAATTTTAGGCATCCG,21,1,38.1,4,TTTT,Yes,No,
GCGACGGCTTTGGAGCCGGTG,21,1,71.4,3,TTT,Yes,No,
CATCCTCATGATCGGATTCTT,21,1,42.9,2,CC,Yes,No,
ACTGATCATACTGCTCGGAGT,21,1,47.6,2,GG,Yes,No,
GGTCTTTTGTTGTATAATTAT,21,1,23.8,4,TTTT,Yes,No,
GATAAGACGAAGAGGCTTTGG,21,1,47.6,3,TTT,Yes,No,
CTTGTTAATGCGTAGCATAAT,21,1,33.3,2,TT,Yes,Yes,TAG
ACGTAGGCGCCGATGTTGCGT,21,1,61.9,2,GG,Yes,Yes,TAG
GTTATGACTTTTCTGAATCCG,21,1,38.1,4,TTTT,Yes,No,
CATATTGGTCTTAATCGTTAT,21,1,28.6,2,TT,Yes,No,
GGGGCTGAGAATCAGGATACGA,22,1,54.5,4,GGGG,NA,NA,NA
AAGTCGAATCGGTCGCATAAG,21,1,47.6,2,AA,Yes,No,
AGTACGAAGACTTTGGATCAG,21,1,42.9,3,TTT,Yes,No,
TTTCGTTTGTAGATGCATCAG,21,1,38.1,3,TTT,Yes,Yes,TAG
TGTAGTTCTAGGTGAAGCTT,20,1,40.0,2,TT,NA,NA,NA
AATCTGACGAATTATGAGACT,21,1,33.3,2,AA,Yes,No,
CTTTATAGTCCTAATCTTGGT,21,1,33.3,3,TTT,Yes,No,
CGGTCTCTGTATTCTCGTTAG,21,1,47.6,2,GG,Yes,Yes,TAG
GAGGATGTGGATCCTTTTTTG,21,1,42.9,6,TTTTTT,Yes,No,
AATCTGGCTCATTGGCTTGAT,21,1,42.9,2,AA,Yes,No,
TCTTATAGGTATAAGAGTGCG,21,1,38.1,2,TT,Yes,No,
CGTACTCTGACGCTGCGGTTG,21,1,61.9,2,GG,Yes,No,
GCTGTTTTGATGTATGTGCGG,21,1,47.6,4,TTTT,Yes,No,
AGTACTGCGCCTAATCAGCGT,21,1,52.4,2,CC,Yes,No,
GGTATTATTTAGTGTGCGCGG,21,1,47.6,3,TTT,Yes,Yes,TAG
GTTTTGAATGGGAAGCATTGT,21,1,38.1,4,TTTT,Yes,No,
AAGCATTGTTATCGGCGGCAG,21,1,52.4,2,AA,Yes,No,
CGGCCGATTTTGCCGCCGGAT,21,1,66.7,4,TTTT,Yes,No,
AAGAGTATTTTGCAGCCTAGT,21,1,38.1,4,TTTT,Yes,No,
CATTGGCGTTTGATGTTTCCG,21,1,47.6,3,TTT,Yes,No,
TATGCGAGGAAGCCGTTGCGG,21,1,61.9,2,GG,Yes,No,
TGGCGTATGCGGACGAGGAGT,21,1,61.9,2,GG,Yes,No,
TGTACTTGTATTTGTTGTTAG,21,1,28.6,3,TTT,Yes,Yes,TAG
CTTTATTTGGGGACGTTTGAG,21,1,42.9,4,GGGG,Yes,No,
AGTGAGTGGAGTGCTTTTCGT,21,1,47.6,4,TTTT,Yes,No,
TAGAATAAGACGGCTCGGACG,21,1,52.4,2,AA,Yes,Yes,TAG
CATAATTTTTATAGTTGTCAG,21,1,23.8,5,TTTTT,Yes,No,
ATGACTACTTATTCTAATAAG,21,1,23.8,2,TT,Yes,No,
TATCGTAATCATAAGGGTGAG,21,1,38.1,3,GGG,Yes,No,
GAGCTGCGTCATAATGATCAT,21,1,42.9,2,AA,Yes,No,
GCGCCGCGGTCTTATTTTTTT,21,1,47.6,7,TTTTTTT,Yes,No,
ACGACGTCTGTGACTAATAGG,21,1,47.6,2,AA,Yes,No,
ATTACGATTAGGAATAAGCTG,21,1,33.3,2,TT,Yes,No,
AGGTTTGAGATTACGTGGGTT,21,1,42.9,3,TTT,Yes,No,
GAGTAGAATCAGATGTGTGCG,21,1,47.6,2,AA,Yes,Yes,TAG
TATATTTAGTTGAATCATCAG,21,1,23.8,3,TTT,Yes,Yes,TAG
CAGTTTTATAATGATACTAAT,21,1,19.0,4,TTTT,Yes,No,
AATTATTGTGCGAAGACTTGT,21,1,33.3,2,AA,Yes,No,
TAGGTGCATTTGCATTATCTT,21,1,33.3,3,TTT,Yes,Yes,TAG
CGTGATTTGGTTTCTCATTCG,21,1,42.9,3,TTT,Yes,No,
TAGACGCAGTGGTAGAGTAGT,21,1,47.6,2,GG,Yes,Yes,"TAG,TAG"
AGTATTAATAAAGTTCCGTGG,21,1,33.3,3,AAA,No,No,
TAGTTGTTTAGTGGGCGCTT,20,1,45.0,3,TTT,NA,NA,NA
TGTTTTCTTAATCATACTAAT,21,1,19.0,4,TTTT,Yes,No,
TATTGGAGTTGTATTATTAAG,21,1,23.8,2,TT,Yes,No,
GCTGTTCCGAGTCAGCGGTCT,21,1,61.9,2,TT,Yes,No,
CATGTGCTTTGTAGTCTGCGT,21,1,47.6,3,TTT,Yes,No,
GGTGTGCCTGTGTTGCAGAGG,21,1,61.9,2,GG,Yes,No,
GGGTGTGGTGTGTTGCATATT,21,1,47.6,3,GGG,Yes,No,
CCGGTGAAGTTTCCGGTTTCG,21,1,57.1,3,TTT,Yes,No,
TAGAGTTAGTTGATTAAGTAT,21,1,23.8,2,TT,Yes,Yes,"TAG,TAG"
ATGCATCATATGCCTGATTGT,21,1,38.1,2,CC,Yes,No,
CCGCCGATGTCGTCGATTATT,21,1,52.4,2,CC,Yes,No,
GATAATTTTTATACTCAGTAT,21,1,19.0,5,TTTTT,Yes,No,
ACGTATTATATTGATAGGAAT,21,1,23.8,2,TT,Yes,No,
TATCTTCATTTGAGGCATGAG,21,1,38.1,3,TTT,Yes,No,
CGTGATATGAAGTGTGCTCAG,21,1,47.6,2,AA,Yes,No,
AATAATAGGTTGCATCTGAGG,21,1,38.1,2,AA,Yes,No,
AAGCGTCATGGGCTTCCTTAT,21,1,47.6,3,GGG,Yes,No,
CCGTATTTGTTGTATGATCTT,21,1,33.3,3,TTT,Yes,No,
GCTACCGAATATTGTGGTGCAT,22,1,45.5,2,CC,NA,NA,NA
GCTACGAATATTGTGGTGCAT,21,1,42.9,2,AA,Yes,No,
CGGATGACGGCGTTTAATCCG,21,1,57.1,3,TTT,Yes,No,
GTTATTCTTCATGATATGGTG,21,1,33.3,2,TT,Yes,No,
GACTCTTGCGGATTTGAATTTT,22,1,36.4,4,TTTT,NA,NA,NA
TGGAATTTGGATAGTGAGAAT,21,1,33.3,3,TTT,Yes,No,
TCTAAGGCTCAGATTGGTCAT,21,1,42.9,2,AA,Yes,No,
TGTTTTTGTCAGTAGTCTATT,21,1,28.6,5,TTTTT,Yes,Yes,TAG
AAGTTTGTGCGTCGTCGTTTG,21,1,47.6,3,TTT,Yes,No,
GCGATTCATTCTTAGAAGGCT,21,1,42.9,2,TT,Yes,Yes,TAG
TGTTTTACTCTTCTGACTCAT,21,1,33.3,4,TTTT,Yes,No,
TAGTATAATTTGACTCCGTAT,21,1,28.6,3,TTT,Yes,Yes,TAG
TGGCTGGCGTAGTATGGTGAT,21,1,52.4,2,GG,Yes,Yes,TAG
CCTAGTAATCAGGAGTCTGCG,21,1,52.4,2,CC,Yes,No,
GATTTTACGGCTAATTAGCTG,21,1,38.1,4,TTTT,Yes,Yes,TAG
ACTTGGACGATTGTGGAGGCT,21,1,52.4,2,TT,Yes,No,
CCTAATTGTATGGAGAATAAT,21,1,28.6,2,CC,Yes,No,
GTTAAGATGCATCCTAGTAAG,21,1,38.1,2,TT,Yes,No,
CTTTCTTATTATCGTTATTTG,21,1,23.8,3,TTT,Yes,No,
CCTGATACGTCTATTCAGATT,21,1,38.1,2,CC,Yes,No,
TCTGGTTTTCATGGGTGTTGG,21,1,47.6,4,TTTT,Yes,No,
AACTGATAAGTATTCGCGTGAT,22,1,36.4,2,AA,NA,NA,NA
AGTATATTACTCGGCATAAG,20,1,35.0,2,TT,NA,NA,NA
CCTGCTTATGATCTGTAGATG,21,1,42.9,2,CC,Yes,Yes,TAG
CTTATTAGTCGTCATAATTCT,21,1,28.6,2,TT,Yes,No,
GATAAGGCGAGTCCGCATGAG,21,1,57.1,2,AA,Yes,No,
CCTATGCTTACTCGGAGTCCG,21,1,57.1,2,CC,Yes,No,
CGTATTTAGTCTAATATTAAG,21,1,23.8,3,TTT,Yes,Yes,TAG
ACTTCTATGTCTTTGATTATG,21,1,28.6,3,TTT,Yes,No,
GCTTTGGGGCATCCGATTTTG,21,1,52.4,4,GGGG,Yes,No,
TTGATGCGTACGCATTCTTCT,21,1,42.9,2,TT,Yes,No,
ACTCCGTCTTCGGCTGATGAT,21,1,52.4,2,CC,Yes,No,
ACTCTGGGGCATTTTATTCCAGC,23,1,47.8,4,GGGG,NA,NA,NA
TTTTACTAATCATCGTCGGTCG,22,1,40.9,4,TTTT,NA,NA,NA
AATCTTGCTACGTCTTATGGT,21,1,38.1,2,AA,Yes,No,
GCGCATTGGGAGCGGTGTCGT,21,1,66.7,3,GGG,Yes,No,
ACTACGACTACTTAGCATTAT,21,1,33.3,2,TT,Yes,Yes,TAG
CGGAATATTTGGGGTAGTACTC,22,1,45.5,4,GGGG,NA,NA,NA
ATTCCTAAGATGCGTTATGTG,21,1,38.1,2,TT,Yes,No,
CCGCAGAATTCAAGAGGAATTAT,23,1,39.1,2,CC,NA,NA,NA
ATTGTGTTGAATACGCTGACG,21,1,42.9,2,TT,Yes,No,
GTGTTTATTTATTGTAGTGAT,21,1,23.8,3,TTT,Yes,No,
GCTGAGGATTAGCATCAGGAG,21,1,52.4,2,GG,Yes,Yes,TAG
CCTAGGCGGCCGTCGGGGTCG,21,1,81.0,4,GGGG,Yes,No,
ATTAAGTCTATTGATG,16,1,25.0,2,TT,NA,NA,NA
TGGCATGTTCGGCATTGTTAG,21,1,47.6,2,GG,Yes,Yes,TAG
TCTGGGTCGGCTTTGGGGTTG,21,1,61.9,4,GGGG,Yes,No,
TAGAGTACGGCTTGGACGACG,21,1,57.1,2,GG,Yes,Yes,TAG
AGGGAGCTCACGCATAATACT,21,1,47.6,3,GGG,No,No,
GTTTCTTTGAGTATTAAGCGG,21,1,38.1,3,TTT,Yes,No,
CTTAGGTGGAGGATGCATACT,21,1,47.6,2,TT,Yes,No,
ACTACGAAGCGGCAGCGTAGT,21,1,57.1,2,AA,Yes,No,
ACTTTGTCGTAGGTTATTCTT,21,1,33.3,3,TTT,Yes,Yes,TAG
GCTTTTGAGGATGCTGATATT,21,1,38.1,4,TTTT,Yes,No,
ACTCTAGTCTGCGGAAG,17,1,52.9,2,GG,NA,NA,NA
CATAAGGCGTGGAAGAGGTCG,21,1,57.1,2,AA,Yes,No,
GCTATTTAGGCTTAGACTTAG,21,1,38.1,3,TTT,Yes,Yes,"TAG,TAG,TAG"
ACTGTGCGGAGTAAGAGGAAG,21,1,52.4,2,GG,Yes,No,
GATTAGAAGAGGCATTGTTGT,21,1,38.1,2,TT,Yes,Yes,TAG
GCGTGGAATTGGTATGATCTG,21,1,47.6,2,GG,Yes,No,
TATGATGATTGGACGATTCAG,21,1,38.1,2,TT,Yes,No,
GGTACGAATTATATGGCTATG,21,1,38.1,2,GG,Yes,No,
TCGCGTATGCGGCCTATTCGT,21,1,57.1,2,GG,Yes,No,
TATGCGAATACTACTCCTAAT,21,1,33.3,2,AA,Yes,No,
CCTAGGGGTCTTCGGGCGTAT,21,1,61.9,4,GGGG,Yes,No,
GCTGGGGTGCATGTGTATCGG,21,1,61.9,4,GGGG,Yes,No,
CAGGATTAGTCTGTGAAGTAT,21,1,38.1,2,GG,Yes,Yes,TAG
CGGACGAATCGGCCTTATAGT,21,1,52.4,2,GG,Yes,No,
TCGGAGTGCAATCATATT,18,1,38.9,2,GG,NA,NA,NA
AAGTCGGCTACGAGTGTTTAT,21,1,42.9,3,TTT,Yes,No,
TTGTCGCATATGCAGTTTTCT,21,1,38.1,4,TTTT,Yes,No,
CCGTGGACGCATAGGAAGCTT,21,1,57.1,2,CC,Yes,No,
TTGCAGCGTACGAGTCCTTAT,21,1,47.6,2,TT,Yes,No,
CCGAGTATTCATCTTGATAAG,21,1,38.1,2,CC,Yes,No,
ACTGATTCGAAGAGGCAGAGG,21,1,52.4,2,TT,Yes,No,
CCGGGGTTGGATGATCTGTAT,21,1,52.4,4,GGGG,Yes,No,
CTTTGTTGTAATTTTTTTCTT,21,1,19.0,7,TTTTTTT,Yes,No,
ATGTCTACTCGTATGATTCAT,21,1,33.3,2,TT,Yes,No,
CGTCCTAAGACTTGTAGGAAG,21,1,47.6,2,CC,Yes,No,
ACTAATGATGTGCATATTATT,21,1,23.8,2,AA,Yes,No,
CCTACGACGGTGCCGCCGGTT,21,1,71.4,2,CC,Yes,No,
TATGTGCCTTCTTCTCGTTGG,21,1,47.6,2,CC,Yes,No,
GAGAATAGTTTTCCTGGTAAT,21,1,33.3,4,TTTT,Yes,No,
CGTCATTCTTCTCAGTAGCCT,21,1,47.6,2,TT,Yes,Yes,TAG
TGTAGGAGTTAGATTGGGACT,21,1,42.9,3,GGG,Yes,Yes,TAG
TCTTTTATGTATATTCTTAAT,21,1,14.3,4,TTTT,Yes,No,
ATGAATTTTATTGAGTAGTCG,21,1,28.6,4,TTTT,Yes,Yes,TAG
TCTTCGCCTACTATTAAGATG,21,1,38.1,2,TT,Yes,No,
TTTTATTTGCGTATGCGTGAG,21,1,38.1,4,TTTT,Yes,No,
TATCCGACTCTTATGCCTGCG,21,1,52.4,2,CC,Yes,No,
TATGAGATTATTCGTAAGATG,21,1,28.6,2,TT,Yes,No,
CCTATTTATTTGACTGGGCTG,21,1,42.9,3,TTT,Yes,No,
GAGAATTTTAGTAGGCTGTTG,21,1,38.1,4,TTTT,Yes,No,
CCGATTTAGAATTTTTTTAAT,21,1,19.0,7,TTTTTTT,Yes,Yes,TAG
CTTTATTTTGATTATGCTCAT,21,1,23.8,4,TTTT,Yes,No,
ATTCCGACTAAGGTGGCGTAT,21,1,47.6,2,TT,Yes,No,
CATCTTGAGCAGCCTATTATT,21,1,38.1,2,TT,Yes,No,
GCGATGATTCTTATTGAGCAT,21,1,38.1,2,TT,Yes,No,
CATAGTGATGTGGATCTTTTG,21,1,38.1,4,TTTT,Yes,No,
AAGTTGCTGAAGTTGCCGGAT,21,1,47.6,2,AA,Yes,No,
CTTGGGATGATTATGGGGTGG,21,1,52.4,4,GGGG,Yes,No,
AATGTTATGACTACGCCGCTT,21,1,42.9,2,AA,Yes,No,
TGTTCGCGTTTTACTAGGCTT,21,1,42.9,4,TTTT,Yes,No,
TATGAGATTAGGTCTCCTCCG,21,1,47.6,2,TT,Yes,No,
AGGGCTACGTAGTTTCGTTAT,21,1,42.9,3,GGG,Yes,Yes,TAG
ATTTGTACTTATCCTCCTTCT,21,1,33.3,3,TTT,Yes,No,
AGGGGGTCGATGTATCCGGAT,21,1,57.1,5,GGGGG,Yes,No,
GCTCAGTCATCCGTTAAGCTG,21,1,52.4,2,CC,No,No,
TGGACGCTGTTTAAGCAGTCG,21,1,52.4,3,TTT,Yes,No,
ATGGTTCTTGATCCTTATAGT,21,1,33.3,2,GG,Yes,No,
TTTATGAGGTCTAATCGTATTC,22,1,31.8,3,TTT,NA,NA,NA
GCTTATCAGTCTCTTATCCT,20,1,40.0,2,TT,NA,NA,NA
GCTTCGCATGATCATACTAGT,21,1,42.9,2,TT,Yes,No,
AATCGGTATCGTTCTTATATT,21,1,28.6,2,AA,Yes,No,
CTGACGTAGTCTAGTGGTGTG,21,1,52.4,2,GG,Yes,Yes,TAG
AAGGTTCGTTCGTCTTTTTGG,21,1,42.9,5,TTTTT,Yes,No,
CTTTCGTAGCTGAATACTCAG,21,1,42.9,3,TTT,Yes,Yes,TAG
CTGATGTTTTCTCATGATGGG,21,1,42.9,4,TTTT,Yes,No,
TATATGACGGTTTATAATCCG,21,1,33.3,3,TTT,Yes,No,
CGGACTAGGGCGGATATGTTT,21,1,52.4,3,GGG,Yes,No,
ATGGTGACTTGGATTATGCCT,21,1,42.9,2,GG,Yes,No,
TTGATTCTTCATCTGAAGTGG,21,1,38.1,2,TT,Yes,No,
CTTGCTTATTCTGTGGTGCAT,21,1,42.9,2,TT,Yes,No,
AATAATTTGAATCTTTTTCCT,21,1,19.0,5,TTTTT,Yes,No,
GTTTATGATGGTGTTTTGGTT,21,1,33.3,4,TTTT,Yes,No,
GCTACTGATAGGATTTGTCTT,21,1,38.1,3,TTT,Yes,No,
CTTGTGTTTAAGTGTTCTAAT,21,1,28.6,3,TTT,Yes,No,
CCTTTGGAGCAGGCGTCTGCT,21,1,61.9,3,TTT,Yes,No,
TAGGGTACGACTACGCGGCAG,21,1,61.9,3,GGG,Yes,Yes,TAG
TCTGTGTTGCCGACGAGGCTT,21,1,57.1,2,TT,Yes,No,
CCTAGTTTTAGTAATAATTAT,21,1,19.0,4,TTTT,Yes,No,
ACTGGGTCGCCTCGGGCTAGG,21,1,71.4,3,GGG,Yes,No,
CGTATGAATTGGGTTCATTGT,21,1,38.1,3,GGG,Yes,No,
CCTAATAGTCGGGGTCATGGT,21,1,52.4,4,GGGG,Yes,No,
TTTACTACGCCGTGGGAGGTT,21,1,52.4,3,TTT,Yes,No,
CATATTCCGAAGCATACGCTT,21,1,42.9,2,TT,Yes,No,
CCTCCTAATAAGGTTATGCTG,21,1,42.9,2,CC,Yes,No,
TTGTTTCCGGGGGATTAGCCT,21,1,52.4,5,GGGGG,Yes,Yes,TAG
GTTACTACTAAGCATAGTTGT,21,1,33.3,2,TT,Yes,No,
AATTTTATGGTGTTTTTGCAT,21,1,23.8,5,TTTTT,Yes,No,
ATTTAGGATTATATTGCGCCT,21,1,33.3,3,TTT,Yes,Yes,TAG
CAGATGCATATTCGGCCGTCT,21,1,52.4,2,TT,Yes,No,
TCGAGGATTTCGAGTTATTAG,21,1,38.1,3,TTT,Yes,Yes,TAG
ACTACGGTGTATCGGAAGCGG,21,1,57.1,2,GG,Yes,No,
ATTGGTACTATGCAGGGGAAT,21,1,42.9,4,GGGG,Yes,No,
TCTAGTCAGTTTACTCGTATT,21,1,33.3,3,TTT,Yes,No,
GGGTCGTCTCGGCATACTCTT,21,1,57.1,3,GGG,Yes,No,
TTTTTTTGTCTATTATGCCTATT,23,1,21.7,7,TTTTTTT,NA,NA,NA
TTTATTACGACGCTGGTTAAG,21,1,38.1,3,TTT,Yes,No,
AATCTGGTGTTGAGGAATGCT,21,1,42.9,2,AA,Yes,No,
TCGGTTCCTGCGGTGTTTTAT,21,1,47.6,4,TTTT,Yes,No,
CATTGGCCTGTGCGGAATCTT,21,1,52.4,2,TT,Yes,No,
ACTTTTAAGCTGGCACTAG,19,1,42.1,4,TTTT,NA,NA,NA
TTGTTTGATCGTGATACGTCT,21,1,38.1,3,TTT,Yes,No,
CGGAATGTGATGGTTCTTTGG,21,1,47.6,3,TTT,Yes,No,
TCTCATCGTCTTGTGTGTTCG,21,1,47.6,2,TT,Yes,No,
ACTATTGGGTGGTATTTGTAT,21,1,33.3,3,GGG,Yes,No,
ACTGAGTATAATTAGACGTCG,21,1,38.1,2,AA,Yes,Yes,TAG
GATCATACGAATATTAGGCAT,21,1,33.3,2,AA,Yes,No,
GCGAGTTATTCGGATTTTACG,21,1,42.9,4,TTTT,Yes,No,
CGTATGCTGTTGAATTGTCTT,21,1,38.1,2,TT,Yes,No,
ATTTTTGGGCTGGATTTGTGT,21,1,38.1,5,TTTTT,Yes,No,
CCTTAGATTTAGCCGAAGCAT,21,1,42.9,3,TTT,Yes,Yes,"TAG,TAG"
ATGTTGTAGCTTACGCCTGAT,21,1,42.9,2,TT,Yes,Yes,TAG
CATTCTCGGTTGAATCTGGGG,21,1,52.4,4,GGGG,Yes,No,
ACGGCTACGGGTGTGACGCAG,21,1,66.7,3,GGG,Yes,No,
CGTAGGGCTTGTGAGGTTCCG,21,1,61.9,3,GGG,Yes,No,
CTGTAGAAGCAGAATGGTACGT,22,1,45.5,2,AA,NA,NA,NA
TATGATGGGCGGCTGTGTATG,21,1,52.4,3,GGG,Yes,No,
GATACTATGCTGCTGGTTATT,21,1,38.1,2,GG,Yes,No,
TTGCCGACTAATCCGTATAAT,21,1,38.1,2,TT,Yes,No,
CTTTTGGCGCGTCAGTTTATT,21,1,42.9,4,TTTT,Yes,No,
GTGTAGCTTTGTCAGGTTAGG,21,1,47.6,3,TTT,Yes,Yes,TAG
AATGATCTTTAGAGTTGTGTG,21,1,33.3,3,TTT,Yes,Yes,TAG
GATAGGTATGTTCGGCCTCCT,21,1,52.4,2,GG,Yes,No,
TCGCGGATGCTTGATCATAGT,21,1,47.6,2,GG,Yes,No,
ATGTGGTGTCATATGCATCAG,21,1,42.9,2,GG,Yes,No,
ACTGAGGGTAGGTTGTGTG,19,1,52.6,3,GGG,NA,NA,NA
CTTTTGACGATTATTCAGTGT,21,1,33.3,4,TTTT,Yes,No,
CGTGCTACGGTTAATTGTGCG,21,1,52.4,2,GG,Yes,No,
CATTATCCGTGGCGTGCTGCG,21,1,61.9,2,TT,Yes,No,
GTTCTTGGGGAGATTCATGGT,21,1,47.6,4,GGGG,Yes,No,
TTTAATGATCTGACTTAGCGG,21,1,38.1,3,TTT,Yes,Yes,TAG
TTGGTTGGTCGGAAGAAGAGT,21,1,47.6,2,TT,Yes,No,
TCGGGGCTGGAGATTTTGGCT,21,1,57.1,4,GGGG,Yes,No,
CGTAAGGCAAGGTGATCGG,19,1,57.9,2,AA,NA,NA,NA
GAGTATAAGCGTAGTGGGAGG,21,1,52.4,3,GGG,Yes,No,
TCTAATCTGAAGAGTAGGCTG,21,1,42.9,2,AA,Yes,No,
CATGCTAATTGGAATGCTTCT,21,1,38.1,2,AA,Yes,No,
TGTTCTCTGTTTAAGAATCTT,21,1,28.6,3,TTT,Yes,No,
TGTCTTATTATTAGTTTTATT,21,1,14.3,4,TTTT,Yes,No,
AGGAATATGAGAATTATGAG,20,1,30.0,2,GG,NA,NA,NA
TTGTATCTTTTGCGTAATAGG,21,1,33.3,4,TTTT,Yes,No,
GTGAAGCCGATTATTTATATG,21,1,33.3,3,TTT,Yes,No,
ATTTGGAATCAGGGGTCGAAT,21,1,42.9,4,GGGG,Yes,No,
AGTGAGTTTCCTTTGAATAAG,21,1,33.3,3,TTT,Yes,No,
TTGTGTGCTAAGTGTAAGAAT,21,1,33.3,2,TT,Yes,No,
TGTCGTAAGGATGTTACTCAT,21,1,38.1,2,AA,Yes,No,
AGGTTTCGTGGTCGTGCGGGT,21,1,61.9,3,TTT,Yes,No,
CTGAAGTAGCGTCGTATTCGT,21,1,47.6,2,AA,Yes,Yes,TAG
CGTAATGAGATTGTTGATTGG,21,1,38.1,2,AA,Yes,No,
CAGATGTTGCCTAAGTGGACG,21,1,52.4,2,TT,Yes,No,
TTGTAGAATATGTGGGATATT,21,1,28.6,3,GGG,Yes,Yes,TAG
ACGACGAGGCCGTTTTTGTAG,21,1,52.4,5,TTTTT,Yes,Yes,TAG
CCGACTAATGATAATTTGAGT,21,1,33.3,3,TTT,Yes,No,
GCGGCTCATCCTAGGATTTTT,21,1,47.6,5,TTTTT,Yes,No,
CTGCCTAATTTTGCGCCTACG,21,1,52.4,4,TTTT,Yes,No,
TCGCGGAATTATCCGCATGGT,21,1,52.4,2,GG,Yes,No,
GTGGCTGAGTAGCCTAATTCG,21,1,52.4,2,GG,Yes,Yes,TAG
CCGCCGGCTCGGTATTATAAG,21,1,57.1,2,CC,Yes,No,
TTAGCCCACTAGTCCTGGGCTT,22,1,54.5,3,CCC,NA,NA,NA
CGTAATAAGATTTGGATTTAG,21,1,28.6,3,TTT,Yes,Yes,TAG
TATCTGTTTACGATTTCGATG,21,1,33.3,3,TTT,Yes,No,
AATTATGTTTCGTTGCGTTAT,21,1,28.6,3,TTT,Yes,No,
ACTTATTATGTGGTGTCTTCT,21,1,33.3,2,TT,Yes,No,
TATGCTGAGTGTGTTTCTCCG,21,1,47.6,3,TTT,Yes,No,
TTTTATCCGAGGTAGATTAAG,21,1,33.3,4,TTTT,Yes,Yes,TAG
GGGGGTCATAATGGGAAGGAT,21,1,52.4,5,GGGGG,Yes,No,
GTGAAGCAGGCTCAGGTGTTG,21,1,57.1,2,AA,Yes,No,
CGGCTTCCGCTTCTTAATGCG,21,1,57.1,2,GG,Yes,No,
GAGGATAAGTAGAATAATCCG,21,1,38.1,2,GG,Yes,Yes,TAG
GTGACTTTTAATAATTGGAAT,21,1,23.8,4,TTTT,Yes,No,
TCGAAGCTTACTGCGAGTCAG,21,1,52.4,2,AA,Yes,No,
GATAGGTATGTTAAGTCTAGT,21,1,33.3,2,GG,Yes,No,
TTTGATCATCATCCTCTTTGG,21,1,38.1,3,TTT,Yes,No,
ATTGTTCCGACTCGTGGTATT,21,1,42.9,2,TT,Yes,No,
CATAGTATGGATAATTTGACG,21,1,33.3,3,TTT,Yes,No,
CCGTTGGCTGCGCCTTCGCAG,21,1,71.4,2,CC,Yes,No,
TCGTAGAATTAGGCTGATAAT,21,1,33.3,2,AA,Yes,Yes,"TAG,TAG"
CTTCCTACTGATTTTAATCAG,21,1,33.3,4,TTTT,Yes,No,
ATGACGACTTTGAAGACGAAT,21,1,38.1,3,TTT,Yes,No,
CTTAAGCTTTTTACTCTTGTT,21,1,28.6,5,TTTTT,Yes,No,
ACTACGAATCTTGTGGGTCAG,21,1,47.6,3,GGG,Yes,No,
TGGCGGAATATTCCGAATAGG,21,1,47.6,2,GG,Yes,No,
ATGGCGTATCATCTTCCGTT,20,1,45.0,2,GG,NA,NA,NA
TCGACTTGTCGTCCTTCTTTAG,22,1,45.5,3,TTT,NA,NA,NA
ACGAGTCATGTGCTGCCGGGG,21,1,66.7,4,GGGG,Yes,No,
TATGCGCATCGGCTGTATTAT,21,1,42.9,2,GG,Yes,No,
CAGTAGCGTAGGCTGACTCTT,21,1,52.4,2,GG,Yes,Yes,TAG
ACTAATATTTCTACTTAGCAG,21,1,28.6,3,TTT,Yes,Yes,TAG
TATTTTGTGGTTTGTGCTGTT,21,1,33.3,4,TTTT,Yes,No,
CTTTAGAAGTATAAGCCGCGT,21,1,42.9,3,TTT,Yes,Yes,TAG
CTTCCTATTAGGTTTAGTGAT,21,1,33.3,3,TTT,Yes,No,
GTTGGTAGTACTCCTACTATT,21,1,38.1,2,TT,Yes,No,
TCGGCTAATGCTTATTATATG,21,1,33.3,2,GG,Yes,No,
ACAGGTACCACGAATGGTGCT,21,1,52.4,2,GG,No,No,
CGTAAGAGTAGGATTCTTGAG,21,1,42.9,2,AA,Yes,No,
CTGCATTGGCATCCTTATAAT,21,1,38.1,2,TT,Yes,No,
CTTTGGGAGCTGTATCTTTTG,21,1,42.9,4,TTTT,Yes,No,
TCGCGTTTTGTTGACTGG,18,1,50.0,4,TTTT,NA,NA,NA
TCTGATTCGAATTGGGGTTGT,21,1,42.9,4,GGGG,Yes,No,
TAGACTAAGAGTTTGAATTGT,21,1,28.6,3,TTT,Yes,Yes,TAG
GAGCTTTTTAATATGCTGAAG,21,1,33.3,5,TTTTT,Yes,No,
ATTACGCCGGCAGACGAGTCGT,22,1,59.1,2,TT,NA,NA,NA
GCGGTTGAGTTTAGTGAGAGT,21,1,47.6,3,TTT,Yes,No,
CGTTGTTAGCATGCGACTTGT,21,1,47.6,2,TT,Yes,Yes,TAG
GCGTTGATTAATAAGCTTCGT,21,1,38.1,2,TT,Yes,No,
TAGGCGAGGAATACTACGAAT,21,1,42.9,2,GG,Yes,Yes,TAG
ACGAGGAGTTATGTGCATAAAG,22,1,40.9,3,AAA,NA,NA,NA
AAGCAGCCTTATGATTTGAAT,21,1,33.3,3,TTT,Yes,No,
CCGTATGTTTCTCATTGTGTT,21,1,38.1,3,TTT,Yes,No,
CGTTATGCTACGCAGAATCTT,21,1,42.9,2,TT,Yes,No,
ATTGGCAAAGTTGGGTGGTCTCAT,24,1,45.8,3,AAA,NA,NA,NA
CCTGGGGGGCATGGTTGTTCG,21,1,66.7,6,GGGGGG,Yes,No,
GATTTTTGTAATTTGTCGTCG,21,1,33.3,5,TTTTT,Yes,No,
AAGGTGAATTTTACTAAGGAT,21,1,28.6,4,TTTT,Yes,No,
CATTATTTTCATATTTATATT,21,1,9.5,4,TTTT,Yes,No,
ATTGATGGGGGGAAGCAGCTG,21,1,57.1,6,GGGGGG,Yes,No,
TGTCAGAGTCGTGGTTAGCTT,21,1,47.6,2,GG,Yes,Yes,TAG
CTTGCTTATCCGGGTGCGAAG,21,1,57.1,3,GGG,Yes,No,
CCGACGTGTTTGAGTATGATT,21,1,42.9,3,TTT,Yes,No,
TGGATTGTGATGCATAGTCTT,21,1,38.1,2,GG,Yes,No,
TTCGTTTATCGGGGGAGTAAT,21,1,42.9,5,GGGGG,No,No,
TAGTAGATTTATTAGCCTTTT,21,1,23.8,4,TTTT,Yes,Yes,"TAG,TAG,TAG"
TGGCAGGATCAGGCCGTCCGTGG,23,1,69.6,2,GG,NA,NA,NA
GCGCCGCCGGGGACGGATACT,21,1,76.2,4,GGGG,Yes,No,
AAGTTGGGGCATAGGACGCAT,21,1,52.4,4,GGGG,Yes,No,
TGTCGTACGTGGACTTTTGTG,21,1,47.6,4,TTTT,Yes,No,
CAGCTTACTAGTCTGACTAAG,21,1,42.9,2,TT,Yes,No,
TGTAATGTTTAGCCTGAGCCT,21,1,42.9,3,TTT,Yes,Yes,TAG
ATTTAGAATCATTATGATTAT,21,1,14.3,3,TTT,Yes,Yes,TAG
TATTATACTCAGTTGTGTACT,21,1,28.6,2,TT,Yes,No,
TATTCGTATGATAGTTTGCGT,21,1,33.3,3,TTT,Yes,No,
CTTTTTTTGAATTATACGAGT,21,1,23.8,7,TTTTTTT,Yes,No,
ACGGATGAGAGTGATTTTCCG,21,1,47.6,4,TTTT,Yes,No,
CTGTGTCATCCTTAGTCTTCG,21,1,47.6,2,CC,Yes,Yes,TAG
TGTGATAGTCTTCATAAGTCT,21,1,33.3,2,TT,Yes,No,
CGTTGGGATAATACGGATTTG,21,1,42.9,3,GGG,Yes,No,
TCGATTTCTTCGAGTGGTGCT,21,1,47.6,3,TTT,Yes,No,
AAGGCTTTTTATCATCGTTAG,21,1,33.3,5,TTTTT,Yes,Yes,TAG
CGTGCGGTTTTGTTGGTTGTT,21,1,47.6,4,TTTT,Yes,No,
GCGAAGTGTTTGGTGTTGATT,21,1,42.9,3,TTT,Yes,No,
ATGCAGCCGATGTCGCGTTCG,21,1,61.9,2,CC,Yes,No,
CTTGTGACGATTCGGAATCCT,21,1,47.6,2,TT,Yes,No,
GGGGTTCATAATTTTCTTTTT,21,1,28.6,5,TTTTT,Yes,No,
ATTGATATGCTTACGTTGTCG,21,1,38.1,2,TT,Yes,No,
CTTCCTGAGCGTTAGACTCGG,21,1,57.1,2,TT,Yes,Yes,TAG
GGTATTACTGCGACTATTAAT,21,1,33.3,2,GG,Yes,No,
GTTTAGCCGGATAAGCCGACG,21,1,57.1,3,TTT,Yes,Yes,TAG
AATGTTTTTAAGAAGTCGTGG,21,1,33.3,5,TTTTT,Yes,No,
CATATTAATAAGATGCTTAAT,21,1,19.0,2,TT,Yes,No,
GGTATGGAGACGATGTGTTAG,21,1,47.6,2,GG,Yes,Yes,TAG
GAGAAGAAGCTGGCGCTGGAT,21,1,57.1,2,AA,Yes,No,
AGTAAGACTTTTTTGTCTGGG,21,1,38.1,6,TTTTTT,Yes,No,
TAGATTATGAAGGATATTTTG,21,1,23.8,4,TTTT,Yes,Yes,TAG
GGGCCGAATAAGGCTGGTCG,20,1,65.0,3,GGG,NA,NA,NA
AGGTTGTGATTCTGTAGCAG,20,1,45.0,2,GG,NA,NA,NA
TTTGGTATGGATGTGTCTCTT,21,1,38.1,3,TTT,Yes,No,
TCGCTGCTTGTGGTTCCTTTG,21,1,52.4,3,TTT,Yes,No,
CCTCATGATACGCTGAAGCCG,21,1,57.1,2,CC,Yes,No,
GCGATTCCGCATCAGAGGGTT,21,1,57.1,3,GGG,Yes,No,
GGGACTGCGGAGCATTGTCAT,21,1,57.1,3,GGG,Yes,No,
CAGAATAATACTAATCAGATT,21,1,23.8,2,AA,Yes,No,
AGGGAGGTTCTTAAGTGGGAT,21,1,47.6,3,GGG,Yes,No,
CGTCAGGGTCGTACTTAGTCG,21,1,57.1,3,GGG,Yes,Yes,TAG
TCTATGACTGTGTTTCTTTGT,21,1,33.3,3,TTT,Yes,No,
AAGAAGAATAGGGCTATGAAT,21,1,33.3,3,GGG,Yes,No,
GCGAAGACGAAGAAGACGCTG,21,1,57.1,2,AA,Yes,No,
TATTCGAGTACTATGTTTCG,20,1,35.0,3,TTT,NA,NA,NA
CCGTCTTGTCTTACTTGTTGG,21,1,47.6,2,CC,Yes,No,
TTGTTGTGTTTTCCTGATATG,21,1,33.3,4,TTTT,Yes,No,
GGTCGTGCGTATCGTTTC,18,1,55.6,3,TTT,NA,NA,NA
GCTAATGGTACTGGTTTTTCG,21,1,42.9,5,TTTTT,Yes,No,
CATACGGGGTATTAGCCTATG,21,1,47.6,4,GGGG,Yes,Yes,TAG
TTGCCTTGTAATCATAATAGG,21,1,33.3,2,TT,Yes,No,
CCTTTTAATAAGTGTAGGCTG,21,1,38.1,4,TTTT,Yes,No,
TATGATGATCATCTGAGTCAT,21,1,33.3,1,T,Yes,No,
CATAATCTTTTGGTTAAGTAG,21,1,28.6,4,TTTT,Yes,Yes,TAG
CGTGTTAGGGCGCGGATGGAT,21,1,61.9,3,GGG,Yes,No,
ACTAGTTAGTTTCCTCCTTCT,21,1,38.1,3,TTT,Yes,Yes,TAG
CCTTGTAAGGGGTTGTCTATT,21,1,42.9,4,GGGG,Yes,No,
CGTTAGCGTCCGGAGCTTTGT,21,1,57.1,3,TTT,Yes,Yes,TAG
GAGGTTCCTCAGATTCCTAGG,21,1,52.4,2,GG,Yes,No,
ATTACTTATCCTTAGTATATT,21,1,19.0,2,TT,Yes,Yes,TAG
AATAAGCATGGTAATAATCGG,21,1,33.3,2,AA,Yes,No,
TTTCTGTTGAGTAATTATCAT,21,1,23.8,3,TTT,Yes,No,
ACTTTGTTTCCGATTTGTACT,21,1,33.3,3,TTT,Yes,No,
TCTAAGGATTGTAAGGGGGGT,21,1,47.6,6,GGGGGG,Yes,No,
CGGTTTGAGCAGTTTTATACG,21,1,42.9,4,TTTT,Yes,No,
CGTCATGATAGTTATGTTGCT,21,1,38.1,2,TT,Yes,No,
CCGAAGAGTAGTCAGAGGACT,21,1,52.4,2,CC,Yes,No,
TAGATTGCTAGGGAGTTTTAG,21,1,38.1,4,TTTT,Yes,Yes,"TAG,TAG"
AGTAGTAATAATAATACGCCG,21,1,33.3,2,AA,Yes,No,
ACTAATGATATGGATCATACT,21,1,28.6,2,AA,Yes,No,
ATTATTTCGAATTATCTTGGG,21,1,28.6,3,TTT,Yes,No,
CCTAGTCATCAGTATGAGGGT,21,1,47.6,3,GGG,Yes,No,
CCTACTGAGCATTGTCGTTGG,21,1,52.4,2,CC,Yes,No,
ACGTATGAGCATAATGTTATT,21,1,28.6,2,AA,Yes,No,
AATCTGAATAATTATAAGGAG,21,1,23.8,2,AA,Yes,No,
TTTGTTAGGGTTCTTGGTCTT,21,1,38.1,3,TTT,Yes,No,
TATTATGTTATGCAGCGTTCT,21,1,33.3,2,TT,Yes,No,
AGTACTACTACGCTTCCGTTT,21,1,42.9,3,TTT,Yes,No,
AATGTTTATACGAGGAGGTTT,21,1,33.3,3,TTT,Yes,No,
TTTACGCGGAGGAGTATTTGT,21,1,42.9,3,TTT,Yes,No,
ACTCGGAGGTGTTATGTGTTG,21,1,47.6,2,GG,Yes,No,
GATAATACTTGTAGGTATATG,21,1,28.6,2,AA,Yes,No,
GATTGTGATTATAGGGCTTGG,21,1,42.9,3,GGG,Yes,No,
GTTGTGATGGATCGTGTTTAG,21,1,42.9,3,TTT,Yes,Yes,TAG
TATTAGAAGGGTACTTCGATT,21,1,33.3,3,GGG,Yes,Yes,TAG
AATACTGTTAAGTTGCTGTCT,21,1,33.3,2,AA,Yes,No,
TCTAAGCCGGAGAATACGCTT,21,1,47.6,2,AA,Yes,No,
CTGAGGGTGACTACGGAGATG,21,1,57.1,3,GGG,Yes,No,
TAGGCGTCGCATACGAATAAT,21,1,42.9,2,GG,Yes,Yes,TAG
TCTTGGAGGTATGGTAATATT,21,1,33.3,2,TT,Yes,No,
AATTAGACTACGTTTTTTTTT,21,1,19.0,9,TTTTTTTTT,Yes,Yes,TAG
CTTGTTATTCGTAATTCTTTT,21,1,23.8,4,TTTT,Yes,No,
AATGATCAGCGTTCGAATGTT,21,1,38.1,2,AA,Yes,No,
CAGTTGCCTACGGTTAGGAAG,21,1,52.4,2,TT,Yes,No,
TCTTATAAGTTGATTAAGCTT,21,1,23.8,2,TT,Yes,No,
ATGTAGATGTCGGATCATGTG,21,1,42.9,2,GG,Yes,Yes,TAG
TATGTGATGCATCTTACGCTT,21,1,38.1,2,TT,Yes,No,
GCGACGCATTGGGGGAGGTG,20,1,70.0,5,GGGGG,NA,NA,NA
CGGAATAAGTGTAATTTTCAT,21,1,28.6,4,TTTT,Yes,No,
AATGAGACTGATTCAGTCGT,20,1,40.0,2,AA,NA,NA,NA
CTTCAGTAGATTTTTGCGGGG,21,1,47.6,5,TTTTT,Yes,Yes,TAG
CGTTCGATTGTTTAGCATTCT,21,1,38.1,3,TTT,Yes,Yes,TAG
AGGAAGCCTTCGCTGTCTGAT,21,1,52.4,2,GG,Yes,No,
TCTAAGTATCATAAGAAGTTT,21,1,23.8,3,TTT,Yes,No,
ATTTTGATTAATAGTGTGAAT,21,1,19.0,4,TTTT,Yes,No,
CTGCATTTTCCTTTTAGGCTT,21,1,38.1,4,TTTT,Yes,No,
GGGCGGTATGATGTGACGGCG,21,1,66.7,3,GGG,Yes,No,
ATTACGTAGAATTATTTTTTG,21,1,19.0,6,TTTTTT,Yes,Yes,TAG
CGTAATATTGGGCTGAGTGAG,21,1,47.6,3,GGG,Yes,No,
TAGATGTAGTCGAAGATGAGG,21,1,42.9,2,AA,Yes,Yes,"TAG,TAG"
AATACTGTGCATAATCAGAGT,21,1,33.3,2,AA,Yes,No,
ATTTGTTGTCTTTTACGTTG,20,1,30.0,4,TTTT,NA,NA,NA
CAGGTGCCTTTTAAGAAGCCA,21,1,47.6,4,TTTT,No,No,
CAGTCTGTTACTGCGTAGGGT,21,1,52.4,3,GGG,Yes,Yes,TAG
AATGGGTTGAATTATTGTATG,21,1,28.6,3,GGG,Yes,No,
CATTCTAAGCAGACTATTCTT,21,1,33.3,2,TT,Yes,No,
ATTAATCAGAGTGCTGCTAGG,21,1,42.9,2,TT,Yes,No,
AATGCGTATTCGTTGCATAGT,21,1,38.1,2,AA,Yes,No,
TCTTTGGTGAATATGACTTAT,21,1,28.6,3,TTT,Yes,No,
GGTCCTACGGATCATTTTGGT,21,1,47.6,4,TTTT,Yes,No,
CGTGATAGTCCTTATTATTAT,21,1,28.6,2,CC,Yes,No,
TTTAGTTATAATTCTGAGT,19,1,21.1,3,TTT,NA,NA,NA
CCTTGTATTGCGACGTAGTTG,21,1,47.6,2,CC,Yes,Yes,TAG
TATTGGGCTGCTTATTCGTCG,21,1,47.6,3,GGG,Yes,No,
CATTATACGCTGCCGGAGCGT,21,1,57.1,2,TT,Yes,No,
AGGCTGCCTTTTGGGATACTT,21,1,47.6,4,TTTT,No,No,
AATAGGCTGATGTTTACGACG,21,1,42.9,3,TTT,Yes,No,
ACGACTTTTTCGGGTCTGTTT,21,1,42.9,5,TTTTT,Yes,No,
TGGGGGGAGGATTGTTATGACG,22,1,54.5,6,GGGGGG,NA,NA,NA
AGTGTGTAGTGGAGGGTTGTG,21,1,52.4,3,GGG,Yes,Yes,TAG
ACTTTTTCGAATTTTGGTGAT,21,1,28.6,5,TTTTT,Yes,No,
AATAGTAATAATAAGGGTTTG,21,1,23.8,3,GGG,Yes,No,
CATTACGAGTTTTGCTAGTAAT,22,1,31.8,4,TTTT,NA,NA,NA
TAGTGTGGTAGTAGTTCGCCG,21,1,52.4,2,GG,Yes,Yes,TAG
CGTATGATTTAGCAGAGTACT,21,1,38.1,3,TTT,Yes,Yes,TAG
CAGGTTACTTATAGTTATCCG,21,1,38.1,2,GG,Yes,No,
TTGAAGCTGGTTAGGTCGTAT,21,1,42.9,2,TT,Yes,No,
ACTGATGATGTGAGTTGTGTTG,22,1,40.9,2,TT,NA,NA,NA
TCTGGTTTTTCTTAGGTGTTTG,22,1,36.4,5,TTTTT,NA,NA,NA
TCGTTGGTGTCGTAGGTTCAT,21,1,47.6,2,TT,Yes,Yes,TAG
CATAATCTGCATAAGATTTCG,21,1,33.3,3,TTT,Yes,No,
CATAGGCCGCGTAAGTAGTAT,21,1,47.6,2,GG,Yes,Yes,TAG
CGTAATTGTTTTTATTAGACT,21,1,23.8,5,TTTTT,Yes,Yes,TAG
TCGAGTAAGACGAATATGCCG,21,1,47.6,2,AA,Yes,No,
ACGCATGTACATGTGAGTGCT,21,1,47.6,1,A,No,No,
GAGTTTCCTACTGTGAATTGT,21,1,38.1,3,TTT,Yes,No,
GGGGATGGGGATTGTGGATATT,22,1,50.0,4,GGGG,NA,NA,NA
CGGCCTTATGATTGGTCTGGG,21,1,57.1,3,GGG,Yes,No,
ACTAGGTCTCTGTTTAAGAAT,21,1,33.3,3,TTT,Yes,No,
GGTAGGCGTCCTTCGAATATG,21,1,52.4,2,GG,Yes,No,
GAGCCGATGGTTGAGAAGCAT,21,1,52.4,2,CC,Yes,No,
CAGGTGCCGCCTAATTCGGAT,21,1,57.1,2,GG,Yes,No,
TCTATGTGTAATGCTTAGTAG,21,1,33.3,2,AA,Yes,Yes,"TAG,TAG"
CGTTCTTCTGGGAGTCTTTAT,21,1,42.9,3,GGG,Yes,No,
CTACTCATTTTCATGGTCAT,20,1,35.0,4,TTTT,NA,NA,NA
AGTAGTTATTCTCATAATATG,21,1,23.8,2,TT,Yes,No,
CGTCCGATGACTCAGGCTAAT,21,1,52.4,2,CC,Yes,No,
CGTAGTGTGTTGCGGGCTGTG,21,1,61.9,3,GGG,Yes,No,
TAGAGGTATTTTATTTCTTTG,21,1,23.8,4,TTTT,Yes,Yes,TAG
GTCGTCCTAATATTACGCGG,20,1,50.0,2,CC,NA,NA,NA
GCTTAGGATAAGCATTATGGT,21,1,38.1,2,TT,Yes,Yes,TAG
CTGTATGGTAATTCGGGTGTT,21,1,42.9,3,GGG,Yes,No,
ACGATGGATATGTGTTAGACG,21,1,42.9,2,GG,Yes,Yes,TAG
AAGACTGTTATTAAGAAGATT,21,1,23.8,2,AA,Yes,No,
ATTTCGTCTCCTACTACGGTG,21,1,47.6,3,TTT,Yes,No,
GATTGTTTTGATACTGTTAAT,21,1,23.8,4,TTTT,Yes,No,
TCTTTTATTGCTCGGTGTGACG,22,1,45.5,4,TTTT,NA,NA,NA
CCTAGTTTTCGGTGGAGTACG,21,1,52.4,4,TTTT,Yes,No,
ATTGCGCCTAGTTCTAGTTCG,21,1,47.6,2,TT,Yes,No,
AATTTTACTAATTAGGCGTAG,21,1,28.6,4,TTTT,Yes,Yes,"TAG,TAG"
TCTTATACGGAGAATATGAAG,21,1,33.3,2,TT,Yes,No,
GCGCATTTTAATACGAATGAT,21,1,33.3,4,TTTT,Yes,No,
CATTTGGGTATTCCGCATCAT,21,1,42.9,3,TTT,Yes,No,
CAGCCTGTTAGTTGTGTTATT,21,1,38.1,2,CC,Yes,No,
AGTCATCGGTTGAAGCCGCAT,21,1,52.4,2,GG,Yes,No,
CAGCATCGGACTGCTTAGGAT,21,1,52.4,2,GG,Yes,Yes,TAG
AAGTGTCTTCTTTGGTGGGAT,21,1,42.9,3,TTT,Yes,No,
CATTTTGTGTTTATGGCTTTT,21,1,28.6,4,TTTT,Yes,No,
ATTGAGTCTTTTTATATTAAG,21,1,19.0,5,TTTTT,Yes,No,
TATCAGTATGTGATTGCTCAT,21,1,33.3,2,TT,Yes,No,
GCGCAGTTTACGAGTCTTACT,21,1,47.6,3,TTT,Yes,No,
CCTATGCGTGATATGGCGATT,21,1,47.6,2,CC,Yes,No,
CAGCATTGGAATATGATGACT,21,1,38.1,2,TT,Yes,No,
CATATTTGTGTGCTGACGTGT,21,1,42.9,3,TTT,Yes,No,
GCTATTGATGTGCGGCGGCTT,21,1,57.1,2,TT,Yes,No,
GCTATTGATGTGCGTGCGTTT,21,1,47.6,3,TTT,Yes,No,
TCTAATTATAATTATTGGCAG,21,1,23.8,2,AA,Yes,No,
CTTGTTCGTTGGTTGTATCGT,21,1,42.9,2,TT,Yes,No,
GCTTTGTGTTATAGGACGAAG,21,1,42.9,3,TTT,Yes,No,
TTGGGTTCTATGACTAGGACG,21,1,47.6,3,GGG,Yes,No,
CAGAATTCGGCGATTACGCTT,21,1,47.6,2,AA,Yes,No,
CGGCCGAAGTAGAATCGTTCG,21,1,57.1,2,GG,Yes,Yes,TAG
GATGAGAGGAGTACGAATGGG,21,1,52.4,3,GGG,Yes,No,
CTGTAGAGGGAGCATTTGTTT,21,1,42.9,3,GGG,Yes,Yes,TAG
TTTTATAATTGGTAGAATGAT,21,1,19.0,4,TTTT,Yes,Yes,TAG
TGTTAGCCGCATCATTATAAG,21,1,38.1,2,TT,Yes,Yes,TAG
AATAGGACGCAGGCTTAGGTT,21,1,47.6,2,AA,Yes,Yes,TAG
TGGCTTGTTTATGCTAATCAT,21,1,33.3,3,TTT,Yes,No,
TTTTCGGATCATGAGTGTACG,21,1,42.9,4,TTTT,Yes,No,
AATCATCCGAAGAGTACTTGG,21,1,42.9,2,AA,Yes,No,
CCGGCTGATGGGTATCGTAAT,21,1,52.4,3,GGG,Yes,No,
CTTGGGAAGCTGACGTGTGCT,21,1,57.1,3,GGG,Yes,No,
AATATTATGTATAGGATTCCG,21,1,28.6,2,AA,Yes,No,
GTGATGGATGCGATGCTTATT,21,1,42.9,2,GG,Yes,No,
CTGAGTAAGTCGACTGCGAAG,21,1,52.4,2,AA,Yes,No,
TCTCTTAGTGGTCCTGGTTCT,21,1,47.6,2,TT,Yes,No,
CGTGTTGTGGAGCCTGCTCAT,21,1,57.1,2,TT,Yes,No,
ATGTTTTTTGGGTCTCTGCAG,21,1,42.9,6,TTTTTT,Yes,No,
AGGCCGAATTGTCATCAGCTT,21,1,47.6,2,GG,Yes,No,
AGTTTGTATCAGTAA,15,1,26.7,3,TTT,NA,NA,NA
ATTAGTCAGGTTACGAAGGAT,21,1,38.1,2,TT,Yes,No,
CGGGTGTTGGAGTCGCTTCGT,21,1,61.9,3,GGG,Yes,No,
CCTAAGCATAGGATGCTGAAT,21,1,42.9,2,CC,Yes,No,
GCGGGGGCTACGACGCGGCAG,21,1,81.0,5,GGGGG,Yes,No,
GGTTAGTGTCCGCTTGTTTCT,21,1,47.6,3,TTT,Yes,Yes,TAG
CCTTGTTATAGTATGTATTAT,21,1,23.8,2,CC,Yes,No,
GAGGGGTGTTATTTGCGTTAG,21,1,47.6,4,GGGG,Yes,Yes,TAG
AATATTGATCTGGATATTTTG,21,1,23.8,4,TTTT,Yes,No,
ACGAATAATGTTGATAAGTGT,21,1,28.6,2,AA,Yes,No,
GGTAGTACTAAGACGTATGAT,21,1,38.1,2,GG,Yes,No,
GATCCTACTAAGAAGTCGACG,21,1,47.6,2,CC,Yes,No,
AATGAGGCTCGTAATCTTGTT,21,1,38.1,2,AA,Yes,No,
ACTCGTGGTTCGGTGGTTTGT,21,1,52.4,3,TTT,Yes,No,
CCTCATAATCAGGATTAGTCG,21,1,42.9,2,CC,Yes,Yes,TAG
CTTTAGAGTCCTAGGATGAAT,21,1,38.1,3,TTT,Yes,Yes,TAG
TCGACTTTGAATTATTTTTGT,21,1,23.8,5,TTTTT,Yes,No,
TGTAGGCCTGGTGAGCAGAAG,21,1,57.1,2,GG,Yes,No,
TAGTTTCTGGTGCGGTTGACT,21,1,47.6,3,TTT,Yes,Yes,TAG
CGTCGTTCGAGGTTTTGGAGT,21,1,52.4,4,TTTT,Yes,No,
AAGTTTGAGGGTGGTCCGCAT,21,1,52.4,3,TTT,Yes,No,
ATTAATTTTAGGTGTAATCCG,21,1,28.6,4,TTTT,Yes,No,
TGTGATTCTAAGGAGTAGCAG,21,1,42.9,2,TT,Yes,Yes,TAG
CTGAAGCCGCCTATTCATAGT,21,1,47.6,2,AA,Yes,No,
ATTAGGGAGGTTCGTTATATT,21,1,33.3,3,GGG,Yes,No,
AATGGGTAGGTTACTATGCTG,21,1,42.9,3,GGG,Yes,Yes,TAG
TTTGCTAATATTGCGAGTTAG,21,1,33.3,3,TTT,Yes,Yes,TAG
GCTCCTGTGACGGCGCTTTAT,21,1,57.1,3,TTT,Yes,No,
TCGTGTATGGATTCGACGGAG,21,1,52.4,2,GG,Yes,No,
ATTATTATTAATAAGATGATG,21,1,14.3,2,TT,Yes,No,
GATAGGTCGGCTATGTATACG,21,1,47.6,2,GG,Yes,No,
TGGTTGTATGATATTACGATG,21,1,33.3,2,GG,Yes,No,
ACGCAGGATTATCATACGACT,21,1,42.9,2,GG,Yes,No,
GTTTTGAGTATGGTGAATTTT,21,1,28.6,4,TTTT,Yes,No,
CGTACTTGGGATCAGAATATG,21,1,42.9,3,GGG,Yes,No,
TTTCTAGTAATAGTCGTGTG,20,1,35.0,3,TTT,NA,NA,NA
AAGACTCGGTAGGTTAAGTAG,21,1,42.9,2,AA,Yes,Yes,"TAG,TAG"
CGGATTGGGAGTGAGTCGTGT,21,1,57.1,3,GGG,Yes,No,
ATGTTGCTGTTGGGGCCTAAT,21,1,47.6,4,GGGG,Yes,No,
TAGCATTTGACTTCGTTGAAG,21,1,38.1,3,TTT,Yes,Yes,TAG
ATGATGCCTACGTTGATTGAT,21,1,38.1,2,CC,Yes,No,
GATAGTCAGATGAATAGGCAT,21,1,38.1,2,AA,Yes,No,
ATTGATTAGAGTGCTAATCCG,21,1,38.1,2,TT,Yes,Yes,TAG
CAGGATGCGATGGGGCATGTT,21,1,57.1,4,GGGG,Yes,No,
CTTTTGTTTATGGCTAATCTT,21,1,28.6,4,TTTT,Yes,No,
ATTTTGATTATGACGAATACG,21,1,28.6,4,TTTT,Yes,No,
TATTCTCATGATGAGGGGCGT,21,1,47.6,4,GGGG,Yes,No,
TTTCCGATGGGGGAGCGGCAT,21,1,61.9,5,GGGGG,Yes,No,
AATTGTAATTAGGCTGTTGTG,21,1,33.3,2,AA,Yes,Yes,TAG
AATTATATTGATGTTCTTAAG,21,1,19.0,2,AA,Yes,No,
CGTGGTCATGATATTCAGAAT,21,1,38.1,2,GG,Yes,No,
TTTATTACTGGTTGTATTAGT,21,1,23.8,3,TTT,Yes,No,
CCTCTGACTGATGCGGCTGGG,21,1,66.7,3,GGG,Yes,No,
AATTTGAATCAGCAGCTTTCG,21,1,38.1,3,TTT,Yes,No,
CTGCGGATGTCTTGTTATTAT,21,1,38.1,2,GG,Yes,No,
CCTCAGTAGCAGTGGAGGTTG,21,1,57.1,2,CC,Yes,Yes,TAG
AATGTTACGTTTGTTAAGGAG,21,1,33.3,3,TTT,Yes,No,
ATTTAGAGGTTTGAGCATCAT,21,1,33.3,3,TTT,Yes,Yes,TAG
CTGAATACTTCTACTCGTGGG,21,1,47.6,3,GGG,Yes,No,
CTTACTACTCTTAGTCGGGAG,21,1,47.6,3,GGG,Yes,No,
AGTACGAATCCTGGGCATGTG,21,1,52.4,3,GGG,Yes,No,
CCTAATACTAGTAATGAGCCT,21,1,38.1,2,CC,Yes,No,
TTTTCGGCGCCTTTTCTGTAG,21,1,47.6,4,TTTT,Yes,Yes,TAG
CAGATGTCGTGTCCTAATTGG,21,1,47.6,2,CC,Yes,No,
TAGAAGATATAATAATCCGTTT,22,1,22.7,3,TTT,NA,NA,NA
CCTGGTGTGATGCTTGTGCCG,21,1,61.9,2,CC,Yes,No,
CCGGATGTTCATCCGATTGCT,21,1,52.4,2,CC,Yes,No,
AGTGGCGGGTGGTTATGGTTTG,22,1,54.5,3,GGG,NA,NA,NA
ATTGCTCGTCCTCGTATTGCG,21,1,52.4,2,TT,Yes,No,
CATTGGGGTCGTCAGAAGCGG,21,1,61.9,4,GGGG,Yes,No,
TAGGGGATTTGTGCTGTTCTT,21,1,42.9,4,GGGG,Yes,Yes,TAG
GCTAGTAAGTGTGGTAAGAGG,21,1,47.6,2,AA,Yes,No,
AATCCGTAGATTGTTGTGAAG,21,1,38.1,2,AA,Yes,Yes,TAG
CGGGAGAATTATTGTGGTCTT,21,1,42.9,3,GGG,Yes,No,
TATAGTAAGTGGTGTAAGATG,21,1,33.3,2,AA,Yes,No,
CGTCATTTGTCTGGGGTGGAG,21,1,57.1,4,GGGG,Yes,No,
CTTGTGTATCTTTATGGTAGT,21,1,33.3,3,TTT,Yes,No,
TTGGAGGATTAGATTTAGACT,21,1,33.3,3,TTT,Yes,Yes,"TAG,TAG"
CGGCTTACGATTTGTCTGGAG,21,1,52.4,3,TTT,Yes,No,
GATTCTAAGGATCGTCGTACT,21,1,42.9,2,TT,Yes,No,
GATCTGTAGTATCATTAGTCT,21,1,33.3,2,TT,Yes,Yes,"TAG,TAG"
CTTCGTTATGATTATCTGTGT,21,1,33.3,2,TT,Yes,No,
CCTTTTAATGCGGATCAGTCT,21,1,42.9,4,TTTT,Yes,No,
TATCGTTAGAGGTTTACGTGG,21,1,42.9,3,TTT,Yes,Yes,TAG
CATATGTTGTCTTGTTAGCTG,21,1,38.1,2,TT,Yes,Yes,TAG
GCGGCTTATCGGGTGCCGAGG,21,1,71.4,3,GGG,Yes,No,
TTTCCTCCGCGGGGGCTGGCT,21,1,71.4,5,GGGGG,Yes,No,
TTTCGGCCTTATGCGTTTACG,21,1,47.6,3,TTT,Yes,No,
CATAAGTCTCATATTATTCCG,21,1,33.3,2,AA,Yes,No,
CATACGTAGAATGCGGGGCCG,21,1,61.9,4,GGGG,Yes,Yes,TAG
CCTTTCAGCTTTAGGGTTAG,20,1,45.0,3,TTT,NA,NA,NA
CCGAAGCGTTAGCTGTATTGT,21,1,47.6,2,CC,Yes,Yes,TAG
CGGACTGAGCCGGAGTAGCTG,21,1,66.7,2,GG,Yes,Yes,TAG
TGTAGTTCTAGTTCGTGTCAT,21,1,38.1,2,TT,Yes,No,
ACTATGATGGTTATTCAGGCT,21,1,38.1,2,GG,Yes,No,
GAGTATCATGGGTATAGTCAT,21,1,38.1,3,GGG,Yes,No,
TCTATGTTTTGTAGTAATACG,21,1,28.6,4,TTTT,Yes,No,
TGGACTGATCTGCTT,15,1,46.7,2,GG,NA,NA,NA
CTGAAGGCTCATTATTTTTCG,21,1,38.1,5,TTTTT,Yes,No,
TTTCAGAAGACTTAGAAGAAG,21,1,33.3,3,TTT,Yes,Yes,TAG
CTTAGTGTTAGGACGGATGCT,21,1,47.6,2,TT,Yes,No,
TTTAATCTGGTTAGGTAGAGG,21,1,38.1,3,TTT,Yes,Yes,TAG
ATGCATAGTTGGCCGTCGCAT,21,1,52.4,2,TT,Yes,No,
GGTGGGCATTGGATTTTGAAG,21,1,47.6,4,TTTT,Yes,No,
ATTACGAATGTTTAGGAGACTAAT,24,1,29.2,3,TTT,NA,NA,NA
ATTAATTGTAATAGGTATATT,21,1,14.3,2,TT,Yes,No,
CCTAAGTTTTCTCCGACGTGT,21,1,47.6,4,TTTT,Yes,No,
GGTGTTCGGGTTTAGTTTTTT,21,1,38.1,6,TTTTTT,Yes,Yes,TAG
AGTTATTTTAATACTATGTATAAGG,25,1,20.0,4,TTTT,NA,NA,NA
GGGATGTTTCTTGTGCGTAGT,21,1,47.6,3,GGG,Yes,No,
CATAATATTCATTTGTATGAT,21,1,19.0,3,TTT,Yes,No,
GTTGATGAGTGTTTGAAGGCT,21,1,42.9,3,TTT,Yes,No,
TGTCTTTAGTCGTAGGAGATG,21,1,42.9,3,TTT,Yes,Yes,"TAG,TAG"
GTGGCTTGAGCATATTTCG,19,1,47.4,3,TTT,NA,NA,NA
CAGTGGCTTGAGCGTCCTTCG,21,1,61.9,2,GG,Yes,No,
ACTTTGACGCGTAATGTTTAG,21,1,38.1,3,TTT,Yes,Yes,TAG
CTGATTTGGCATACGTCGGTT,21,1,47.6,3,TTT,Yes,No,
TGTTCTAATCTTATTCTTTCT,21,1,23.8,3,TTT,Yes,No,
CCTTTTAGTAAGAGTTGGCAT,21,1,38.1,4,TTTT,Yes,No,
TGTCTTAGTCGTCCGATTGCT,21,1,47.6,2,TT,Yes,No,
CGTTAGACTCCTTTGGAGGTT,21,1,47.6,3,TTT,Yes,Yes,TAG
GCTTATGAGTAGGATCCTATT,21,1,38.1,2,TT,Yes,Yes,TAG
ACTGATAATATGTATATGTGG,21,1,28.6,2,AA,Yes,No,
CGGAAGGCGCCTAATAATTCT,21,1,47.6,2,GG,Yes,No,
AATGTGAATTAGCCTCGTAGT,21,1,38.1,2,AA,Yes,Yes,TAG
CGGACTACTAATCGGAAGAAT,21,1,42.9,2,GG,Yes,No,
AGGACGGCTGATTATTTTCCT,21,1,42.9,4,TTTT,Yes,No,
ACGCTTAGTAATATTGAGTGT,21,1,33.3,2,TT,Yes,No,
CGTGAGAGTAATATTCGTCAG,21,1,42.9,2,AA,Yes,No,
CTGAGTAATCGGAATGATCAT,21,1,38.1,2,AA,Yes,No,
ATTCATATGGCGGTTAATGAG,21,1,38.1,2,TT,Yes,No,
CCGATGTATGCTGTGTCGTCG,21,1,57.1,2,CC,Yes,No,
ACGACGCCAGCGGGTATGCATTAT,24,1,54.2,3,GGG,NA,NA,NA
TTTTGTAGTCGGGGGCTTAAG,21,1,47.6,5,GGGGG,Yes,No,
TGTGCTACGGTGTAGTAGTCT,21,1,47.6,2,GG,Yes,Yes,"TAG,TAG"
ACGCAGGTTTATAAGATGCCG,21,1,47.6,3,TTT,Yes,No,
CATAAGAATATGGATATTAGG,21,1,28.6,2,AA,Yes,No,
CAGGATGTGAAGTTTGGTCAT,21,1,42.9,3,TTT,Yes,No,
AGGTCTTTTAGTACTAATAGG,21,1,33.3,4,TTTT,Yes,No,
GTTATGAATAATAAGTGGGTG,21,1,33.3,3,GGG,Yes,No,
TTGCTGTCTCTGTCTAAGTTT,21,1,38.1,3,TTT,Yes,No,
GAGCTGAATGTTCCGTAGCGT,21,1,52.4,2,AA,Yes,Yes,TAG
CAGTATTAGTCTATGGCTCGG,21,1,47.6,2,TT,Yes,Yes,TAG
CTGGGTGTTCAGACTGAGAAT,21,1,47.6,3,GGG,Yes,No,
GTTATGTTGGATGCTTATATG,21,1,33.3,2,TT,Yes,No,
CTGCTTGAGTAGACTGTTCAG,21,1,47.6,2,TT,Yes,Yes,TAG
GGTGAGAATGAGAGTAAGAGG,21,1,47.6,2,GG,Yes,No,
CTTAGGGTGATGTATAGTCGT,21,1,42.9,3,GGG,Yes,No,
TATCAGACTAGTACGTTTAAT,21,1,28.6,3,TTT,Yes,No,
CATGGGTATAATGTGAAGGTT,21,1,38.1,3,GGG,Yes,No,
GTTGATCCTACTATGTATATG,21,1,33.3,2,TT,Yes,No,
ACTTGGATGACTGGGCCGCCC,21,1,66.7,3,GGG,No,No,
TGTTGGTATATGAAGAGGATG,21,1,38.1,2,TT,Yes,No,
ACGCTGCTTGAGCAGTATTAG,21,1,47.6,2,TT,Yes,Yes,TAG
ACGGTTTTTATGCATTATGTT,21,1,28.6,5,TTTTT,Yes,No,
GGTTATTTTCGGGTGTATGCG,21,1,47.6,4,TTTT,Yes,No,
TCGACGGATACGTCTTGGGCT,21,1,57.1,3,GGG,Yes,No,
CGTGTTCCTCTTCTTTCTGTT,21,1,42.9,3,TTT,Yes,No,
TGTTTTCCTGAGAGTATTCTG,21,1,38.1,4,TTTT,Yes,No,
TCGATTATTGATGCTGTTTTT,21,1,28.6,5,TTTTT,Yes,No,
TGGCGGAGTGCGCATCTTCAT,21,1,57.1,2,GG,Yes,No,
ATTAATAAGTGTAATTCTATG,21,1,19.0,2,TT,Yes,No,
TCGATGCAGCCGAGGATTCAT,21,1,52.4,2,CC,Yes,No,
TGTTATGATAATGGGAAGAAG,21,1,33.3,3,GGG,Yes,No,
CTTCATAGGATGGCGTTTGCG,21,1,52.4,3,TTT,Yes,No,
AGGATTGCTGTTAGTGAGTGG,21,1,47.6,2,GG,Yes,No,
CTTATTCATCATAGTTATACG,21,1,28.6,2,TT,Yes,No,
GGGGTGTGTACGTCGTTTCAG,21,1,57.1,4,GGGG,Yes,No,
TATTTTAATGGTGCTTTTGAT,21,1,23.8,4,TTTT,Yes,No,
ACTGTTTGTGGGCATATTGTG,21,1,42.9,3,TTT,Yes,No,
GGGCCTAGGGAGCGGACGTAT,21,1,66.7,3,GGG,Yes,No,
TGGTGTTAGCAGTCTAAGGCT,21,1,47.6,2,GG,Yes,Yes,TAG
GGTAATTGGGCTGTGCCTCAT,21,1,52.4,3,GGG,Yes,No,
TAGAGGCTTTTGAATATAAG,20,1,30.0,4,TTTT,NA,NA,NA
TCTTATGCGCGGTTTGCGCGT,21,1,57.1,3,TTT,Yes,No,
AAGATTCAGTCTTATTAGCTT,21,1,28.6,2,AA,Yes,Yes,TAG
ACGTATATTTTTTCTTTG,18,1,22.2,6,TTTTTT,NA,NA,NA
CATATGCTTGTGAATTGTTTT,21,1,28.6,4,TTTT,Yes,No,
TTTGTGCCTTATGTTGGTCCG,21,1,47.6,3,TTT,Yes,No,
CTTTTGAGGACTACGCTGAAT,21,1,42.9,4,TTTT,Yes,No,
CTTAGTCGGTTTAATTTGGAT,21,1,33.3,3,TTT,Yes,No,
GATAGTTATAATTTTGATGAG,21,1,23.8,4,TTTT,Yes,No,
TGGGTGAAGTTTATTAAGTTG,21,1,33.3,3,GGG,Yes,No,
GGGTCGGATCTGTATTGTGTT,21,1,47.6,3,GGG,Yes,No,
GGTCGGACTGATTATGAGACT,21,1,47.6,2,GG,Yes,No,
AAGCGTTTTTCTTCTTGAAG,20,1,35.0,5,TTTTT,NA,NA,NA
AATGTGAATACGCTTCCGAAG,21,1,42.9,2,AA,Yes,No,
TGTACTTGGAATCATAAGGGT,21,1,38.1,3,GGG,Yes,No,
GAGAAGAAGCCGGCTGTTAAT,21,1,47.6,2,AA,Yes,No,
TGGTAGGCGTGTGTTACGACG,21,1,57.1,2,GG,Yes,Yes,TAG
GTTAATAGTAGTAAGCTGAAT,21,1,28.6,2,TT,Yes,No,
CCTTTGTCTCTTCCTGATGTT,21,1,42.9,3,TTT,Yes,No,
TTGACTATTAAGTAGCTGTTG,21,1,33.3,2,TT,Yes,Yes,TAG
TAGGGTCATCTTTAGACGCTG,21,1,47.6,3,GGG,Yes,Yes,"TAG,TAG"
ATGTCTTGGCCGGTTCCTTTG,21,1,52.4,3,TTT,Yes,No,
GAGAGTATTGGTCCTATGCAT,21,1,42.9,2,TT,Yes,No,
CGGGAGGCTCCTATGAGGATG,21,1,61.9,3,GGG,Yes,No,
CTTATTCCTAAGACGCAGGAT,21,1,42.9,2,TT,Yes,No,
CATTTTCAGTAGTATTTTTTT,21,1,19.0,7,TTTTTTT,Yes,Yes,TAG
TCTAATATTATTCGTCATTTG,21,1,23.8,3,TTT,Yes,No,
TTGGTGAAGATTTCGCATAAT,21,1,33.3,3,TTT,Yes,No,
TGTCAGCGTTCTAGGCGTGCG,21,1,61.9,2,TT,Yes,No,
GCTAGTGATTTTATCCTTGTG,21,1,38.1,4,TTTT,No,No,
CATGTTAATACGTAGGGTGCG,21,1,47.6,3,GGG,Yes,Yes,TAG
AATTGTATGACGTATACGGCT,21,1,38.1,2,AA,Yes,No,
AAGCCGCGGACTTTTTGAACCAA,23,1,47.8,5,TTTTT,NA,NA,NA
TTTATGCATGGGCCGTTGATG,21,1,47.6,3,TTT,Yes,No,
TTTAATGTTTAGACTAGTCAG,21,1,28.6,3,TTT,Yes,Yes,TAG
GTTTTAGCGTACTGATAGGTCG,22,1,45.5,4,TTTT,NA,NA,NA
GTTTAGCGTACTGATAGGTCG,21,1,47.6,3,TTT,Yes,Yes,TAG
CGGGCTTTTTAGATGTATGAG,21,1,42.9,5,TTTTT,Yes,Yes,TAG
GAGGCTATTTAGAATACGATT,21,1,33.3,3,TTT,Yes,Yes,TAG
CCGACTTCGCCGTGGGTTTTG,21,1,61.9,4,TTTT,Yes,No,
CCTTAGAAGCAGATGCAGCTG,21,1,52.4,2,CC,Yes,Yes,TAG
CATTAGAAGTCTTCGCGTGAT,21,1,42.9,2,TT,Yes,Yes,TAG
GATGGTTTGGGGAAGATTAT,20,1,40.0,4,GGGG,NA,NA,NA
ATTAGGATGGGTGTGATTAAG,21,1,38.1,3,GGG,Yes,No,
TGGCCTACGGGGGGTGAATATG,22,1,59.1,6,GGGGGG,NA,NA,NA
CGTAATGGTATTATTCTGTGT,21,1,33.3,2,AA,Yes,No,
TTGTCTAGTCTTGTTCCTTTT,21,1,33.3,4,TTTT,Yes,No,
ATGTGTATTAGGGATCTTTGG,21,1,38.1,3,GGG,Yes,No,
GCGACGGGTTCGTAGCTGGCT,21,1,66.7,3,GGG,Yes,Yes,TAG
AATTGTCCTATGACTATTTTG,21,1,28.6,4,TTTT,Yes,No,
CATGAGTTGGCTTTGCCGTAG,21,1,52.4,3,TTT,Yes,Yes,TAG
TCTCTTTATCCGCCGAAGCAG,21,1,52.4,3,TTT,Yes,No,
CCTCGGAGGAGTACTGTGGAT,21,1,57.1,2,CC,Yes,No,
GCTATTTATCGGTTGGGTCCT,21,1,47.6,3,TTT,Yes,No,
GATAATCCGAGTTGTCCTAGT,21,1,42.9,2,AA,Yes,No,
GGGTGGTTTATGAATTTGCGG,21,1,47.6,3,GGG,Yes,No,
TGGTAGGATAAGGTGTATGCG,21,1,47.6,2,GG,Yes,Yes,TAG
TGTGATGGGACTGATAATTTG,21,1,38.1,3,GGG,Yes,No,
CATTTGTTGACGTGTCTTCAG,21,1,42.9,3,TTT,Yes,No,
GCTAATTGTATGCCGAGTTCT,21,1,42.9,2,AA,Yes,No,
ATTTTGGTGAATCATGCTTTT,21,1,28.6,4,TTTT,Yes,No,
TTGTCTCAGGTTTCTCATGTG,21,1,42.9,3,TTT,Yes,No,
ATTTCTAGGCGTGGTCATGTG,21,1,47.6,3,TTT,Yes,No,
TTTATGCATTATAGGTATGAG,21,1,28.6,3,TTT,Yes,No,
ATTTAGTGGATTATTATTAAT,21,1,14.3,3,TTT,Yes,Yes,TAG
TATCATAATTATATGTATCAG,21,1,19.0,2,AA,Yes,No,
TTTGTGTCTTATATTCATCTT,21,1,23.8,3,TTT,Yes,No,
ACGGTGTATCGGTGGCATATT,21,1,47.6,2,GG,Yes,No,
AATTCGAGTACTATTGATAAT,21,1,23.8,2,AA,Yes,No,
AGGATTCTGTCGCATAGTCAT,21,1,42.9,2,GG,Yes,No,
TCTAGTGATCCTTGTAATAAG,21,1,33.3,2,CC,Yes,No,
CAGTATTCTCATGATGGTCTG,21,1,42.9,2,TT,Yes,No,
CTTGGTGCGAATGGGCGTACG,21,1,61.9,3,GGG,Yes,No,
AGGTCTTAGAAGGAGGCTACT,21,1,47.6,2,GG,Yes,Yes,TAG
TTGACGATGACTGTTGATGGG,21,1,47.6,3,GGG,Yes,No,
TGGATTGGTAGGTAGTCTAGT,21,1,42.9,2,GG,Yes,Yes,TAG
TGTAATCAGAGGGTGGATTAG,21,1,42.9,3,GGG,Yes,Yes,TAG
TATAAGATGACGGGTATTAGT,21,1,33.3,3,GGG,Yes,No,
CTGAGGAATCCGTGGGTTACT,21,1,52.4,3,GGG,Yes,No,
AATTAGCTGATTAGTATTTAG,21,1,23.8,3,TTT,Yes,Yes,"TAG,TAG"
TTGCAGCTTTGTGCTAATCCG,21,1,47.6,3,TTT,Yes,No,
TAGAATAGTCCGTATTTTCTT,21,1,28.6,4,TTTT,Yes,Yes,TAG
CGGCATCCGTCTAAGCATTCT,21,1,52.4,2,GG,Yes,No,
GGGATTGTCGTGTCTTATGCAG,22,1,50.0,3,GGG,NA,NA,NA
CCTTCTGGGTTGGAGTATAGT,21,1,47.6,3,GGG,Yes,No,
ATGCTGGAGTATGATATGGCT,21,1,42.9,2,GG,Yes,No,
GGTAATTTTGCTAGGATTACTG,22,1,36.4,4,TTTT,NA,NA,NA
GAGGTTCCTCTTCGGGAGTCT,21,1,57.1,3,GGG,Yes,No,
CTGCGGCATAAGTAGCTGTGT,21,1,52.4,2,GG,Yes,Yes,TAG
CATGCTACTACGTTTATTCGT,21,1,38.1,3,TTT,Yes,No,
ATTCTTAAGTATGTGACTAGG,21,1,33.3,2,TT,Yes,No,
CTGCAGGATCTGAGGCTGGTT,21,1,57.1,2,GG,Yes,No,
CCTCGGGCTTGTGCTATTTAT,21,1,47.6,3,GGG,Yes,No,
CTTGCTTCGCGGAGGCATGTT,21,1,57.1,2,TT,Yes,No,
TCTCTTATGCCTTATATTGTG,21,1,33.3,2,TT,Yes,No,
AGTAGTAATCATGAGTAGTTG,21,1,33.3,2,AA,Yes,Yes,TAG
ATTTGGAGTCCTCATTGGAAT,21,1,38.1,3,TTT,Yes,No,
GATATTTTTAATTCGATTTAT,21,1,14.3,5,TTTTT,Yes,No,
CCGTTTACGGATTGGTCTGCG,21,1,57.1,3,TTT,Yes,No,
ACTCTGATTTTTTTGCGTCAG,21,1,38.1,7,TTTTTTT,Yes,No,
TTGCTTTTTATGACTCATATG,21,1,28.6,5,TTTTT,Yes,No,
TCCTTATTCGTAGAGTTTTTCG,22,1,36.4,5,TTTTT,NA,NA,NA
CGTCTTAATGGTTAGTGGACG,21,1,47.6,2,TT,Yes,Yes,TAG
CATCAGTCTAGTGATTAGTTG,21,1,38.1,2,TT,Yes,Yes,TAG
GCTCATAATACTGAGAATACG,21,1,38.1,2,AA,Yes,No,
GTGACGACTAATAGTACTCTG,21,1,42.9,2,AA,Yes,No,
ACGTGTCTTGCTTTGCTGGGT,21,1,52.4,3,TTT,Yes,No,
TAGTTTTTTCCTTATCCGAAG,21,1,33.3,6,TTTTTT,Yes,Yes,TAG
TATACTAAGAAGATTATTGCT,21,1,23.8,2,AA,Yes,No,
ACGAATGAGCTTATTGATCTT,21,1,33.3,2,AA,Yes,No,
CAGGGGAATGGGGGGTTGAAG,21,1,61.9,6,GGGGGG,Yes,No,
TATAAGACTTCGGTTACGGAG,21,1,42.9,2,AA,Yes,No,
CAGAAGCAGGCTGAGACGCTG,21,1,61.9,2,AA,Yes,No,
CCTTGGCTGCGGCTGGATGAT,21,1,61.9,2,CC,Yes,No,
ATGTCGCCTAGGGATTAGGAG,21,1,52.4,3,GGG,Yes,Yes,TAG
CATGATGTTGCGTTGTTGTGT,21,1,42.9,2,TT,Yes,No,
TGTAATACTGAGACGCGTATT,21,1,38.1,2,AA,Yes,No,
CTGGCGCATCAGAGGACTACG,21,1,61.9,2,GG,Yes,No,
AGTAATCCGCATGGGTAGACG,21,1,52.4,3,GGG,Yes,Yes,TAG
TATAGGTATATTTATTTTATT,21,1,9.5,4,TTTT,Yes,No,
TATGCTGATTTGACGGATTTT,21,1,33.3,4,TTTT,Yes,No,
CATATTGTTAGGTAGTGTTAG,21,1,33.3,2,TT,Yes,Yes,"TAG,TAG"
TTGTTGATGCAGGGTTTGGAT,21,1,42.9,3,GGG,Yes,No,
TGGACTTTGTGTGCGCAGGGT,21,1,57.1,3,TTT,Yes,No,
AAGAATATTCTGGTGGATTGG,21,1,38.1,2,AA,Yes,No,
ATGGCGGAGAATGCTCGTATG,21,1,52.4,2,GG,Yes,No,
GCGTAGTTTTATTAGGCTTAT,21,1,33.3,4,TTTT,Yes,Yes,"TAG,TAG"
CATGCTTGTCGTGCTCTTTCG,21,1,52.4,3,TTT,Yes,No,
CAGAGGGTGCTGCATTAGACT,21,1,52.4,3,GGG,Yes,Yes,TAG
AAGAATGATTTGATTTAGAAT,21,1,19.0,3,TTT,Yes,Yes,TAG
ATGATTAGGCAGCAGGATAGG,21,1,47.6,2,TT,Yes,No,
TTTTGTATGCATAAGTAGTCG,21,1,33.3,4,TTTT,Yes,Yes,TAG
AATGCTCAGAAGGATAGGTGT,21,1,42.9,2,AA,Yes,No,
TATACTTATTTTAATCGTTCG,21,1,23.8,4,TTTT,Yes,No,
AGGTATGAGTATAGTTGGTAG,21,1,38.1,2,GG,Yes,Yes,TAG
TTGTCTGCGTATTGGAATATG,21,1,38.1,2,TT,Yes,No,
ACTATGAATGATTGTTCTTAT,21,1,23.8,2,AA,Yes,No,
TCTGCTGAGATTCATTTTGTT,21,1,33.3,4,TTTT,Yes,No,
TCTATTGAGAAGAATTAGCCG,21,1,38.1,2,TT,Yes,Yes,TAG
ACGCCGAGTCAGGATTGGAGT,21,1,57.1,2,CC,Yes,No,
CCTGATTCTTATTGTGAGCTT,21,1,38.1,2,CC,Yes,No,
TGTTCTCTTAATATTATTTCT,21,1,19.0,3,TTT,Yes,No,
TCGTGTATGAATAGTATGTGT,21,1,33.3,2,AA,Yes,No,
TCGTATGAGGTTGTGAAGTCT,21,1,42.9,2,GG,Yes,No,
CTTGCGCAGGATATTAAGTAG,21,1,42.9,2,TT,Yes,Yes,TAG
GCTATGATGGCTTGTGTTACT,21,1,42.9,2,GG,Yes,No,
CTTAATACTTATCCGCAGAAT,21,1,33.3,2,TT,Yes,No,
ATTGATAAGATTTTGAGGGTT,21,1,28.6,4,TTTT,Yes,No,
GGTATGGTGTATCCTGAGATT,21,1,42.9,2,GG,Yes,No,
ATGGATATTTTTGAGTGGGGG,21,1,42.9,5,TTTTT,Yes,No,
TGTGAGATTAAGGATATTTAT,21,1,23.8,3,TTT,Yes,No,
GGTCGGTGGCTGATTTGTTTT,21,1,47.6,4,TTTT,Yes,No,
ACTCATAGGGGTAGCGTCGA,20,1,55.0,4,GGGG,NA,NA,NA
GAGTTTTATAGGAATGATAGGC,22,1,36.4,4,TTTT,NA,NA,NA
TCTCCTAAGTAGCTTGCGACG,21,1,52.4,2,CC,Yes,Yes,TAG
TTGCGGGAGATTATTCATAGT,21,1,38.1,3,GGG,Yes,No,
ACGAAGGTTACGAGTAGTTACAGG,24,1,45.8,2,AA,NA,NA,NA
AATCCTAAGCCTGTTAGTTCT,21,1,38.1,2,AA,Yes,No,
ATGGTTTATCATTGGAGTAAT,21,1,28.6,3,TTT,Yes,No,
TCTGATACTATGTCTTCGCTG,21,1,42.9,2,TT,Yes,No,
TATCAGGCGCGTTATTTGCGG,21,1,52.4,3,TTT,Yes,No,
TTTAATACGTATTTGGAGTGG,21,1,33.3,3,TTT,Yes,No,
GTGTATAGGCCGGAGAGTGAG,21,1,57.1,2,GG,Yes,No,
TTGGTGGCGTCTTATGATAAT,21,1,38.1,2,TT,Yes,No,
TCTTATACGACGGAGATTGAG,21,1,42.9,2,TT,Yes,No,
GCTAATCCTAATGATAATGTT,21,1,28.6,2,AA,Yes,No,
AGTGATTGGTGTGCATACGGAG,22,1,50.0,2,TT,NA,NA,NA
TATTCGTGTGCGTTTATTAAT,21,1,28.6,3,TTT,Yes,No,
ATGATTTTTAATTTGGGTAAG,21,1,23.8,5,TTTTT,Yes,No,
GCGAATCATTTTCGTACTGTT,21,1,38.1,4,TTTT,Yes,No,
CAGGTGTCTTTTTAGAAGTAG,21,1,38.1,5,TTTTT,Yes,Yes,"TAG,TAG"
ACGCTGCATACTAGTTTGCAT,21,1,42.9,3,TTT,Yes,No,
AGGCCGCCTCTTAGTCTGTAG,21,1,57.1,2,GG,Yes,Yes,TAG
TAGGAGGTCGTCTGCGTGT,19,1,57.9,2,GG,NA,NA,NA
TATACGCAGAAGATGACTAGG,21,1,42.9,2,AA,Yes,No,
CTGATGCGGCTCAGAGGACT,20,1,60.0,2,GG,NA,NA,NA
GTTAAGAATAGTTGGCAGGAT,21,1,38.1,2,TT,Yes,No,
AGTTAGAAGTAGCGGACTTCT,21,1,42.9,2,TT,Yes,Yes,"TAG,TAG"
TCGCTGAATCGGTTGGAGATG,21,1,52.4,2,AA,Yes,No,
TTGTCGAGTCATTCGAATTAG,21,1,38.1,2,TT,Yes,Yes,TAG
GTTAATCAGTTTGGTCGGGGT,21,1,47.6,4,GGGG,Yes,No,
TATGTTTCTTAGAATGAGCCC,21,1,38.1,3,TTT,No,Yes,TAG
AGTCTTGCTGTGACGCATGAT,21,1,47.6,2,TT,Yes,No,
CTTCTTACTGAGTTTGTTTAT,21,1,28.6,3,TTT,Yes,No,
AATTCGCAGCTGGTTCCGGTG,21,1,57.1,2,AA,Yes,No,
CATTATCCTATGATGGATTAT,21,1,28.6,2,TT,Yes,No,
TGTCCGCTGAGGAAGACTGAG,21,1,57.1,2,CC,Yes,No,
CTTCCGCAGGCTGTGGTTTAG,21,1,57.1,3,TTT,Yes,Yes,TAG
CATTTGATGGAGTCTAGTGGG,21,1,47.6,3,TTT,Yes,No,
CCTTATACGGTGAATTGGACT,21,1,42.9,2,CC,Yes,No,
ACTTTGAATTAGATTTCGGTG,21,1,33.3,3,TTT,Yes,Yes,TAG
AATCGTTGTTCGAATTTTGCG,21,1,38.1,4,TTTT,Yes,No,
CATGCTTTTTATTAGTGGATT,21,1,28.6,5,TTTTT,Yes,Yes,TAG
TATCTTTTGGAGTCTTGTACT,21,1,33.3,4,TTTT,Yes,No,
GATGGTCTTCCGCAGCCGCCT,21,1,66.7,2,GG,Yes,No,
TAGGAGCGTGGTTTTTTTCCTA,22,1,40.9,7,TTTTTTT,NA,NA,NA
GAGTTGTCGGTTATTTAGTGG,21,1,42.9,3,TTT,Yes,Yes,TAG
TTTGTGGGTATGTCGGAGAGT,21,1,47.6,3,TTT,Yes,No,
GGTATTGCTCAGAATTTTAG,20,1,35.0,4,TTTT,NA,NA,NA
GGTTTTACGAAGTTTGATAAT,21,1,28.6,4,TTTT,Yes,No,
GCGTGGCTTGTGATTTCTGTG,21,1,52.4,3,TTT,Yes,No,
TGTGCTCGTACTTTGCGTGTG,21,1,52.4,3,TTT,Yes,No,
GCTATTTATCATAAGTGGATG,21,1,33.3,3,TTT,Yes,No,
GCTTCGGATTAGCGGGATTAT,21,1,47.6,3,GGG,Yes,Yes,TAG
ACGAAGGCTTTTAGTATTAAT,21,1,28.6,4,TTTT,Yes,No,
AAGAGTGGTAATGCTTTATAAT,22,1,27.3,3,TTT,NA,NA,NA
TTTGAGTGGCCGATTAGTACG,21,1,47.6,3,TTT,Yes,No,
CCGAGTCTGCATTAGTAGTAG,21,1,47.6,2,CC,Yes,Yes,"TAG,TAG,TAG"
GCTACTTGTGATGATATGATG,21,1,38.1,2,TT,Yes,No,
GTGACGTATATTGTTGTGTAT,21,1,33.3,2,TT,Yes,No,
GATATTATTGTTCGTAAGCTG,21,1,33.3,2,TT,Yes,No,
CATTGTCGTGCGAATAGTAGT,21,1,42.9,2,TT,Yes,No,
CGTAGTAATTTGTTGGTGGGT,21,1,42.9,3,TTT,Yes,No,
CCTCCGGCGTTTTGGAATCAG,21,1,57.1,4,TTTT,Yes,No,
TCGAATCGTAAGGTTCCGCAG,21,1,52.4,2,AA,Yes,No,
TATCCTAATCCTGCTCGTCAT,21,1,42.9,2,CC,Yes,No,
TATCTTTAGTGGCATACTCAT,21,1,33.3,3,TTT,Yes,Yes,TAG
CATAATACGGTGAAGCGTCGT,21,1,47.6,2,AA,Yes,No,
TCTATGTATTGGCATCTGGAG,21,1,42.9,2,TT,Yes,No,
TGTATAGACTAGACTCGTCCGAATAAT,27,1,37.0,2,CC,NA,NA,NA
ATTAATCATTTTTAGGATCGT,21,1,23.8,5,TTTTT,Yes,Yes,TAG
GGTCTGGTGTTGCTGGTTGGG,21,1,61.9,3,GGG,Yes,No,
CTGGATGGGAATTCTCTGAGT,21,1,47.6,3,GGG,Yes,No,
TATAATCCTTTTCTTGATATT,21,1,19.0,4,TTTT,Yes,No,
CGGCGGTAGATGCATTATTCG,21,1,52.4,2,GG,Yes,Yes,TAG
AAGGTTCCGAGTCATTGTCAG,21,1,47.6,2,AA,Yes,No,
GCGCCTAAGGATAATCAGCGT,21,1,52.4,2,CC,Yes,No,
GAGCTTCAGAGTAATGTTATG,21,1,38.1,2,TT,Yes,No,
TTGAATTGGTTGATTCGTTAG,21,1,33.3,2,TT,Yes,Yes,TAG
ATTAGTAATCGTAATGAGATG,21,1,28.6,2,TT,Yes,No,
CATACGTAGACGTTTAGTAAT,21,1,33.3,3,TTT,Yes,Yes,TAG
CATACGTAGACGTTTAGTAGT,21,1,38.1,3,TTT,Yes,Yes,TAG
GATCGTTCTGTTCAGATTGAT,21,1,38.1,2,TT,Yes,No,
CAGGTTACTTATTCGTATGGT,21,1,38.1,2,GG,Yes,No,
AATACTCAGAATTCTAAGTAT,21,1,23.8,2,AA,Yes,No,
CAGGAGTTGGATGTTACGGGT,21,1,52.4,3,GGG,Yes,No,
AGGTAGATGTGGATGAAGGCG,21,1,52.4,2,GG,Yes,Yes,TAG
ATGCAGCTGTGTTTTAATACT,21,1,33.3,4,TTTT,Yes,No,
ACTTATTGTGATAATAAAGAAG,22,1,22.7,3,AAA,NA,NA,NA
AGTCGTCTTTTTTTTAAGTGT,21,1,28.6,8,TTTTTTTT,Yes,No,
CAGCGTGATTCTATGAATCAT,21,1,38.1,2,TT,Yes,No,
CGGAGTCCTATGTCGACGCAG,21,1,61.9,2,GG,Yes,No,
CCTGAGTGGCGTTGTGATGCG,21,1,61.9,2,CC,Yes,No,
AATTCGCAGTCTAATACTATG,21,1,33.3,2,AA,Yes,No,
TTGTATCGTAATTCGTGGAAT,21,1,33.3,2,TT,Yes,No,
TGGATGGGTGATCGTGAGAGG,21,1,57.1,3,GGG,Yes,No,
AGGGTTGCTGTTTGGCCTCAT,21,1,52.4,3,GGG,Yes,No,
CCTTATATTAAGCGGTCTCGG,21,1,47.6,2,CC,Yes,No,
CTTAGGGATGGTACGCTGTTG,21,1,52.4,3,GGG,Yes,No,
AATTCTCGTCGTGCGAGTGTG,21,1,52.4,2,AA,Yes,No,
GATACGGCGACTAAGTCGTTG,21,1,52.4,2,GG,Yes,No,
ATTAGTGCGTATATTCGTTCG,21,1,38.1,2,TT,Yes,No,
CAGTTTAAGCGTAAGTCTAGG,21,1,42.9,3,TTT,Yes,No,
AGTCTGGATATTCTGCATAAT,21,1,33.3,2,GG,Yes,No,
TGTGTTATTCATTATCCGACG,21,1,38.1,2,TT,Yes,No,
ACTAGGTATGTTTTTTCTAGG,21,1,33.3,6,TTTTTT,Yes,No,
GATCCTAATCATATTGCGCGT,21,1,42.9,2,CC,Yes,No,
TATGTGCTTTTGTAGTTTTTCAG,23,1,30.4,5,TTTTT,NA,NA,NA
GAGCTGAGGGAGCAGATGTTT,21,1,52.4,3,GGG,Yes,No,
GATGATTCGTATGTTAATTCG,21,1,33.3,2,TT,Yes,No,
TAGCGTAAGAATTATGTTCAG,21,1,33.3,2,AA,Yes,Yes,TAG
AAGTAGTTGGGTAAGAGTGTG,21,1,42.9,3,GGG,Yes,Yes,TAG
CCGTGGGCTTAGGCGCTTGGG,21,1,71.4,3,GGG,Yes,Yes,TAG
TTTAATCCTGCGAATTCGATG,21,1,38.1,3,TTT,Yes,No,
CCTTGGGATTATACGTCGACT,21,1,47.6,3,GGG,Yes,No,
GCTGATCAGGAGGAGTCGTTT,21,1,52.4,3,TTT,Yes,No,
CGTGGTGTTCATCAGAGGGGT,21,1,57.1,4,GGGG,Yes,No,
CGCTGTGTTCGTCAGAGGGGT,21,1,61.9,4,GGGG,No,No,
GGTAATAATTAGTCTTTGGGT,21,1,33.3,3,TTT,Yes,Yes,TAG
CTTCGGAATTCTAGGCTTAGT,21,1,42.9,2,TT,Yes,No,
GTTAAGGAGACTTTTGCGTCT,21,1,42.9,4,TTTT,Yes,No,
CGTACGGAGATGGTTTTGTGT,21,1,47.6,4,TTTT,Yes,No,
CGGTCTAGGCATGATTGGCGT,21,1,57.1,2,GG,Yes,No,
CAGGTTAGGTAGAAGATGTTG,21,1,42.9,2,GG,Yes,Yes,TAG
TATACTCCTATGTCGCAGCAG,21,1,47.6,2,CC,Yes,No,
TTTGAGTAGAATCATTGGAGT,21,1,33.3,3,TTT,Yes,Yes,TAG
ACTAATTATGGTAGTCTTAGG,21,1,33.3,2,AA,Yes,No,
ATGCGTTCTAAGGCTCATAGT,21,1,42.9,2,TT,Yes,No,
TATGCTGATCATAATCGTCAT,21,1,33.3,2,AA,Yes,No,
CATGAGAGTAAGGCGTAGATG,21,1,47.6,2,AA,Yes,Yes,TAG
CCTAGTTAGCTGCGTGTGCCG,21,1,61.9,2,CC,Yes,Yes,TAG
CATTATACTCGGTATTGGTAT,21,1,33.3,2,TT,Yes,No,
GCGGTTTCGGAGAGGCATGTG,21,1,61.9,3,TTT,Yes,No,
CATGATAAGAGTTTTGCTTTT,21,1,28.6,4,TTTT,Yes,No,
AGGAATCTGAATCAGACTTTT,21,1,33.3,4,TTTT,Yes,No,
ACGTTTGATTGTCCGAATGCT,21,1,42.9,3,TTT,Yes,No,
TATAATGTTATGGGTTTTTTG,21,1,23.8,6,TTTTTT,Yes,No,
CCGGTGATTTTGACTCTTTTT,21,1,38.1,5,TTTTT,Yes,No,
GCGATTTCGGTGTAGACGCGG,21,1,61.9,3,TTT,Yes,Yes,TAG
CGTTTGTCGTATCATAATGCT,21,1,38.1,3,TTT,Yes,No,
CAGGCGTCTACTCCTAAGTTG,21,1,52.4,2,GG,Yes,No,
GTGCTTGAAGCTGAAGTTTCGG,22,1,50.0,3,TTT,NA,NA,NA
CGGTGTCCTCGTAAGCCGACT,21,1,61.9,2,GG,Yes,No,
GAGATTTGTTGGAGTATGCAG,21,1,42.9,3,TTT,Yes,No,
CGTCTTTAGAAGGTGCGGACG,21,1,57.1,3,TTT,Yes,Yes,TAG
AATACGGCTCTTGGGCTTTCG,21,1,52.4,3,GGG,Yes,No,
GGTCCGAATTGTACTACGTGT,21,1,47.6,2,GG,Yes,No,
ACTCATCCTATTATTATTTCG,21,1,28.6,3,TTT,Yes,No,
CTTTTATGGAGTGGCTGGAG,20,1,50.0,4,TTTT,NA,NA,NA
GTTTCGTTGCTGTTTTATGAG,21,1,38.1,4,TTTT,Yes,No,
CAGAGTCTTGTGGTGGGTCCG,21,1,61.9,3,GGG,Yes,No,
ATTCTTGGTAATATTTGTGTTG,22,1,27.3,3,TTT,NA,NA,NA
TCTCTGGATGGTACTATTACT,21,1,38.1,2,GG,Yes,No,
ACGAGTTGGTTTCATACTTAT,21,1,33.3,3,TTT,Yes,No,
AGGTGTATGGGGATGAATATG,21,1,42.9,4,GGGG,Yes,No,
GATAATCAGGAGACGAATCCT,21,1,42.9,2,AA,Yes,No,
AATTATTTTTGGGATAGTCGG,21,1,33.3,5,TTTTT,Yes,No,
CTGCCGCAGGGTGTTTAGACG,21,1,61.9,3,GGG,Yes,Yes,TAG
CGTTGTCCTGATAAGCAGGAG,21,1,52.4,2,TT,Yes,No,
AAGTGGCTTACGAAGATGTTT,21,1,38.1,3,TTT,Yes,No,
TATTATTCTCCTATTACGTGG,21,1,33.3,2,TT,Yes,No,
ACTGTGATTTAGAGTATGATT,21,1,28.6,3,TTT,Yes,Yes,TAG
CATGATACTCTTTAGGGGTCT,21,1,42.9,4,GGGG,Yes,Yes,TAG
AATAGGTAGGGTCAGTATCCG,21,1,47.6,3,GGG,Yes,Yes,TAG
TCGAAGAAGAGGCATCCGGTT,21,1,52.4,2,AA,Yes,No,
GGATTTATGTGCCTAGTTAT,20,1,35.0,3,TTT,NA,NA,NA
GCTGATTTGATTCATCATTGT,21,1,33.3,3,TTT,Yes,No,
TATGAGCATGAGACTGGTCGT,21,1,47.6,2,GG,Yes,No,
TTGCCTTGTTCGTGGCTTAAT,21,1,42.9,2,TT,Yes,No,
AGGCCTCGTCATGTTAATCAT,21,1,42.9,2,GG,Yes,No,
TTGGATTAGCATAGTGATAAT,21,1,28.6,2,TT,Yes,Yes,TAG
TTTCTGGATAAGTAGATGCCT,21,1,38.1,3,TTT,Yes,Yes,TAG
AGTATTAGTTATCGGAGGTAT,21,1,33.3,2,TT,Yes,No,
GTGTCGCAGGATGTGGTGAT,20,1,55.0,2,GG,NA,NA,NA
GGGCGGTTTAGGAATCATCAT,21,1,47.6,3,GGG,Yes,No,
TATCCGACTAGTGCGTTTTGT,21,1,42.9,4,TTTT,Yes,No,
CAGCAGAGTACGCTTCCTAGG,21,1,57.1,2,TT,Yes,No,
ACTCATTTTTGTAATGAGATG,21,1,28.6,5,TTTTT,Yes,No,
AATTCTCTTATTACTAGTATT,21,1,19.0,2,AA,Yes,No,
CCTCTTAATTTTATTTAGTTG,21,1,23.8,4,TTTT,Yes,Yes,TAG
CTTTTTAAGTATGCTTTGGAG,21,1,33.3,5,TTTTT,Yes,No,
AGTACTGAGAAGGTTGCTGCG,21,1,52.4,2,AA,Yes,No,
CCGACTTCGTTTAGGGGGCGG,21,1,66.7,5,GGGGG,Yes,No,
CCGCTGTTTCCGCTTTGTCTT,21,1,52.4,3,TTT,Yes,No,
CGGTCTTTTGCGGGTACTGTG,21,1,57.1,4,TTTT,Yes,No,
GTGTATTATATGAAGGGGTCT,21,1,38.1,4,GGGG,Yes,No,
GCTGAGACGTTTTATGTTACT,21,1,38.1,4,TTTT,Yes,No,
CCTAATAAGGCAGACGTAT,19,1,42.1,2,CC,NA,NA,NA
ATTCCTGTTGCTACGTCGAAT,21,1,42.9,2,TT,Yes,No,
CAGATTATTTGGCATTGGTGT,21,1,38.1,3,TTT,Yes,No,
GAGTTTCATCCTATTATGATG,21,1,33.3,3,TTT,Yes,No,
ATGACGTCTAAGGATAAGGCG,21,1,47.6,2,AA,Yes,No,
TCTATTCCTATTACTACGACG,21,1,38.1,2,TT,Yes,No,
TTGATTTCGGCGTTTACTAGG,21,1,42.9,3,TTT,Yes,No,
TTGCATACTGTGGAGTATATGG,22,1,40.9,2,TT,NA,NA,NA
GGTCAGTGGCGGCCTCCTAAT,21,1,61.9,2,GG,Yes,No,
TTTTGTTTGAGTTTGTATTTG,21,1,23.8,4,TTTT,Yes,No,
CTGTCTAATTTGTGTTTGGAG,21,1,38.1,3,TTT,Yes,No,
CTGATTCGGTATGAGACTTAG,21,1,42.9,2,TT,Yes,Yes,TAG
TAGACTCGGTAGATTTTGGCT,21,1,42.9,4,TTTT,Yes,Yes,"TAG,TAG"
CCGCTGTATGCTTGTTGGGTT,21,1,52.4,3,GGG,Yes,No,
CTTATTCGTAATCCTGATGAG,21,1,38.1,2,TT,Yes,No,
CCTGGTTCGGTGAGTGTGTTG,21,1,57.1,2,CC,Yes,No,
CAGCAGTCGGCTATTCAGCTT,21,1,52.4,2,GG,Yes,No,
CCTTTTTGGTTGAATGATGGT,21,1,38.1,5,TTTTT,Yes,No,
AATATTGCGAATCATACTGAT,21,1,28.6,2,AA,Yes,No,
TTTGAGCCTGTTTTGGTTGAG,21,1,42.9,4,TTTT,Yes,No,
ATTCATGAGCCTCGGACGCTT,21,1,52.4,2,TT,Yes,No,
CATATTACTTATTAGCTGGCG,21,1,38.1,2,TT,Yes,Yes,TAG
TTGTCGATGCAGCAGTCGGTT,21,1,52.4,2,TT,Yes,No,
CGGGCTAAGACGGAGAGTAGG,21,1,61.9,3,GGG,Yes,No,
CGGTATTCGACTAAGCGTTTG,21,1,47.6,3,TTT,Yes,No,
TATTGGATGAAGGTTAAGTAT,21,1,28.6,2,TT,Yes,No,
AAAGAACTTACGGGCGTTTTTGG,23,1,43.5,5,TTTTT,NA,NA,NA
AAGAGGGGGATGAATCCGCGT,21,1,57.1,5,GGGGG,Yes,No,
GAGTGTGCTTTGAAGTTTCGG,21,1,47.6,3,TTT,Yes,No,
GGTCCGCGGGATGGGGTCTC,20,1,75.0,4,GGGG,NA,NA,NA
GGTCCGCGGGATGGGATTCTG,21,1,66.7,3,GGG,Yes,No,
AATTTGTCTCATGTTTAGACG,21,1,33.3,3,TTT,Yes,Yes,TAG
CAGGTTTAGTTTAATTATACG,21,1,28.6,3,TTT,Yes,Yes,TAG
AAGATTAAGGGTAATAATATT,21,1,19.0,3,GGG,Yes,No,
TTTGCTCGTGTTAGGCATGAG,21,1,47.6,3,TTT,Yes,No,
TATTTTTAGTGGTGAGGAGATT,22,1,31.8,5,TTTTT,NA,NA,NA
TATTTTAGTGGTGAGGAGATT,21,1,33.3,4,TTTT,Yes,No,
CGTGCATTAGCCATGAGGGTTAT,23,1,47.8,3,GGG,NA,NA,NA
GATAGTTAGTTGTGTAATTGT,21,1,28.6,2,TT,Yes,Yes,TAG
ATGACGCTTGCTATGTGGGTT,21,1,47.6,3,GGG,Yes,No,
GTTTCGAATGTGTAGACGAAG,21,1,42.9,3,TTT,Yes,Yes,TAG
CATCTGGATCCTCTTCAGAAT,21,1,42.9,2,GG,Yes,No,
TGTGATACGGATCTGGATGGT,21,1,47.6,2,GG,Yes,No,
TGATAATAGTAGGCCTTTG,19,1,36.8,3,TTT,NA,NA,NA
CATGTGTATCCTCATACTTCT,21,1,38.1,2,CC,Yes,No,
TCGTTTAAGAAGGCTGGGTTG,21,1,47.6,3,TTT,Yes,No,
ACTCTTCTGCATCCTATGGTT,21,1,42.9,2,TT,Yes,No,
CATTGGTATCGTAATACTTTT,21,1,28.6,4,TTTT,Yes,No,
CAGTCTTAGAATTGGCTGACT,21,1,42.9,2,TT,Yes,Yes,TAG
ACGCTTAATACGCAGAGGTTT,21,1,42.9,3,TTT,Yes,No,
GTGGGGAAGCGGGATCTTGTT,21,1,57.1,4,GGGG,Yes,No,
ACGATGTCTTTTGGGGCTCTT,21,1,47.6,4,TTTT,Yes,No,
AATAATTTTATGACGAATTTT,21,1,14.3,4,TTTT,Yes,No,
ATTAAGAAGTTATGTTGCTAGG,22,1,31.8,2,TT,NA,NA,NA
ATGAAGTATCCTGCTATTATT,21,1,28.6,2,AA,Yes,No,
ACTCTTGTCATAGGGATTAG,20,1,40.0,3,GGG,NA,NA,NA
TATGGGGATTCGAGGAATGTG,21,1,47.6,4,GGGG,Yes,No,
TCGGTGCCGTATATGAAGGGG,21,1,57.1,4,GGGG,Yes,No,
AATGATGTGCGGACTCGTGAT,21,1,47.6,2,AA,Yes,No,
ACTAATAATAGTCCGTCTAGT,21,1,33.3,2,AA,Yes,No,
TCTAGTTCTGGGAATCCTTTT,21,1,38.1,4,TTTT,Yes,No,
TATGGTTTTAATGCTAAGTGG,21,1,33.3,4,TTTT,Yes,No,
GATGATGAGGCGGTTTGTGTT,21,1,47.6,3,TTT,Yes,No,
CTGGGTTGTGTGCGGTATCAT,21,1,52.4,3,GGG,Yes,No,
TGTAAGGATCTTATGAATACT,21,1,28.6,2,AA,Yes,No,
TTGTTGCCGTTTCGTTGGGTT,21,1,47.6,3,TTT,Yes,No,
CGTGGTCCTAGGATTCATTGG,21,1,52.4,2,GG,Yes,No,
ATTGAGAGTTAGCAGACTTAG,21,1,38.1,2,TT,Yes,Yes,"TAG,TAG"
TTTATTTTGCGGTAGTGTCGT,21,1,38.1,4,TTTT,Yes,Yes,TAG
ATTCCTAAGTTTACTCAGGCT,21,1,38.1,3,TTT,Yes,No,
ACTTTTGCTGATTTGACTATT,21,1,28.6,4,TTTT,Yes,No,
CTTCCGTATCGTTAGACTGTT,21,1,42.9,2,TT,Yes,Yes,TAG
TGGCTTAATTGTCCGTCTCTT,21,1,42.9,2,GG,Yes,No,
GCGCGTCTTGCGGTGCAGAAT,21,1,61.9,2,TT,Yes,No,
GCTCCGTGGAATTTTAATTGG,21,1,42.9,4,TTTT,Yes,No,
AAGACTTCTTCTGCGTAGAAT,21,1,38.1,2,AA,Yes,Yes,TAG
GGTTGTACTTTGATTAGTAGT,21,1,33.3,3,TTT,Yes,No,
ATTGTTTCTATGTAGCTTGAG,21,1,33.3,3,TTT,Yes,Yes,TAG
TGTTGGGCGTAGACTTTGTGG,21,1,52.4,3,GGG,Yes,Yes,TAG
AGTCAGGTGGTTTGTGATTTG,21,1,42.9,3,TTT,Yes,No,
GGTACGATTAGGGCGCATTAT,21,1,47.6,3,GGG,Yes,No,
GAGTTTTGGAATAGTCCTACT,21,1,38.1,4,TTTT,Yes,No,
GCGAGTTTTCCTCGTCAGAAT,21,1,47.6,4,TTTT,Yes,No,
TTGACTCGTGTGACGCAGGTT,21,1,52.4,2,TT,Yes,No,
GAGCATTCTGATCCGACTTTT,21,1,42.9,4,TTTT,Yes,No,
TGTTCGGTTCCTAAGCAGAAG,21,1,47.6,2,TT,Yes,No,
GTTTCTGAGATTAGAGCGG,19,1,47.4,3,TTT,NA,NA,NA
CTGGGTAAGTGTCCTCATGTT,21,1,47.6,3,GGG,Yes,No,
TTGCGTGCGGCGTTGATGGTT,21,1,57.1,2,TT,Yes,No,
AGTGGGCTGTATTCGCCTATG,21,1,52.4,3,GGG,Yes,No,
AAGAGTACTTGTGTTTATTAT,21,1,23.8,3,TTT,Yes,No,
GGGGATAATATTACTAATGGT,21,1,33.3,4,GGGG,Yes,No,
GAGGGGCATCAGGGGAATATG,21,1,57.1,4,GGGG,Yes,No,
TCGGGGCTTCCTAATCCTAGT,21,1,52.4,4,GGGG,Yes,No,
CCTTCGGATGGGACTAATCTT,21,1,47.6,3,GGG,Yes,No,
ATGTGGTATGATCATGGTCTT,21,1,38.1,2,GG,Yes,No,
AATTGTTAGGGGCTGTATAAG,21,1,38.1,4,GGGG,Yes,Yes,TAG
AAGCATTCTGGTCCGCCTTTG,21,1,52.4,3,TTT,Yes,No,
TGTCCGGCGTGGCCTGTTGTG,21,1,66.7,2,CC,Yes,No,
GATCAGTCGGATATGCTTAAG,21,1,42.9,2,GG,Yes,No,
CATCGTTATCATGCGGCGACT,21,1,52.4,2,TT,Yes,No,
TGGTGTATTTATCATTTGGCT,21,1,33.3,3,TTT,Yes,No,
AATATTTAGAAGTAGTCTTTG,21,1,23.8,3,TTT,Yes,Yes,"TAG,TAG"
TAGTATAAGATTTTTATTGAG,21,1,19.0,5,TTTTT,Yes,Yes,TAG
ACTGTGGTTATGCTGAAGTAT,21,1,38.1,2,GG,Yes,No,
AGTGTTTCTGCTTATAAGTCT,21,1,33.3,3,TTT,Yes,No,
CGGATTTATTGTTTGAGGAGT,21,1,38.1,3,TTT,Yes,No,
TGGTCTCGGATGTGTGCTT,19,1,52.6,2,GG,NA,NA,NA
AAGCGTTGTTAGAAGCAGTGG,21,1,47.6,2,AA,Yes,Yes,TAG
ACTCTTCTGGCGACTAGTCAT,21,1,47.6,2,TT,Yes,No,
ACTGGTACGTAGTGGTAGCAT,21,1,47.6,2,GG,Yes,Yes,"TAG,TAG"
CTTCTTTATCAGGATT,16,1,31.2,3,TTT,NA,NA,NA
CTTCTTTATCTGAGTAGGATT,21,1,33.3,3,TTT,Yes,No,
TGTAGGCATCATAATAGCAT,20,1,35.0,2,GG,NA,NA,NA
GTTAATATTGGGGCTAGGAAG,21,1,42.9,4,GGGG,Yes,No,
GATTATAGGAAGCCTTCTG,19,1,42.1,2,TT,NA,NA,NA
ATTAAGTAGCTGAATGCTACG,21,1,38.1,2,TT,Yes,Yes,TAG
ACGACTTATCAGTGTCCGCAT,21,1,47.6,2,TT,Yes,No,
TTTCGTGGTCCGCATGGTGGT,21,1,57.1,3,TTT,Yes,No,
CCGTTGTAGTTTAATAAGCCG,21,1,42.9,3,TTT,Yes,Yes,TAG
TGTAATAGTCGTTCTGCTAAG,21,1,38.1,2,AA,Yes,No,
GAGAAGTCTATTTGGGGTATT,21,1,38.1,4,GGGG,Yes,No,
TGGTCTACGTTGACTAAGAGG,21,1,47.6,2,GG,Yes,No,
TTTGGGTTTTATTGTGCTAAT,21,1,28.6,4,TTTT,Yes,No,
TCTGGGTTGCATGAGAATAAG,21,1,42.9,3,GGG,Yes,No,
AAGTGGTTTTTTCTGATTGTG,21,1,33.3,6,TTTTTT,Yes,No,
ACTCGGATTAAGATTGTTTAG,21,1,33.3,3,TTT,Yes,Yes,TAG
TCGTATACTTTTAGGGATTAT,21,1,28.6,4,TTTT,Yes,No,
TATAAGTCTTCTGTAGTATTGG,22,1,31.8,2,AA,NA,NA,NA
ATGCAGGATTTTTTGCCTATT,21,1,33.3,6,TTTTTT,Yes,No,
CGTCAGACGTCTGAGGTTCCT,21,1,57.1,2,GG,Yes,No,
TCTGATCATAAGCAGGCGCTG,21,1,52.4,2,AA,Yes,No,
TGGATTTATTGTTAGGATGGT,21,1,33.3,3,TTT,Yes,Yes,TAG
TTTAATGCGTGTCAGATGTTG,21,1,38.1,3,TTT,Yes,No,
ATGACTAGTATGCCTTGTCAG,21,1,42.9,2,CC,Yes,No,
CCTTCTGATTTTCCTAAGCAT,21,1,38.1,4,TTTT,Yes,No,
AAGTCGACTATTCCGGTTAAT,21,1,38.1,2,AA,Yes,No,
TTGATGGTGGCGCGGCTGGAT,21,1,61.9,2,TT,Yes,No,
GTGAATTGTACTTTGCAGATG,21,1,38.1,3,TTT,Yes,No,
AATATTCTTAGTTGTGAGATG,21,1,28.6,2,AA,Yes,No,
AGGTTTTAGTGTAATACTATT,21,1,23.8,4,TTTT,Yes,Yes,TAG
GATTCGAAGGCTGAGGGTAGG,21,1,57.1,3,GGG,Yes,No,
TTGGGGGATATGTCGCCTACG,21,1,57.1,5,GGGGG,Yes,No,
CTTACTTCTAGGACTATGTAG,21,1,38.1,2,TT,Yes,Yes,TAG
TAGTGGCAGACTTTGTGTAGT,21,1,42.9,3,TTT,Yes,Yes,TAG
ATTGTTCAGCCTGGGAAGCTT,21,1,47.6,3,GGG,Yes,No,
AAGATGACGGCGTAGTGTAGT,21,1,47.6,2,AA,Yes,Yes,TAG
TTTCATCAGAGGTCGTTTTGG,21,1,42.9,4,TTTT,Yes,No,
TATGTTGCGAATGAGTCGCAT,21,1,42.9,2,TT,Yes,No,
TCGAGGACGGAGTAGGTTTAG,21,1,52.4,3,TTT,Yes,Yes,"TAG,TAG"
AGGGCTTCGCTGACTTATACT,21,1,47.6,3,GGG,Yes,No,
TATGGGTAGATGGCGGGTTTT,21,1,47.6,4,TTTT,Yes,Yes,TAG
GATACGTCTACTCGTCATACT,21,1,42.9,1,G,Yes,No,
ACGTCTGGTGCGTAGTGTTTG,21,1,52.4,3,TTT,Yes,Yes,TAG
ACTATTTTTCCGCGGATTCGG,21,1,47.6,5,TTTTT,Yes,No,
TGGCAGTAGATTCCGGATACG,21,1,52.4,2,GG,Yes,Yes,TAG
TTTGGTACTTGTGCTCGTAGT,21,1,42.9,3,TTT,Yes,No,
CTGTCTATTAGTCATTCTAAT,21,1,28.6,2,TT,Yes,No,
ACGATGCCTCATACTATGTCT,21,1,42.9,2,CC,Yes,No,
ACTCTTCATGAGCGTTGGGAT,21,1,47.6,3,GGG,Yes,No,
CGTGCTCATGTGTAGGGGAAG,21,1,57.1,4,GGGG,Yes,Yes,TAG
ATGTAGAATTTTACTCAGGCG,21,1,38.1,4,TTTT,Yes,Yes,TAG
ATTCTGAGTCGTACGAATGTT,21,1,38.1,2,TT,Yes,No,
GATTTGACGAGTATGGTTTAG,21,1,38.1,3,TTT,Yes,Yes,TAG
AATCCTAATCATAGGTCGTTG,21,1,38.1,2,AA,Yes,No,
CGTCTTAGGCTTGAGAAGTCG,21,1,52.4,2,TT,Yes,No,
TCTTCTCTGAAGGCTCAGTTT,21,1,42.9,3,TTT,Yes,No,
CTGTTTTGTAATTGTGGAGT,20,1,35.0,4,TTTT,NA,NA,NA
ACGCCTATTTTTGCTTTTATG,21,1,33.3,5,TTTTT,Yes,No,
GGGTATTGTATTTTTCTTTAT,21,1,23.8,5,TTTTT,Yes,No,
CCGCTTAGTTCGCGTGTGGAT,21,1,57.1,2,CC,Yes,No,
GATCGTTCTCCTATGCTTAAT,21,1,38.1,2,TT,Yes,No,
TTGCGGACGTAGCAGCATAAG,21,1,52.4,2,TT,Yes,Yes,TAG
GGTACTCCTGTTCTTGCTTAT,21,1,42.9,2,GG,Yes,No,
CTGATTTAGAGTAATCTTAAT,21,1,23.8,3,TTT,Yes,Yes,TAG
ACTTGGAGTAATCTGAAGTCG,21,1,42.9,2,TT,Yes,No,
TCTAATTTGCCTTGTGAGATT,21,1,33.3,3,TTT,Yes,No,
CAGGTGCAGCTGGGGCCTTGG,21,1,71.4,4,GGGG,Yes,No,
ACTGTTACGAAGCATAATAAT,21,1,28.6,2,TT,Yes,No,
GTGCTTAGTTATAATAAGGCT,21,1,33.3,2,TT,Yes,No,
TAGTGGAATTAGATGAATAAT,21,1,23.8,2,GG,Yes,Yes,"TAG,TAG"
ATTGATAGGTTTGGGATTAGT,21,1,33.3,3,TTT,Yes,No,
ACTCATTGTGATTGTACGCGT,21,1,42.9,2,TT,Yes,No,
AGTCGTAGGCGTGTTCTGCTT,21,1,52.4,2,GG,Yes,No,
TGTGGGATTTGTGATTGTACT,21,1,38.1,3,GGG,Yes,No,
ACTTAGTTGTCGTATTTTATT,21,1,23.8,4,TTTT,Yes,Yes,TAG
TTGTAGGTGCTGCCTTAGCAT,21,1,47.6,2,TT,Yes,Yes,"TAG,TAG"
ATGTTTATTATTAAGATTTGT,21,1,14.3,3,TTT,Yes,No,
GAGTCTCCTTATCCTGTTGTT,21,1,42.9,2,CC,Yes,No,
TGTTATATGTATTGTGTTAAT,21,1,19.0,2,TT,Yes,No,
TGTCATAATTATTGTAGTACT,21,1,23.8,2,AA,Yes,No,
TGTCATATTCGTTAGTCTACG,21,1,38.1,2,TT,Yes,Yes,TAG
AGTAATATGGAGGGGCGTTTG,21,1,47.6,4,GGGG,Yes,No,
TCTGGGTTGTATAAGAAGACG,21,1,42.9,3,GGG,Yes,No,
GTTACTATTGCGCATCCTATT,21,1,38.1,2,TT,Yes,No,
AATTTGATGAAGTTTTATATG,21,1,19.0,4,TTTT,Yes,No,
TCGTCGCAGGAGTCTACGCCT,21,1,61.9,2,GG,Yes,No,
AATAAGTTTTCTTCGTGGCAT,21,1,33.3,4,TTTT,Yes,No,
CCGACGATTGCTAGGCGGCTT,21,1,61.9,2,CC,Yes,No,
TATGATACTAAGTATGAGGAG,21,1,33.3,2,AA,Yes,No,
TTGAATCAGGATCAGGTGCAG,21,1,47.6,2,TT,Yes,No,
CCGCATAATGATTCGGTGAAG,21,1,47.6,2,CC,Yes,No,
CTTAGTGTTCCTCCTATGACG,21,1,47.6,2,TT,Yes,No,
TATAATACTCCTGATGTGCGG,21,1,42.9,2,AA,Yes,No,
TGTAGTCGGATTCAGCATGTT,21,1,42.9,2,GG,Yes,No,
ATGTGTCATCCTAATGGGCTT,21,1,42.9,3,GGG,Yes,No,
CATGTCGGTCGTTGAATCTGATT,23,1,43.5,2,GG,NA,NA,NA
CTTAGTTAGTGTAGGCGTCGG,21,1,52.4,2,TT,Yes,Yes,TAG
AAGGTTTGGTGTTAGAAGAGG,21,1,42.9,3,TTT,Yes,Yes,TAG
AAGCCTCCGTCTATTCTGCTT,21,1,47.6,2,AA,Yes,No,
CAGCTTAATAGTTTGCTTAAT,21,1,28.6,3,TTT,Yes,No,
AGTGGTAGGCAGCATAAGGGT,21,1,52.4,3,GGG,Yes,No,
CCGTATACTACGCATGCTTAG,21,1,47.6,2,CC,Yes,Yes,TAG
CGGCGGGAGCCGGCGCATCAG,21,1,81.0,3,GGG,Yes,No,
CGGATGTCTGTTAATTTTCGG,21,1,42.9,4,TTTT,Yes,No,
ATTCGTCCTTGTCGGAATCAT,21,1,42.9,2,TT,Yes,No,
GCGCAGCGGCGTTGGTTTTAT,21,1,57.1,4,TTTT,Yes,No,
CTTTGTCATCATTAGACTGAT,21,1,33.3,3,TTT,Yes,Yes,TAG
CGGAAGCAGCATTTGATTGAT,21,1,42.9,3,TTT,Yes,No,
TGGCAGATGGTGACTCATTCG,21,1,52.4,2,GG,Yes,No,
CAGCTTTTGTCGCCTAGTTGG,21,1,52.4,4,TTTT,Yes,No,
CGTAATAGGACTAATACGTTT,21,1,33.3,3,TTT,Yes,No,
CGTGATCCGTATACGTCGTGG,21,1,57.1,2,CC,Yes,No,
TATTCGTATACTTCGCAGGAT,21,1,38.1,2,TT,Yes,No,
AATTAGTTGGCTGGGCCTGTT,21,1,47.6,3,GGG,Yes,Yes,TAG
GTGAATATTTTGTCTCCGCAG,21,1,42.9,4,TTTT,Yes,No,
AATTGGTTTAAGGTTTATTTT,21,1,19.0,4,TTTT,Yes,No,
ACTAATACGATTGGTCTTGGG,21,1,42.9,3,GGG,Yes,No,
ATGCTTTAGCGGAGTTTGAAG,21,1,42.9,3,TTT,Yes,Yes,TAG
GTTGTCGATCAGACGATACT,20,1,45.0,2,TT,NA,NA,NA
TCTTCGTATTCGCGTGATTAT,21,1,38.1,2,TT,Yes,No,
ATTCGTGTTAAGCTTAGTGAT,21,1,33.3,2,TT,Yes,No,
AAGTCGCGTATGACGAGTCCG,21,1,57.1,2,AA,Yes,No,
CGGATGGAGCAGCATATGACG,21,1,57.1,2,GG,Yes,No,
GGTATTGGGCAGTAGCAGAAG,21,1,52.4,3,GGG,Yes,Yes,TAG
ATTTATTCGCCTAGTTTTATT,21,1,23.8,4,TTTT,Yes,No,
CTTACGTCGACTCGGTTGCAG,21,1,57.1,2,TT,Yes,No,
GTTGTGGATGATAATTATGTG,21,1,33.3,2,TT,Yes,No,
TATCCGGATCCGGCTTAGGGT,21,1,57.1,3,GGG,Yes,Yes,TAG
GATGTTTCTCTTAATCGTTTT,21,1,28.6,4,TTTT,Yes,No,
GGTGGTAAGACGGGCCTTTG,20,1,60.0,3,GGG,NA,NA,NA
ACTCTGTTGTAGAAGAAGTCG,21,1,42.9,2,TT,Yes,Yes,TAG
GGGATGGATTGGAGTATGGCT,21,1,52.4,3,GGG,Yes,No,
ATGTGGTATAAGAATTGTTAT,21,1,23.8,2,GG,Yes,No,
CGGCCGACGGAGTTGACTTAG,21,1,61.9,2,GG,Yes,Yes,TAG
CTTGTGGCGTGGATTAGGACT,21,1,52.4,2,TT,Yes,No,
AGTTCCTAAGAGGTAGGAGAGT,22,1,45.5,2,TT,NA,NA,NA
TCGTTTAATAGTCGTTGGTAT,21,1,33.3,3,TTT,Yes,No,
GCTTCGAAGTTTTCGAATTAG,21,1,38.1,4,TTTT,Yes,Yes,TAG
CATGGTCTTTTACGTGGCGACT,22,1,50.0,4,TTTT,NA,NA,NA
GCGCATAGGTTGTCGTATTTG,21,1,47.6,3,TTT,Yes,No,
CGTCATCTTCGGCAGGGTTAT,21,1,52.4,3,GGG,Yes,No,
GTTATTCCGTGTCCGAAGTAT,21,1,42.9,2,TT,Yes,No,
ATTTTTCATCATGATTTTAAG,21,1,19.0,5,TTTTT,Yes,No,
TCTCATAATAATGATCTGTGT,21,1,28.6,2,AA,Yes,No,
AGGAAGGATGCGGAGCAGAGG,21,1,61.9,2,GG,Yes,No,
ACTTGGGTGTGGGTGTCGACT,21,1,57.1,3,GGG,Yes,No,
CATGATGCTTCTCAGTAGAGG,21,1,47.6,2,TT,Yes,Yes,TAG
CTGGTCGGTTATCAGGGACT,20,1,55.0,3,GGG,NA,NA,NA
AATTAGAAGTTTACTGGGACG,21,1,38.1,3,TTT,Yes,Yes,TAG
TTTATTCAGGCGATGAATCGG,21,1,42.9,3,TTT,Yes,No,
GGTACTTGTAAGCCTGATGCT,21,1,47.6,2,GG,Yes,No,
ATTTTGCGTGAGTGGTGTTCT,21,1,42.9,4,TTTT,Yes,No,
CATATGACTAGTCTTAATTTG,21,1,28.6,3,TTT,Yes,No,
GTTCGGAGTACGATTCATAAT,21,1,38.1,2,TT,Yes,No,
CAGGGTATTAGTGATGGTAAT,21,1,38.1,3,GGG,Yes,No,
GCTTGGAATTGAGGTCGTTCT,21,1,47.6,2,TT,No,Yes,TGA
GCTTGGAATTAGAGTCGTACT,21,1,42.9,2,TT,Yes,Yes,TAG
AAGCAGACTATTAAGCCTTAG,21,1,38.1,2,AA,Yes,Yes,TAG
GCGCCTAAGGTGATGGCGGAG,21,1,66.7,2,CC,Yes,No,
CTGTTTGTTAGTGCGCTGTAT,21,1,42.9,3,TTT,Yes,No,
ACGTAACTTTGATGATGTTG,20,1,35.0,3,TTT,NA,NA,NA
TATGTGCAGATTGCTTGGGAT,21,1,42.9,3,GGG,Yes,No,
GATACTACGTTTACTTATTGT,21,1,28.6,3,TTT,Yes,No,
TGGCATTGGAGTAAGATTCGT,21,1,42.9,2,GG,Yes,No,
TCGCAGGCGTGTCTTGAGAGT,21,1,57.1,2,GG,Yes,No,
CTTCATAAGAAGCGGTATGGG,21,1,47.6,3,GGG,Yes,No,
TCTTGTGGTGTTCCGAATTCT,21,1,42.9,2,TT,Yes,No,
ACGTTTGGTCAGTATAAGTTG,21,1,38.1,3,TTT,Yes,No,
ATGTCTTAGAAGATGAATTCG,21,1,33.3,2,TT,Yes,Yes,TAG
GGGATGCATTCTGCTAGTCCT,21,1,52.4,3,GGG,Yes,No,
CCTTATCTGACGGAGGTTGTT,21,1,47.6,2,CC,Yes,No,
TTGCAGGCTTTGACGAGGAAG,21,1,52.4,3,TTT,Yes,No,
AGTTGTAAGCCTAATTCTTGG,21,1,38.1,2,TT,Yes,No,
CTGTCTACTTCTTATTCTTGG,21,1,38.1,2,TT,Yes,No,
AGTCCTACGACTTTGAGGTAG,21,1,47.6,3,TTT,Yes,Yes,TAG
CTGAGTATGCGTCCTTTGAGT,21,1,47.6,3,TTT,Yes,No,
CCGATTGAGCTTGGGATGTCG,21,1,57.1,3,GGG,Yes,No,
CGTAAGATTATGCGTAATCAT,21,1,33.3,2,AA,Yes,No,
GATTTTTGTTGTTCGAATACG,21,1,33.3,5,TTTTT,Yes,No,
CGTTCCGAGTAATTTGGAT,19,1,42.1,3,TTT,NA,NA,NA
TTTCAGAGGCTTCTGCGTCCT,21,1,52.4,3,TTT,Yes,No,
CGGTTGTGTACGGTTGATTTT,21,1,42.9,4,TTTT,Yes,No,
CATTGGTCTCCTTGGCGTTAT,21,1,47.6,2,TT,Yes,No,
GAGGATCGGGCTGCTTCTATG,21,1,57.1,3,GGG,Yes,No,
TTGCGTTGGGAGTATGGCCTG,21,1,57.1,3,GGG,No,No,
TCGTGTGGGTATGCTTGTCTT,21,1,47.6,3,GGG,Yes,No,
GATGATCTGACGCGTAATTCG,21,1,47.6,2,AA,Yes,No,
TAGGAGCATTCTTGGTCGGAT,21,1,47.6,2,GG,Yes,Yes,TAG
GGTGGGTAGTCGCGTGCGAAT,21,1,61.9,3,GGG,Yes,Yes,TAG
CTTTTGCTGAGTGTTGTTACT,21,1,38.1,4,TTTT,Yes,No,
AATAATAAGTGGGTTAGTGTT,21,1,28.6,3,GGG,Yes,No,
GAGACTATGCTGAATGCGAAT,21,1,42.9,2,AA,Yes,No,
CGTTATATTGTTACGCCTCAG,21,1,42.9,2,TT,Yes,No,
TATTAGCGTGGGGTGAATATT,21,1,38.1,4,GGGG,Yes,Yes,TAG
TTTGAGAAGATGCATAATGAG,21,1,33.3,3,TTT,Yes,No,
ACTGCGACTCTTCATATTCTT,21,1,38.1,2,TT,Yes,No,
GGTTCGACGCGGCATGGTTTT,21,1,57.1,4,TTTT,Yes,No,
ATTGGTATTTTGCCGGCTTAT,21,1,38.1,4,TTTT,Yes,No,
AGGCATGTGACTTATAAGCGT,21,1,42.9,2,GG,Yes,No,
ACTTATGATCCTTATATTGGG,21,1,33.3,3,GGG,Yes,No,
TAGTATAGTATTTGGGCGCCG,21,1,47.6,3,TTT,Yes,Yes,TAG
CGTCGTCCTTTTGCGATGAAT,21,1,47.6,4,TTTT,Yes,No,
ACGTAGCTTTGTAATTATAGG,21,1,33.3,3,TTT,Yes,Yes,TAG
GATTGTAGTTATACGTGGCAG,21,1,42.9,2,TT,Yes,No,
ACGGTTAATATTAAGAGGGCG,21,1,42.9,3,GGG,Yes,No,
CCGCGGATTAGTAATCCGGCT,21,1,57.1,2,CC,Yes,No,
AATAGGTCGCATAGGTATACT,21,1,38.1,2,AA,Yes,No,
CTGTTGTGTAAGAATAGGATG,21,1,38.1,2,TT,Yes,No,
ACTAAGTGGTATAATATGGCG,21,1,38.1,2,AA,Yes,No,
GTGGGTAGTTAGGTGCATTAT,21,1,42.9,3,GGG,Yes,Yes,TAG
GTGAGTTTTATTCTTACTCCG,21,1,38.1,4,TTTT,Yes,No,
CTTTTTATGACTCAGGTTCAT,21,1,33.3,5,TTTTT,Yes,No,
ACTTCGAGTCATTATAGTGAG,21,1,38.1,2,TT,Yes,No,
TTGTTTTATTTGCTTTTGTTG,21,1,23.8,4,TTTT,Yes,No,
AGTACGTGTCTTGGTGTTGTT,21,1,42.9,2,TT,Yes,No,
AGTAGTAAGGGTAAGGCTTAG,21,1,42.9,3,GGG,Yes,Yes,TAG
ACTTTTGCAATTCATACTATGTGT,24,1,29.2,4,TTTT,NA,NA,NA
GCGTATCATGGGTGGATTTAG,21,1,47.6,3,GGG,Yes,Yes,TAG
ATGAGGTATTTTCATGCGCGT,21,1,42.9,4,TTTT,Yes,No,
ACTCATTCTACGGATTTTAGG,21,1,38.1,4,TTTT,Yes,No,
GCGACTTTGGAGTATGCTTGG,21,1,52.4,3,TTT,Yes,No,
AAGCTTCAGAAGTGGTCTCGG,21,1,52.4,2,AA,Yes,No,
ATGAATGGGAATTATTTTTGT,21,1,23.8,5,TTTTT,Yes,No,
TAGCTTTGGTGTATTATTCTT,21,1,28.6,3,TTT,Yes,Yes,TAG
CATTAGCTGAATCAGAATAAT,21,1,28.6,2,TT,Yes,Yes,TAG
CTTATTAAGGATATGGAGTCG,21,1,38.1,2,TT,Yes,No,
TTTTTGACTTGTATTTCTTGG,21,1,28.6,5,TTTTT,Yes,No,
ACGCTTGTGAATCCTCGTCTT,21,1,47.6,2,TT,Yes,No,
ACGATGCATATGTTGCAGACT,21,1,42.9,2,TT,Yes,No,
CCTAATGCGACTATGACGCCG,21,1,57.1,2,CC,Yes,No,
TATACGCCTGGTGGCGTTAT,20,1,50.0,2,CC,NA,NA,NA
AAGTGGCAGGTTTAGAGTGAG,21,1,47.6,3,TTT,Yes,Yes,TAG
CTGGAGTTTGAGGCTGCTCAT,21,1,52.4,3,TTT,Yes,No,
AATATGCTTGAGACTAATATT,21,1,23.8,2,AA,Yes,No,
GAGACGCAGGAGCCGATTAAG,21,1,57.1,2,GG,Yes,No,
TTTTTTTTAGAGGATGAATTGG,22,1,27.3,8,TTTTTTTT,NA,NA,NA
AATAAGTATAAGTATAAGCCG,21,1,28.6,2,AA,Yes,No,
TCTAATGTTAATCATCGGCAG,21,1,38.1,2,AA,Yes,No,
ATGAGTAGGCCGCCTGTGGCG,21,1,66.7,2,GG,Yes,No,
TATCAGAGGGGTATGGGTCAT,21,1,47.6,4,GGGG,Yes,No,
CCTGCTACTCTTTTTTAGTAT,21,1,33.3,6,TTTTTT,Yes,Yes,TAG
TGGTTTTCGCGTGCTAAGACT,21,1,47.6,4,TTTT,Yes,No,
AATTTTAGTAAGACGGTTGAT,21,1,28.6,4,TTTT,Yes,No,
AATATTATGATGTTGCTGCAT,21,1,28.6,2,AA,Yes,No,
CAGACTCATTCTTATAGGTCT,21,1,38.1,2,TT,Yes,No,
TATCTGCAATTGGTCTTGATG,21,1,38.1,2,AA,No,No,
TCGAAGTAGGCGAATCTGGTT,21,1,47.6,2,AA,Yes,Yes,TAG
TATGTGATGGTTGTTGATATG,21,1,33.3,2,GG,Yes,No,
GAGAGTACGTAGTTTTCGCAG,21,1,47.6,4,TTTT,Yes,Yes,TAG
AAGTGTCATAAGGAGCGTTTT,21,1,38.1,4,TTTT,Yes,No,
TTGTATGCGGATAGGAAGATG,21,1,42.9,2,TT,Yes,No,
GAGCTTCTTAAGTCGCATTTT,21,1,38.1,4,TTTT,Yes,No,
GGTCATTTGTGAGGGATATG,20,1,45.0,3,TTT,NA,NA,NA
GTGTATTAGCATTCGGAGAAG,21,1,42.9,2,TT,Yes,Yes,TAG
TCGCGTCAGTGGGTTATTAGG,21,1,52.4,3,GGG,Yes,No,
GTGATTCAGGGTTGTGGGGGG,21,1,61.9,6,GGGGGG,Yes,No,
TTGTGGGAGCTGAGTAATTCT,21,1,42.9,3,GGG,Yes,No,
TATGCTGATAAACAGGTATTACG,23,1,34.8,3,AAA,NA,NA,NA
CATTGGGCTCATTAGGTTGTG,21,1,47.6,3,GGG,Yes,Yes,TAG
GATAATACGCCGAGTATGTCG,21,1,47.6,2,AA,Yes,No,
TAGCGGCCGATTCCGACGTTG,21,1,61.9,2,GG,Yes,Yes,TAG
AGTCATGATTCGTCTCAGCAG,21,1,47.6,2,TT,Yes,No,
GATTTTTATCGTTGGATTCCT,21,1,33.3,5,TTTTT,Yes,No,
ACGAGTCCTAATGATAGTCTT,21,1,38.1,2,CC,Yes,No,
GGTCATCTGTAGCTTGAGGGT,21,1,52.4,3,GGG,Yes,Yes,TAG
TAGTTTCAGATGTGTATGGCT,21,1,38.1,3,TTT,Yes,Yes,TAG
CAGTTGAGACTATGTTGGGT,20,1,45.0,3,GGG,NA,NA,NA
CAGGTTGAGACTATGTTGGGT,21,1,47.6,3,GGG,Yes,No,
TTTCATGTGTTGGAGACGCGG,21,1,52.4,3,TTT,Yes,No,
CTTTGTTGTGATATTTATACG,21,1,28.6,3,TTT,Yes,No,
CCTCGGAGGGGTTCTAGCGG,20,1,70.0,4,GGGG,NA,NA,NA
AATACGTGTCTTGAGCCTTGG,21,1,47.6,2,AA,Yes,No,
TTGAATTTTCCGTAGACTACT,21,1,33.3,4,TTTT,Yes,Yes,TAG
GATTATGATGAGCAGACGTAT,21,1,38.1,2,TT,Yes,No,
TCGCGGATGATGTAGCGTCAG,21,1,57.1,2,GG,Yes,Yes,TAG
CCGGTGTGTGAGGATACTCGT,21,1,57.1,2,CC,Yes,No,
ACTGGTTAGTATACTCATTAT,21,1,28.6,2,GG,Yes,Yes,TAG
ACGACGCATAGTACTTGGCGT,21,1,52.4,2,TT,Yes,No,
TTGGCTAAGTTTTATTGGTCT,21,1,33.3,4,TTTT,Yes,No,
CGTTCTCCGGTGCGGCATATA,21,1,57.1,2,TT,No,No,
CGGCCGAGTTAGCTGGAGGAT,21,1,61.9,2,GG,Yes,Yes,TAG
CATGGTCAGCGGAATGAGACT,21,1,52.4,2,GG,Yes,No,
TTGGGGCCGATTCATAGGAGG,21,1,57.1,4,GGGG,Yes,No,
AATAATATTAATAAGTGGAAT,21,1,14.3,2,AA,Yes,No,
CATATTCGTTCTCCGGGTTAG,21,1,47.6,3,GGG,Yes,Yes,TAG
CGGTAGAATATTAATGTGGGG,21,1,42.9,4,GGGG,Yes,Yes,TAG
ATTCGTCCTCTTCGGTAGTCT,21,1,47.6,2,TT,Yes,Yes,TAG
AAGTAGGTGATGACGTATAAG,21,1,38.1,2,AA,Yes,Yes,TAG
TGGGGGAGGGGTAAGTGGCGT,21,1,66.7,5,GGGGG,Yes,No,
ACTAATAATCATATTGGGCAG,21,1,33.3,3,GGG,Yes,No,
CGGTTGGAGCCGATTTCGCCG,21,1,66.7,3,TTT,Yes,No,
TTGCGTTGTACTTATTCTGGG,21,1,42.9,3,GGG,Yes,No,
TGTAATGTGAAGCGTCATGCG,21,1,47.6,2,AA,Yes,No,
GTTCTGATGAAGCCTGAGGAG,21,1,52.4,2,TT,Yes,No,
TTTACTTTGTCAGCGTG,17,1,41.2,3,TTT,NA,NA,NA
AGTAATTCGCATCGTTAGTCT,21,1,38.1,2,AA,Yes,Yes,TAG
TGTCCTGTGCATACTGCTAAT,21,1,42.9,2,CC,Yes,No,
TTTATGAAGAGTGCGAATCCT,21,1,38.1,3,TTT,Yes,No,
ATTGTTCGTAGTTTGGTTGAG,21,1,38.1,3,TTT,Yes,No,
AATCCTATTATGAATATGATG,21,1,23.8,2,AA,Yes,No,
ATTTTGCATAAGTTGATTGCT,21,1,28.6,4,TTTT,Yes,No,
TGTGATAGGAATTGTTCTCGT,21,1,38.1,2,GG,Yes,No,
TGGCCGAAGGAGTAGCGTAGG,21,1,61.9,2,GG,Yes,Yes,TAG
ACGGAGGCTGCTAATGTGTAT,21,1,47.6,2,GG,Yes,No,
TTTATTTCTGCTAATTCCTTCG,22,1,31.8,3,TTT,NA,NA,NA
CAGAATATGGAGCCTACTTAT,21,1,38.1,2,AA,Yes,No,
AAGTATGGGTAGTCGATTAAG,21,1,38.1,3,GGG,Yes,Yes,TAG
CGTGATTAGGCTCATAATAAT,21,1,33.3,2,TT,Yes,Yes,TAG
GGGTTTGCGACTAGTCTTCAT,21,1,47.6,3,GGG,Yes,No,
CTTCATTATCATAGGTATACG,21,1,33.3,2,TT,Yes,No,
AGTGATGTTTAGTGGACTTAAG,22,1,36.4,3,TTT,NA,NA,NA
CTTAGTAATATTCGTTTTGAT,21,1,23.8,4,TTTT,Yes,No,
TCTAAGTATGGTCTTATTACT,21,1,28.6,2,AA,Yes,No,
CCTCATAATGTTTGAATATGCCT,23,1,34.8,3,TTT,NA,NA,NA
ATGAATACTGTTTATCGTGTT,21,1,28.6,3,TTT,Yes,No,
TATCAGAATTCGCATAATGTG,21,1,33.3,2,AA,Yes,No,
GGGGTGATTGAGTCTGATTTT,21,1,42.9,4,GGGG,Yes,No,
TAGGAGAGTACTAATTAGTAT,21,1,28.6,2,GG,Yes,Yes,"TAG,TAG"
GTGCGTGATTTTACGAGTCGG,21,1,52.4,4,TTTT,Yes,No,
TAGGGTAATATGAATATTATT,21,1,19.0,3,GGG,Yes,Yes,TAG
GCTAATGTGAGTCGGCTTAAG,21,1,47.6,2,AA,Yes,No,
CCTCTTGCTCAGTCTAGTTTT,21,1,42.9,4,TTTT,Yes,No,
TATTAGACTTATTTGCTGTCG,21,1,33.3,3,TTT,Yes,Yes,TAG
ATTAAGAATATTAATTCGACG,21,1,23.8,2,TT,Yes,No,
AATTAGGAGTCGTCTTCGATT,21,1,38.1,2,AA,Yes,Yes,TAG
TAGGGGTTGATGAAAGGTCAACG,23,1,47.8,4,GGGG,NA,NA,NA
ACTATTGCTGATGCTAATGGT,21,1,38.1,2,TT,Yes,No,
GTGTATCCTGAGAATTGTATG,21,1,38.1,2,CC,Yes,No,
ACGCGGATTCAGCCTGCGAAG,21,1,61.9,2,GG,Yes,No,
CATTATGGGTCTGTTCAGTAT,21,1,38.1,3,GGG,Yes,No,
GCTTGTTAGGATATTATGGAG,21,1,38.1,2,TT,Yes,Yes,TAG
TATGATCTTTTTAGTTGTAAT,21,1,19.0,5,TTTTT,Yes,No,
CTTGGGACTATGACGCCTAAT,21,1,47.6,3,GGG,Yes,No,
CCTATGTAGTGGTTGTAGTAT,21,1,38.1,2,CC,Yes,Yes,"TAG,TAG"
TGTAGGGATGTTGGTCGCTCG,21,1,57.1,3,GGG,No,No,
CAGTCGATGGATAGTCCGGGT,21,1,57.1,3,GGG,Yes,No,
AATAATTATTTTAAGGATCAT,21,1,14.3,4,TTTT,Yes,No,
TAGCAGTCGAGGTCGTTTTTG,21,1,47.6,5,TTTTT,Yes,Yes,TAG
AATGCATTTTCCTTGGAATAAG,22,1,31.8,4,TTTT,NA,NA,NA
AATGCGTTTTCTTGGAATAAG,21,1,33.3,4,TTTT,Yes,No,
GTGACTATTATTGGGTCTATT,21,1,33.3,3,GGG,Yes,No,
CCTATGGTGTGTGTTATGGTG,21,1,47.6,2,CC,Yes,No,
GCGTTGAATAAGCAGTTGCGT,21,1,47.6,2,TT,Yes,No,
GATACTCTGACTGTTAAGCAG,21,1,42.9,2,TT,Yes,No,
TTGGTGCTTACGTATTCGTGT,21,1,42.9,2,TT,Yes,No,
AATTGTAGGATGCCTTGGCCG,21,1,52.4,2,AA,Yes,No,
TTTCGTCCGTTGATGTATCGT,21,1,42.9,3,TTT,Yes,No,
CCTACGAGTATTCCTAAGTAG,21,1,42.9,2,CC,Yes,Yes,TAG
CTGTCTCAGAATCAGTTTTCG,21,1,42.9,4,TTTT,Yes,No,
ACTAATAATACGGATTGGTAG,21,1,33.3,2,AA,Yes,Yes,TAG
CCGCTGGGTAATCTGGATCAT,21,1,52.4,3,GGG,Yes,No,
AATTCGACTTACGAATTTGAAG,22,1,31.8,3,TTT,NA,NA,NA
TGGCCTTCGGCTGCTTCAGT,20,1,60.0,2,GG,NA,NA,NA
CGGTCGGTGAGGTATCGTGAT,21,1,57.1,2,GG,Yes,No,
CCTTTTCAGAATACTTCGCCT,21,1,42.9,4,TTTT,Yes,No,
CAGCGTATGCCGTAGTGGTTT,21,1,52.4,3,TTT,Yes,Yes,TAG
GTGGCGACTCTTCTGAGTACG,21,1,57.1,2,GG,Yes,No,
AGTATTTGTGTTGAGAGGAAT,21,1,33.3,3,TTT,Yes,No,
CATTGGCATAAGCAGCTTCGT,21,1,47.6,2,TT,Yes,No,
ACGCCGCATAAGGAGCTGATG,21,1,57.1,2,CC,Yes,No,
CATCGTGCGTGTCATACGTTT,21,1,47.6,3,TTT,Yes,No,
TTGAATGATTCTAATAATTAT,21,1,14.3,2,TT,Yes,No,
TTTTAGCATAATGTTGAGATG,21,1,28.6,4,TTTT,Yes,Yes,TAG
CCGCTGAATTAGTATACGACT,21,1,42.9,2,CC,Yes,Yes,TAG
CCTTGTTATAATGCTATTTCG,21,1,33.3,3,TTT,Yes,No,
ACTTCGATGCATGCGTATCAT,21,1,42.9,2,TT,Yes,No,
CCGCAGGGGCGTTACTATGATG,22,1,59.1,4,GGGG,NA,NA,NA
CCTCCGTGTTTGTATATTGTG,21,1,42.9,3,TTT,Yes,No,
ACGCCTACGCTGAAGAAGTAT,21,1,47.6,2,CC,Yes,No,
ACTCAGCGTCCGACGCCTACT,21,1,61.9,2,CC,Yes,No,
CGGAAGCTGGTTACGTCTTTT,21,1,47.6,4,TTTT,Yes,No,
TTTTTTAAGATGGTTCTGTCT,21,1,28.6,6,TTTTTT,Yes,No,
ATTCGGCCTGAGTATCAGAAT,21,1,42.9,2,TT,Yes,No,
ACGCTTAAGGGGTCTTATATT,21,1,38.1,4,GGGG,Yes,No,
ATGAAGCATAGTAATAATCAT,21,1,23.8,2,AA,Yes,No,
ATTGCTACTCATGGGAATCTT,21,1,38.1,3,GGG,Yes,No,
AAGCTTGGGCGTTCTTGTGTG,21,1,52.4,3,GGG,Yes,No,
TATAATTGTAGTGGGTTTATG,21,1,28.6,3,GGG,Yes,No,
CCTTTTTATGTTCCGAGGAGG,21,1,47.6,5,TTTTT,Yes,No,
AATATTCCTTTGACTACTGGT,21,1,33.3,3,TTT,Yes,No,
CTTAGTCGTTCTGAGGTTACT,21,1,42.9,2,TT,Yes,No,
CTTATGACAGAGCATAAT,18,1,33.3,2,TT,NA,NA,NA
TATACTGCTCATATTCGTATT,21,1,28.6,2,TT,Yes,No,
AGTACGATTACTCATAGGATG,21,1,38.1,2,TT,Yes,No,
GATCATCATAATTCTAGTCCG,21,1,38.1,2,AA,Yes,No,
TAGCGTGTTGATTATATTATG,21,1,28.6,2,TT,Yes,Yes,TAG
ACTTCTGATATGTTGAAGACG,21,1,38.1,2,TT,Yes,No,
GATTATACTAAGCCTACTTCT,21,1,33.3,2,TT,Yes,No,
CTTCATCTGAATTGGACGCTT,21,1,42.9,2,TT,Yes,No,
CTGTTTAAGGTGAAGGGTGAT,21,1,42.9,3,TTT,Yes,No,
GCGTGGCTGTCGATGTCTCCT,21,1,61.9,2,GG,Yes,No,
AAGATTAAGACTTGGACGATG,21,1,38.1,2,AA,Yes,No,
GTGTATTATTATTATGGTAGT,21,1,23.8,2,TT,Yes,No,
GCTTCGAGTACTATTGCTACG,21,1,47.6,2,TT,Yes,No,
TAGCCTCTTCCGAAGGGGTTAG,22,1,54.5,4,GGGG,NA,NA,NA
TATTCGATTACGCGGTAGAAT,21,1,38.1,2,TT,Yes,Yes,TAG
TTGCTTCTTGAGTATATGAGG,21,1,38.1,2,TT,Yes,No,
GCGAATGTTCGTAATAATCTG,21,1,38.1,2,AA,Yes,No,
CTGAAGGCTACTTCGCATCGT,21,1,52.4,2,AA,Yes,No,
CTTTTGTTTTAGAGTACTTAT,21,1,23.8,4,TTTT,Yes,Yes,TAG
AGGCTGGTGGTTCGTACGATG,21,1,57.1,2,GG,Yes,No,
ACTCTGTAGCGTAATCATGTT,21,1,38.1,2,AA,Yes,Yes,TAG
GCGTTTCATTTTACGATGACT,21,1,38.1,4,TTTT,Yes,No,
ACTACTGAGCCGGGGTCTGAT,21,1,57.1,4,GGGG,Yes,No,
CTTTAGACTACTGGTTTGTGT,21,1,38.1,3,TTT,Yes,Yes,TAG
AGTGATAATAATCCTGCGTCG,21,1,42.9,2,AA,Yes,No,
ATGAATAGCCTTAGTTTTTT,20,1,25.0,6,TTTTTT,NA,NA,NA
AGTCATACTCTTTGGCGTCCT,21,1,47.6,3,TTT,Yes,No,
AATGGGTATCTTGCGGATCAT,21,1,42.9,3,GGG,Yes,No,
GCGCTTGCTTTTCCTTTGTCT,21,1,47.6,4,TTTT,Yes,No,
CATATTACGACCAG,14,1,42.9,2,TT,NA,NA,NA
CCTATCTTCTGCCGCATCGT,20,1,55.0,2,CC,NA,NA,NA
ACTCAGTGTCCTTATATTTAT,21,1,28.6,3,TTT,Yes,No,
CGGGATAATACGATGACGTTG,21,1,47.6,3,GGG,Yes,No,
TAGCATGTGAAGTGTTGTTGT,21,1,38.1,2,AA,Yes,Yes,TAG
GATAATAGTATTCTGACTCCG,21,1,38.1,2,AA,Yes,No,
ATTGTTTATGAGACGATGGAG,21,1,38.1,3,TTT,Yes,No,
ACCGAATGTTGAAGCTGTCATTGGCAT,27,1,44.4,2,CC,NA,NA,NA
TGTTCTAAGCTTTCGATGAAT,21,1,33.3,3,TTT,Yes,No,
TGTTAGGCGGAGGATTTGAGT,21,1,47.6,3,TTT,Yes,Yes,TAG
TTGAAGCAGGCTGTTAATCAG,21,1,42.9,2,TT,Yes,No,
GCTGTTGTTGATAATATTCAG,21,1,33.3,2,TT,Yes,No,
TTTTCTCATAGTCTTGGGAATG,22,1,36.4,4,TTTT,NA,NA,NA
CGTTATATGAGTTATTCTTCT,21,1,28.6,2,TT,Yes,No,
CGTTTTACGGCTTTGCTTTTG,21,1,42.9,4,TTTT,Yes,No,
CCGGTTCATCATTATTTGAGT,21,1,38.1,3,TTT,Yes,No,
TAGCGGTTGAATGAGAATTATT,22,1,31.8,2,GG,NA,NA,NA
TTTATGTCTGATCATTATTTG,21,1,23.8,3,TTT,Yes,No,
CATCCGTCTACTTAGGATAGT,21,1,42.9,2,CC,Yes,Yes,TAG
CGGAGGCCTTAGCCGCGGAGT,21,1,71.4,2,GG,Yes,Yes,TAG
CTGCCTTCGGGTCTGTTTACG,21,1,57.1,3,GGG,Yes,No,
GTGACTAATGTGTATAGGCGT,21,1,42.9,2,AA,Yes,No,
ACTCAGGCGCGTACTTGTGTT,21,1,52.4,2,GG,Yes,No,
AATGAGATTATGTCGAATAGT,21,1,28.6,2,AA,Yes,No,
GCTAATGCGAATATTAGTTTT,21,1,28.6,4,TTTT,Yes,No,
CGGGTTTCGGAAGCTGTAGGAT,22,1,54.5,3,GGG,NA,NA,NA
CGTCAGATTTCGTATCCGTAG,21,1,47.6,3,TTT,Yes,Yes,TAG
TCTGTTATGGGGTCGTTTAGT,21,1,42.9,4,GGGG,Yes,No,
ACGATGCTTGCACGTAGGCATG,22,1,54.5,2,TT,NA,NA,NA
CAGCGTACTGTTACTTATCAT,21,1,38.1,2,TT,Yes,No,
CATGCGTGTGCTGATAAGCAT,21,1,47.6,2,AA,Yes,No,
GGGACTCAGGATTCTAGGAT,20,1,50.0,3,GGG,NA,NA,NA
GATAGGCATACTATGGGTAGT,21,1,42.9,3,GGG,Yes,No,
CGGGCGGCGCATTGTATGGCT,21,1,66.7,3,GGG,Yes,No,
AGGTAGCCTTTTCATGTTTAG,21,1,38.1,4,TTTT,Yes,Yes,"TAG,TAG"
CATTAGGATATGCATTGTATG,21,1,33.3,2,TT,Yes,Yes,TAG
TGGAAGACTCATAATCATCAG,21,1,38.1,2,GG,Yes,No,
TCTCTTACTCATTTTCCGTTT,21,1,33.3,4,TTTT,Yes,No,
GCGACTGTTTTGCGGGAGAAG,21,1,57.1,4,TTTT,Yes,No,
TTTGTTGATTTGGTTCGTAGT,21,1,33.3,3,TTT,Yes,No,
GGTATTATTAACCATCGGTTGAAGT,25,1,36.0,2,GG,NA,NA,NA
ATTAATTGGAGTGGTAGC,18,1,38.9,2,TT,NA,NA,NA
TTGGATTGTTAGTCTATTCAT,21,1,28.6,2,TT,Yes,Yes,TAG
GCGTTGCCGCATTTGGATTTG,21,1,52.4,3,TTT,Yes,No,
CCTATTTATGGTGAGCGTGGG,21,1,52.4,3,TTT,Yes,No,
AATTGTAAGCAGCCGTTGTGT,21,1,42.9,2,AA,Yes,No,
CCTGGTCCTGATTATCCGAAT,21,1,47.6,2,CC,Yes,No,
CTTTGTCGGCATGGTACTGGT,21,1,52.4,3,TTT,Yes,No,
CGTTGGTGTTATTATGGTATG,21,1,38.1,2,TT,Yes,No,
AGTACTCGTAATAGTCTTAAG,21,1,33.3,2,AA,Yes,No,
CAGTGGGGTCAGGTTCGTGAT,21,1,57.1,4,GGGG,Yes,No,
TAGAAGCCTACGAATAAGGTT,21,1,38.1,2,AA,Yes,Yes,TAG
ACTCATAAGTCTGCTATGTCG,21,1,42.9,2,AA,Yes,No,
CGGCTTTGGTCGTTTAGGTCT,21,1,52.4,3,TTT,Yes,No,
TTTACGGGTGCTATTCGTTCG,21,1,47.6,3,TTT,Yes,No,
TGTATGTCTAGGTGGGGGTTT,21,1,47.6,5,GGGGG,Yes,No,
TGGCTTTCGGTGGGGTATGAT,21,1,52.4,4,GGGG,Yes,No,
AATAATTTTAATTCGATTTTT,21,1,9.5,5,TTTTT,Yes,No,
CTTCGTAGTGGGATGGGTACG,21,1,57.1,3,GGG,Yes,No,
AAGCTGATGTGGCATAAGAGT,21,1,42.9,2,AA,Yes,No,
TTTGTGAATCTGAATCATATT,21,1,23.8,3,TTT,Yes,No,
ATTCTTCAGTAAAATCAT,18,1,22.2,4,AAAA,NA,NA,NA
CAGAAGTAGTATAAGATGCAT,21,1,33.3,2,AA,Yes,Yes,TAG
CATGTTTTTATGCAGATGCGT,21,1,38.1,5,TTTTT,Yes,No,
TATTCTGAGCGTCGTGATGCG,21,1,52.4,2,TT,Yes,No,
CATTATATTGCTGCTACTGTG,21,1,38.1,2,TT,Yes,No,
GATAGTCAGTAGTATGTTTCT,21,1,33.3,3,TTT,Yes,Yes,TAG
TAGATTTGGGCGCGGTTTACG,21,1,52.4,3,TTT,Yes,Yes,TAG
TGGCGGCGTACTGCGACTTAG,21,1,61.9,2,GG,Yes,Yes,TAG
CGTGATATGAATACTAATGTT,21,1,28.6,2,AA,Yes,No,
CGTACTACTATGTATCCTCAT,21,1,38.1,2,CC,Yes,No,
AGTCCGAATCATAGGATTCTT,21,1,38.1,2,CC,Yes,No,
AGTGCTAATCAGCATTATACG,21,1,38.1,2,AA,Yes,No,
TTGTATAGGTTGCCTATTTTT,21,1,28.6,5,TTTTT,Yes,No,
TGGGGGCGTATGCCTAAGCAT,21,1,57.1,5,GGGGG,Yes,No,
TTGACTAATATTTGTTAGGTG,21,1,28.6,3,TTT,Yes,Yes,TAG
CGTTCTATGGTGATTCGTCAT,21,1,42.9,2,TT,Yes,No,
ACGGAGCGTATGGGCGGG,18,1,72.2,3,GGG,NA,NA,NA
AACTGTGTGTGTATGAGATTAGT,23,1,34.8,2,AA,NA,NA,NA
CCGATTTAGCGTCATTGTACC,21,1,47.6,3,TTT,No,Yes,TAG
CCTCCTCGTACGAGGGATGTT,21,1,57.1,3,GGG,Yes,No,
AGGAGGAATTTTTTGTGTGTG,21,1,38.1,6,TTTTTT,Yes,No,
TCTACTAAGTTGAAGTTGTTT,21,1,28.6,3,TTT,Yes,No,
TGTGAGTCTTTAGTCTCCGAAT,22,1,40.9,3,TTT,NA,NA,NA
TCGCCGGGTGGTTGGTAGTAG,21,1,61.9,3,GGG,Yes,Yes,"TAG,TAG"
CATAATCGTACGGAGACTTGAAT,23,1,39.1,2,AA,NA,NA,NA
AGGGAGCTTACTTATGGGTAG,21,1,47.6,3,GGG,Yes,Yes,TAG
CTTATTCTTGTGTTGCTTTAT,21,1,28.6,3,TTT,Yes,No,
TCTCTGATTAGTGCTCATCTG,21,1,42.9,2,TT,Yes,No,
GAGGAGTCTATTTCGAGTCAT,21,1,42.9,3,TTT,Yes,No,
GAGAAGGTGTGTGGTATGTCT,21,1,47.6,2,AA,Yes,No,
TTTTTGGTTGTTAATTTGGCG,21,1,33.3,5,TTTTT,Yes,No,
CATTGGTGGACTTGTCCTAAG,21,1,47.6,2,TT,Yes,No,
CGTACGAATCATGTTGTTGCT,21,1,42.9,2,AA,Yes,No,
GGTATGCGTAGTCGGCCGCAT,21,1,61.9,2,GG,Yes,No,
ACTTATCGGAAGAGGGATTCT,21,1,42.9,3,GGG,Yes,No,
CGTTATAATTATACTTTGTGG,21,1,28.6,3,TTT,Yes,No,
GCTAGCTGTCATTGTCTTTAATG,23,1,39.1,3,TTT,NA,NA,NA
ATTACTGATAATAGTTCGGAT,21,1,28.6,2,TT,Yes,No,
GAGCATACTGGTATGTATACT,21,1,38.1,2,GG,Yes,No,
CAGAGGGGCCTGGAACTCAT,20,1,60.0,4,GGGG,NA,NA,NA
CCTTTGGTTAAGAATATTGTG,21,1,33.3,3,TTT,Yes,No,
CTTGCTTCGATTCGGCAGGG,20,1,60.0,3,GGG,NA,NA,NA
CTTGCTTCGATTCGGCAGGGG,21,1,61.9,4,GGGG,Yes,No,
CATGGGTGTGCGCTGTGTTTG,21,1,57.1,3,GGG,Yes,No,
CATGGGTTTGCGCTGTGTTTG,21,1,52.4,3,GGG,Yes,No,
CCTACGGTTAATGCGGATCTT,21,1,47.6,2,CC,Yes,No,
ACGCTGACTAATGTGTGGTGT,21,1,47.6,2,AA,Yes,No,
GGTGCTAAGGAGCCTAATTGG,21,1,52.4,2,GG,Yes,No,
CCTGTTACGTATGCGGCTAGG,21,1,57.1,2,CC,Yes,No,
GAGCTGCCTATTTGGCATAGT,21,1,47.6,3,TTT,Yes,No,
TGTCGGGGTTGTCTTTATACG,21,1,47.6,4,GGGG,Yes,No,
CGGTATTATGTGTTTAGGACT,21,1,38.1,3,TTT,Yes,No,
TCTTTTGGTACGTATCGTCAT,21,1,38.1,4,TTTT,Yes,No,
CCGTGGGATATTACTGCGTCG,21,1,57.1,3,GGG,Yes,No,
TGTTTGCCTCAGTAGATGGAG,21,1,47.6,3,TTT,Yes,Yes,TAG
AAGAAGGTTGAGCTGAATTTT,21,1,33.3,4,TTTT,Yes,No,
TTTTATTCTCTGGTGTGGGGT,21,1,42.9,4,TTTT,Yes,No,
GCGATTCCTAATCCGGGTAAT,21,1,47.6,3,GGG,Yes,No,
GTTGGGTGTTTTCTTAGGGAG,21,1,47.6,4,TTTT,Yes,No,
CTTACGGGGACGAAGACGATG,21,1,57.1,4,GGGG,Yes,No,
CTTTGGGGTGCGCTGTATTGG,21,1,57.1,4,GGGG,Yes,No,
ACGCATTATATGTAGTGGAAT,21,1,33.3,2,TT,Yes,Yes,TAG
CTGTAGGAGGCTTCTTATACG,21,1,47.6,2,GG,Yes,Yes,TAG
TCTAGGTGGAAGTTGTGTACT,21,1,42.9,2,GG,Yes,No,
CTTCAGGTTGAGGTGTTTTTG,21,1,42.9,5,TTTTT,Yes,No,
ATTCAGACTGAGTGTTATCCT,21,1,38.1,2,TT,Yes,No,
GTTGTTACGGGGTCGTCGTTG,21,1,57.1,4,GGGG,Yes,No,
TATATGGGTGCGATTAAGCAT,21,1,38.1,3,GGG,Yes,No,
CCGGGTTATTCTTCGTTTGTT,21,1,42.9,3,GGG,Yes,No,
CAGAAGCATTATGAGGATTATG,22,1,36.4,2,AA,NA,NA,NA
ATTGATTCTCGTGATCCTCTG,21,1,42.9,2,TT,Yes,No,
CTGGGTACTTTTTTGAAGATG,21,1,38.1,6,TTTTTT,Yes,No,
CAGCGGCTGTGTAAGCGGGAAC,22,1,63.6,3,GGG,NA,NA,NA
CTGTCGAAGACTATGAATAAT,21,1,33.3,2,AA,Yes,No,
TATGGTCAGAATCATAGTGAG,21,1,38.1,2,GG,Yes,No,
ATGCCGACGGTTTCGCGTACT,21,1,57.1,3,TTT,Yes,No,
AATACTTCGCGTTAGTTGAAG,21,1,38.1,2,AA,Yes,Yes,TAG
CCGATGATTCGGCATAATTTG,21,1,42.9,3,TTT,Yes,No,
CGTTTGTATTCTCAGTCGAAT,21,1,38.1,3,TTT,Yes,No,
GGTCTGCCTTCTTCGTTTCTG,21,1,52.4,3,TTT,Yes,No,
TGTAGGTGGGGGTGGATTCAG,21,1,57.1,5,GGGGG,Yes,No,
CCTTATCAGACGGAGCTTCCG,21,1,57.1,2,CC,Yes,No,
ATTGTTAACTTACTGGTTG,19,1,31.6,2,TT,NA,NA,NA
CTTCTGGTGTATCAGTATTCT,21,1,38.1,2,TT,Yes,No,
TCTCTTATTTAGCCGGCTATT,21,1,38.1,3,TTT,Yes,Yes,TAG
TTTAATGCGTCGCTGAGTCTG,21,1,47.6,3,TTT,Yes,No,
TCTCTTAATTAGATGTCTTAT,21,1,23.8,2,TT,Yes,Yes,TAG
TCGTCTTGTGTTACGAATAAT,21,1,33.3,2,TT,Yes,No,
TCTAATAATCCTTTGGGGTTG,21,1,38.1,4,GGGG,Yes,No,
GCTTCTGAGTCTTGGGCTAAT,21,1,47.6,3,GGG,Yes,No,
ATTTATTATATTCTTACGTTG,21,1,19.0,3,TTT,Yes,No,
AGGTTTTATATGTCTCTTTCG,21,1,33.3,4,TTTT,Yes,No,
ACTCTTGTTCCTATGAATCTG,21,1,38.1,2,TT,Yes,No,
AATAATTGTGTTTGTGGGTGG,21,1,38.1,3,TTT,Yes,No,
CAGAGGCTGTCTCATTAGTCT,21,1,47.6,2,GG,Yes,Yes,TAG
AATGGTGGTGGTCTTACTATG,21,1,42.9,2,AA,Yes,No,
AAGATGTCGCCTCGTGATCGG,21,1,57.1,2,AA,Yes,No,
CTGTTTTGTTCGGATGAGAGG,21,1,47.6,4,TTTT,Yes,No,
CGGGAGTATAGGGATAGAGT,20,1,50.0,3,GGG,NA,NA,NA
TTTAGTGGGCATTCTAATACG,21,1,38.1,3,TTT,Yes,No,
CCTCATTTTATTTCTATTGCT,21,1,28.6,4,TTTT,Yes,No,
TTTGAGGTTACTGCTATGACG,21,1,42.9,3,TTT,Yes,No,
TGGATGGTGATTGTGATGCGT,21,1,47.6,2,GG,Yes,No,
TTGCGTTTGGCTGATTTTAGG,21,1,42.9,4,TTTT,Yes,No,
AAGTGGACGAGTTTTGGTAGT,21,1,42.9,4,TTTT,Yes,No,
TTGACTTATATGGTGCAGAGT,21,1,38.1,2,TT,Yes,No,
AAGTTTAATATGTGGTGGTAG,21,1,33.3,3,TTT,Yes,Yes,TAG
AAGCGTGATGCGAGTATGCCT,21,1,52.4,2,AA,Yes,No,
CATACGAAGTTTCGGTGTTAT,21,1,38.1,3,TTT,Yes,No,
ATGGCTAGGCGTCGTATTTAT,21,1,42.9,3,TTT,Yes,No,
GTTAATCGTGCGTTGAATAAG,21,1,38.1,2,TT,Yes,No,
TTGCGTTCGTTTCTGGATCAT,21,1,42.9,3,TTT,Yes,No,
GGGTATAAGCCTTTTTAGTCG,21,1,42.9,5,TTTTT,Yes,Yes,TAG
CTGATTTTGACTAATTCTTAT,21,1,23.8,4,TTTT,Yes,No,
CAGAAGCAGGTTACTAATGCT,21,1,42.9,2,AA,Yes,No,
ACGGTATTGGATTAGCTTCCG,21,1,47.6,2,GG,No,Yes,TAG
TAGTGTTGTTTTAAGTGTCTG,21,1,33.3,4,TTTT,Yes,Yes,TAG
TAGTGGCGTACTAATTGGTAT,21,1,38.1,2,GG,Yes,Yes,TAG
TAGATGAATTTTCCTTTGACT,21,1,28.6,4,TTTT,Yes,Yes,TAG
AATGTTTGTGAGTGATCCG,19,1,42.1,3,TTT,NA,NA,NA
GGTCATGATTTGAGTATTCCT,21,1,38.1,3,TTT,Yes,No,
AATTATAATCGTACGCGTTCT,21,1,33.3,2,AA,Yes,No,
AAGATTTAGATTATGCGTGTT,21,1,28.6,3,TTT,Yes,Yes,TAG
ACTATGGTGCAGAAGGTTCCG,21,1,52.4,2,GG,Yes,No,
AAGGATAGGCAGACGTAGGCT,21,1,52.4,2,AA,Yes,Yes,TAG
CTGCATTTGTATTATCGGTTG,21,1,38.1,3,TTT,Yes,No,
ACTTCGTGTACTGGTGATAAT,21,1,38.1,2,TT,Yes,No,
GCGCCTGTTTATGTTATGCTG,21,1,47.6,3,TTT,Yes,No,
CCTATGAATTGTATTTTGCCG,21,1,38.1,4,TTTT,Yes,No,
CTTCGGCATTTTAGGTTTGAG,21,1,42.9,4,TTTT,Yes,No,
AGTTTGTGGCTGGCTACGAGT,21,1,52.4,3,TTT,Yes,No,
TCGTCTCGTACTAGGGCGATT,21,1,52.4,3,GGG,Yes,No,
ATGGATACTCGGCAGCATGTG,21,1,52.4,2,GG,Yes,No,
TTGCAGTGTTCGGTTAGTTCT,21,1,42.9,2,TT,Yes,No,
TTTATTAATAGGAGTTTTCTT,21,1,19.0,4,TTTT,Yes,No,
CGTGATAGTGAGGCGTCGAGG,21,1,61.9,2,GG,Yes,No,
CATCGGTCTTCTATGGCTATG,21,1,47.6,2,GG,Yes,No,
TTGATGGATAATTCTATTGAT,21,1,23.8,2,TT,Yes,No,
ATTCCTTCTTGTTATCCTCCT,21,1,38.1,2,TT,Yes,No,
TAGTAGAATCATCATCATTTG,21,1,28.6,3,TTT,Yes,Yes,"TAG,TAG"
CCTCTTATTGTTTCTAATCCT,21,1,33.3,3,TTT,Yes,No,
AAGCTTATTGTGGCGCGTTGT,21,1,47.6,2,AA,Yes,No,
CAGGGGAATCCGCATTTTAAG,21,1,47.6,4,GGGG,Yes,No,
GATTAGCTGACGAGTCCGAGT,21,1,52.4,2,TT,Yes,Yes,TAG
TATAATGTTGGTGAGCGGCTT,21,1,42.9,2,AA,Yes,No,
TGTTCTGGGGGGTGTGATCCG,21,1,61.9,6,GGGGGG,Yes,No,
CTTTAGACTTATCAGGCTCTG,21,1,42.9,3,TTT,Yes,Yes,TAG
TGTGTGACTAATGATTATTCG,21,1,33.3,2,AA,Yes,No,
CCGTCGGTGCATAAGTTTCTG,21,1,52.4,3,TTT,Yes,No,
ATAGATTGATGTGGGTGGGTTT,22,1,40.9,3,GGG,NA,NA,NA
GTTATGGCTAAGTGCGGCTT,20,1,50.0,2,TT,NA,NA,NA
TTTAGTCAGGCGTGTACT,18,1,44.4,3,TTT,NA,NA,NA
TTTTTTAGTCAGGCGTGTACT,21,1,38.1,6,TTTTTT,Yes,No,
AGTAATATTATTATGCAGCAT,21,1,23.8,2,AA,Yes,No,
AATTGTAAGCCGATGCCTTTG,21,1,42.9,3,TTT,Yes,No,
GAGTCTTTTATTAAGGTTGGT,21,1,33.3,4,TTTT,Yes,No,
CAGATTGAGAATGCTCGGTGT,21,1,47.6,2,TT,Yes,No,
GAGACTAAGGCTGCGGCGACT,21,1,61.9,2,AA,Yes,No,
TTGTGGACGTATGGGACTATG,21,1,47.6,3,GGG,Yes,No,
CCTAGTGCGTATACTATTTAT,21,1,33.3,3,TTT,Yes,No,
TTTTATGATCCTAGGCAGCAT,21,1,38.1,4,TTTT,Yes,No,
TAGATTGGGCGGGATGGTGAT,21,1,52.4,3,GGG,Yes,Yes,TAG
CCGTGGATTAATCCGTTGCTT,21,1,47.6,2,CC,Yes,No,
CTGTAGGATGGTCCTGTTTGG,21,1,52.4,3,TTT,Yes,Yes,TAG
TGTACGTGTACTTATTTTTCG,21,1,33.3,5,TTTTT,Yes,No,
ATGTATGATAAGAAGCCGTAG,21,1,38.1,2,AA,Yes,Yes,TAG
CGGCTTCTTTCTGTTAAGAGG,21,1,47.6,3,TTT,Yes,No,
GTGAATAATTTTTTGTGTTAG,21,1,23.8,6,TTTTTT,Yes,Yes,TAG
GAGAATAGTAAGGTGATGGGT,21,1,42.9,3,GGG,Yes,No,
TCTCTTTTGACTCATTGGACT,21,1,38.1,4,TTTT,Yes,No,
ACTGCTACTGTGAAGGCGAAT,21,1,47.6,2,AA,Yes,No,
AAGCCGCGTTGGATTGCGGCG,21,1,66.7,2,AA,Yes,No,
AGTAGTGTGGTTTGTGCGCCT,21,1,52.4,3,TTT,Yes,No,
TGTGGTATTTAGAGGATTACG,21,1,38.1,3,TTT,Yes,Yes,TAG
TCGCTGAATTAGAATCGTTAT,21,1,33.3,2,AA,Yes,Yes,TAG
GGGCAGGTGATGAATGAGTAT,21,1,47.6,3,GGG,Yes,No,
TTTGGTATGATGCATAATTCT,21,1,28.6,3,TTT,Yes,No,
AATTGTCTGGGTAATGGGCAT,21,1,42.9,3,GGG,Yes,No,
CGTAAGCCGGGTTGTTAGCAG,21,1,57.1,3,GGG,Yes,Yes,TAG
TATGTTAGGGCGATTTTTGGG,21,1,42.9,5,TTTTT,Yes,No,
GCTACTCATATGCATCGGTCG,21,1,52.4,2,GG,Yes,No,
TTTAGGAAGCGTGGGCCGGTT,21,1,57.1,3,TTT,Yes,No,
TTGTTGCAGGGTTATCCGAGG,21,1,52.4,3,GGG,Yes,No,
GTGAATACTCATCGGACTGCT,21,1,47.6,2,AA,Yes,No,
GCGGATCAGCGGCAGCTTATG,21,1,61.9,2,GG,Yes,No,
AAGCGGTTGTGTGCTTGGGTG,21,1,57.1,3,GGG,Yes,No,
CGGAATATTATTATTGGTAAG,21,1,28.6,2,GG,Yes,No,
GAGTTGGATCGGTTGGATCAT,21,1,47.6,2,TT,Yes,No,
AGTTCGTGTGCGTCGACTGAT,21,1,52.4,2,TT,Yes,No,
CTTCCTGTGTATGTTCCGCGG,21,1,57.1,2,TT,Yes,No,
TAGAAGCGTGATTGTACTGTG,21,1,42.9,2,AA,Yes,Yes,TAG
TTTCTTGCGCCGGTTGATCAG,21,1,52.4,3,TTT,Yes,No,
CGTCAGACTTGTCGGCGTAAG,21,1,57.1,2,TT,Yes,No,
CTTATTGGTTAGTATTTTAAT,21,1,19.0,4,TTTT,Yes,Yes,TAG
GAGGCTGGGTATAAGCTTGGCA,22,1,54.5,3,GGG,NA,NA,NA
AATCATAGTACTCTTACGGGT,21,1,38.1,3,GGG,Yes,No,
CATACTGAGTAGAGTATTTGG,21,1,38.1,3,TTT,Yes,Yes,TAG
CCTAATATTATTAAGTTGTAT,21,1,19.0,2,CC,Yes,No,
AAGAATCATGAGTGTGTTCCG,21,1,42.9,2,AA,Yes,No,
AGTCTGTTGAGGAATCATGAG,21,1,42.9,2,TT,Yes,No,
CCTTTTTCTTGTGGTTAGGAG,21,1,42.9,5,TTTTT,Yes,Yes,TAG
ATTATTAATAAGGGTAATTCT,21,1,19.0,3,GGG,Yes,No,
AAGTATGAGTATAATGGTGCG,21,1,38.1,2,AA,Yes,No,
TCGCATTATCAGTAGAATAGG,21,1,38.1,2,TT,Yes,Yes,TAG
GAGGGGATTTCTGTGTTGCAT,21,1,47.6,4,GGGG,Yes,No,
ATGACGTATCTTGAGTCTGGA,21,1,42.9,2,TT,No,No,
GATAAGTAGTCGAATAATCTG,21,1,33.3,2,AA,Yes,Yes,TAG
ATTACTGCTGCGTCGCTGGAG,21,1,57.1,2,TT,Yes,No,
ATGTCGATTGCTAGTTAGCGT,21,1,42.9,2,TT,Yes,Yes,TAG
TTGAAGTCTATTACTATTTTT,21,1,19.0,5,TTTTT,Yes,No,
ATTTCTTTGTAGGATAAGAAT,21,1,23.8,3,TTT,Yes,Yes,TAG
GTTTTTAATCTTAAGGCTTTG,21,1,28.6,5,TTTTT,Yes,No,
CCGACGGATTTTTCGGGGGTG,21,1,61.9,5,TTTTT,Yes,No,
AAGACTGTGTATCGTGCTTAT,21,1,38.1,2,AA,Yes,No,
CTTGATACTTCGCGTGCGTCG,21,1,57.1,2,TT,Yes,No,
TAGATTGATGTGGCTAATAGG,21,1,38.1,2,TT,Yes,Yes,TAG
TTGTCTTGTGATTTGAGGAAT,21,1,33.3,3,TTT,Yes,No,
GATTTGTGTCTGACGCATAGT,21,1,42.9,3,TTT,Yes,No,
CGTCCGGAGTCGATGATTCTT,21,1,52.4,2,CC,Yes,No,
CAGTTTTATACGTCGTATGGG,21,1,42.9,4,TTTT,Yes,No,
TAGGCTGTGCATGGTTGGTGT,21,1,52.4,2,GG,Yes,Yes,TAG
AAGTTTGCGTTGTGTGCGAAG,21,1,47.6,3,TTT,Yes,No,
GTGAGTCATCTTAATACTCAT,21,1,33.3,2,TT,Yes,No,
ACGGTTCAGCAGATTTATACG,21,1,42.9,3,TTT,Yes,No,
CGTTGTGGTAATAATAGTCAG,21,1,38.1,2,TT,Yes,No,
CAGACGATTCAGACGCCTAAT,21,1,47.6,2,TT,Yes,No,
CCTAAGCAGAATTTGGATTAT,21,1,33.3,3,TTT,Yes,No,
ATGCTGCATGTGTGGGCGCGCGG,23,1,69.6,3,GGG,NA,NA,NA
CAGGATAATTAGCCGGAGGAT,21,1,47.6,2,GG,Yes,Yes,TAG
GATAGTCAGTTTCCGTGTACG,21,1,47.6,3,TTT,Yes,No,
TTGCCGAGGCCTAATTCTGGT,21,1,52.4,2,TT,Yes,No,
ACTCTTCGTAGGGCGGTTTTG,21,1,52.4,4,TTTT,Yes,No,
ATGTGTTCGATGGTTAAGAAG,21,1,38.1,2,TT,Yes,No,
GATATTTTTGTGCGTAATAGG,21,1,33.3,5,TTTTT,Yes,No,
ACTAGGAGTAGGAGGTGTTAG,21,1,47.6,2,GG,Yes,Yes,TAG
CTTTAGATTAAGTCGACTGGT,21,1,38.1,3,TTT,Yes,Yes,TAG
CATATTTAGTAGTATAGTCAT,21,1,23.8,3,TTT,Yes,Yes,"TAG,TAG"
GCTATTGATATGAAGAAGAAT,21,1,28.6,2,TT,Yes,No,
TTTTGTTCGTATTCGATGGTT,21,1,33.3,4,TTTT,Yes,No,
ACTGGGCTTGTTCATATGTGT,21,1,42.9,3,GGG,Yes,No,
CATAATTAGAATGCTCATACG,21,1,33.3,2,AA,Yes,Yes,TAG
TGTTGTATTCAGCGGGATATT,21,1,38.1,3,GGG,Yes,No,
AGTCAGGCGAATAGTAATCTT,21,1,38.1,2,GG,Yes,No,
TATCGGCAGGCTTGGTGTGAT,21,1,52.4,2,GG,Yes,No,
TATAGTGGGAGTTATGAGCAG,21,1,42.9,3,GGG,Yes,No,
GCTGCTTCTTTTCATTTTACT,21,1,33.3,4,TTTT,Yes,No,
GTGAAGCAGTTGTTGGCGTTG,21,1,52.4,2,AA,Yes,No,
TAGCCGGGGTAGCTGTGTGCG,21,1,66.7,4,GGGG,Yes,Yes,"TAG,TAG"
TGTCTTGAGACGTGGAATAAT,21,1,38.1,2,TT,Yes,No,
TTTAATCTGTCGATGCCGCTT,21,1,42.9,3,TTT,Yes,No,
CTGGTTGAGCTTTCTTAGCGT,21,1,47.6,3,TTT,Yes,Yes,TAG
AGTACTAGTAAACATCTTCGG,21,1,38.1,3,AAA,No,No,
AATACTTCGAAGACGTTTATT,21,1,28.6,3,TTT,Yes,No,
GCGGTGATTGTGTGGGTTGAG,21,1,57.1,3,GGG,Yes,No,
CGTGTTTAGTTTTTCAT,17,1,29.4,5,TTTTT,NA,NA,NA
AGGAATCCGATGTGGATGATT,21,1,42.9,2,GG,Yes,No,
CGTAGGGAGTATCGTACTAGT,21,1,47.6,3,GGG,Yes,No,
GCGCATTGTGATGATGAGGCG,21,1,57.1,2,TT,Yes,No,
GTTTTGGTGACTAATTATAGT,21,1,28.6,4,TTTT,Yes,No,
TGGTATAAGAATCTGTCTGAG,21,1,38.1,2,GG,Yes,No,
ATGAGGTTTTTTCATACGTTT,21,1,28.6,6,TTTTTT,Yes,No,
CCGAAGGCGGGGTATACGTAT,21,1,57.1,4,GGGG,Yes,No,
GGTTCGACTTTGATGATTCTT,21,1,38.1,3,TTT,Yes,No,
TGTTATAAGAATTATTCGATT,21,1,19.0,2,TT,Yes,No,
TATTAGAATTTGCATAAGATG,21,1,23.8,3,TTT,Yes,Yes,TAG
CGTAATATTCGTACGAGTGGG,21,1,47.6,3,GGG,Yes,No,
ATTATGGCGCGGCAGTCGATT,21,1,52.4,2,TT,Yes,No,
CCTTATATTTGGAAGAGTATG,21,1,33.3,3,TTT,Yes,No,
TTGGAGCCGAGGATGGGTGTT,21,1,57.1,3,GGG,Yes,No,
CTTTCAGCATGGTGGTAGG,19,1,52.6,3,TTT,NA,NA,NA
ACTACTACGTATTGTAGGTAG,21,1,38.1,2,TT,Yes,Yes,TAG
ATTACGCAGCATTCTTTTACT,21,1,33.3,4,TTTT,Yes,No,
GATTAGCTTTATCATACTTAT,21,1,23.8,3,TTT,Yes,Yes,TAG
AGTCTTCTTATTCATAAGTTT,21,1,23.8,3,TTT,Yes,No,
CTTATGGGGGAGGATAGGTCG,21,1,57.1,5,GGGGG,Yes,No,
CCGAAGCTGCATCCTATGTCG,21,1,57.1,2,CC,Yes,No,
CAGTTGATTCATAATTTGGAG,21,1,33.3,3,TTT,Yes,No,
GAGACTTAGAAGGATCGGGCT,21,1,52.4,3,GGG,Yes,Yes,TAG
ACTTGGTTGAGTATTATTTTG,21,1,28.6,4,TTTT,Yes,No,
CCTTAGGATATTGTTTTGATG,21,1,33.3,4,TTTT,Yes,Yes,TAG
GAGTGTGGTAAGCATTATAGG,21,1,42.9,2,GG,Yes,No,
TTTAATGGGGAGGAGACGGAT,21,1,47.6,4,GGGG,Yes,No,
CATACTTGGGGTTGGCCTGCT,21,1,57.1,4,GGGG,Yes,No,
CTTATGGTTGGTTATCCGTTT,21,1,38.1,3,TTT,Yes,No,
ACGACTAAGACGAGGGAGGTT,21,1,52.4,3,GGG,Yes,No,
ATTCAGTATACGCAGTGGCTT,21,1,42.9,2,TT,Yes,No,
AAGCCGAAGAAGGCTTGGAGT,21,1,52.4,2,AA,Yes,No,
CGTGGTAATTCGAATAAGTAG,21,1,38.1,2,GG,Yes,Yes,TAG
TCGAAGATTGAGACGAGTCAAG,22,1,45.5,2,AA,NA,NA,NA
GTTACTAGGCCTATTCAGATT,21,1,38.1,2,TT,Yes,No,
TAGCATATTACGAAGCTTCTTT,22,1,31.8,3,TTT,NA,NA,NA
TTGAGGGTTTAGCTTATGGCT,21,1,42.9,3,GGG,Yes,Yes,TAG
ATTACTAATGTGTAGGCTTAG,21,1,33.3,2,TT,Yes,Yes,"TAG,TAG"
CAGGGTTGGCCTTTGAGGACG,21,1,61.9,3,GGG,Yes,No,
ACGCTTACGAAGAATGGTAGT,21,1,42.9,2,TT,Yes,No,
AGTAGTAAGACGGCGCGGCCT,21,1,61.9,2,AA,Yes,No,
CATACGAATCGTGCTCATCAT,21,1,42.9,2,AA,Yes,No,
ATTCGTAATATTAGGGATTTT,21,1,23.8,4,TTTT,Yes,No,
CAGGTTAAGTCGCTTGAGCTT,21,1,47.6,2,GG,Yes,No,
ATTAAGTAGATGAATACTTGT,21,1,23.8,2,TT,Yes,Yes,TAG
GGTAAGGTGTCGCATACGCTT,21,1,52.4,2,GG,Yes,No,
GCGTCGCTGATTGGTCGGTTT,21,1,57.1,3,TTT,Yes,No,
ATGCGTGGTTTGTTGCGTTAG,21,1,47.6,3,TTT,Yes,Yes,TAG
TATCAGTGTAAGAAGCATCAG,21,1,38.1,2,AA,Yes,No,
AATAATGAGCGGACTTAGACT,21,1,38.1,2,AA,Yes,Yes,TAG
CTGCGGACGGAGATGCCGGAT,21,1,66.7,2,GG,Yes,No,
ACGTATACTCCTAGTAAGGTT,21,1,38.1,2,CC,Yes,No,
CCTGAGATGCATACTGATACT,21,1,42.9,2,CC,Yes,No,
CGGGCGGAGCGGTTGTGTCGT,21,1,71.4,3,GGG,Yes,No,
CTTAATGTTTGGCGGATGGTG,21,1,47.6,3,TTT,Yes,No,
CGGAAGGATTAGTGGCAGTAT,21,1,47.6,2,GG,Yes,Yes,TAG
CAGGATAATCCTGGTAAGAAG,21,1,42.9,2,GG,Yes,No,
CGGGCGAAGTGTTAGGGGTCG,21,1,66.7,4,GGGG,Yes,Yes,TAG
TTGAAGATTACGTCTGATAAT,21,1,28.6,2,TT,Yes,No,
AATGTGACTTCTGATAGTTTT,21,1,28.6,4,TTTT,Yes,No,
TCGTGTGGTCTTGCTCCGAGT,21,1,57.1,2,GG,Yes,No,
TCTGCGTTTTTGATGCAGTAG,21,1,42.9,5,TTTTT,Yes,Yes,TAG
GATTTTGTTGTTTGGACGCAT,21,1,38.1,4,TTTT,Yes,No,
CCGAGTAATTATTAGGAGTAG,21,1,38.1,2,CC,Yes,Yes,"TAG,TAG"
TGGAGGGGTGATGATACTAGT,21,1,47.6,4,GGGG,Yes,No,
TCTACGGATCATGTTTCTCAG,21,1,42.9,3,TTT,Yes,No,
CAGGTGATTTCTACGGTGTCT,21,1,47.6,3,TTT,Yes,No,
GTGAATAGGATTCATTATGGT,21,1,33.3,2,AA,Yes,No,
CCGGATTGTTTGCCTCGTTAT,21,1,47.6,3,TTT,Yes,No,
CATAAGTTTTATTCGCTTGTT,21,1,28.6,4,TTTT,Yes,No,
CCGGGTTATGAGTAGCTTGCG,21,1,57.1,3,GGG,Yes,Yes,TAG
AGTGTGACGCCGTGGCTTGCT,21,1,61.9,2,CC,Yes,No,
AATTAGAATTAGACTCATAAT,21,1,19.0,2,AA,Yes,Yes,"TAG,TAG"
GATATGTGGGATTGTGCTAGT,21,1,42.9,3,GGG,Yes,No,
CTGACTAGGAGGACTTTGCGG,21,1,57.1,3,TTT,Yes,No,
GCTAGTCCGATGAGTACTATG,21,1,47.6,2,CC,Yes,No,
TATGCGGGGCTAAGTGTAAT,20,1,45.0,4,GGGG,NA,NA,NA
CAGATGGGGTAGAATTCGTAG,21,1,47.6,4,GGGG,Yes,Yes,"TAG,TAG"
CATTATCGTAGGCTTTCTCAG,21,1,42.9,3,TTT,Yes,No,
CCTGATCATTCTGATGATAAT,21,1,33.3,2,CC,Yes,No,
AAGGTGGCGCATGATCCGCAT,21,1,57.1,2,AA,Yes,No,
TTGTGGTAGTTGTCTACTAGT,21,1,38.1,2,TT,Yes,Yes,TAG
CGTCATGATACGTTTAATAAG,21,1,33.3,3,TTT,Yes,No,
CTTGATAATAGTTTTAATGAT,21,1,19.0,4,TTTT,Yes,No,
TCGAATGAGTATGGGGTTGAG,21,1,47.6,4,GGGG,Yes,No,
GCTGATATGCTTATGTTGTTG,21,1,38.1,2,TT,Yes,No,
GCGTAGCTGAGTATGCATTTT,21,1,42.9,4,TTTT,Yes,Yes,TAG
CATTAGAGGAGTATTGCGCTG,21,1,47.6,2,TT,Yes,Yes,TAG
CGTACGGGTGGGCGGCTTTAT,21,1,61.9,3,GGG,Yes,No,
TAGTTGGTGAATAGTGCTACG,21,1,42.9,2,TT,Yes,Yes,TAG
TGTTAGAGTTGTTTGACGGTT,21,1,38.1,3,TTT,Yes,Yes,TAG
CTGACGTGGATTATGAAGACT,21,1,42.9,2,GG,Yes,No,
GGTTCTCCTGATCGTCGTAAG,21,1,52.4,2,GG,Yes,No,
TATTATTCTGATGCGCCTTTT,21,1,33.3,4,TTTT,Yes,No,
TTTCCTTCTTAGATGGAGAGT,21,1,38.1,3,TTT,Yes,Yes,TAG
AAGCTGATTGTGTCGTAGTCG,21,1,47.6,2,AA,Yes,Yes,TAG
AATACTAAGGTGTTTAATACT,21,1,23.8,3,TTT,Yes,No,
CGTAATTTTCGGCGTAGGATG,21,1,47.6,4,TTTT,Yes,No,
TAGTATGCGGCGGCTCATCGT,21,1,57.1,2,GG,Yes,Yes,TAG
AATAGTTGTTTTACTGTTCGG,21,1,33.3,4,TTTT,Yes,No,
TGTTCGTTTATGCAAGGAGTAT,22,1,36.4,3,TTT,NA,NA,NA
TTTCCGCGGCCTTTTTGTCAT,21,1,47.6,5,TTTTT,Yes,No,
AGGGCTTAGAAGTAGACTCAT,21,1,42.9,3,GGG,Yes,Yes,"TAG,TAG"
TTGCTGTAGAATATGAAGACG,21,1,38.1,2,TT,Yes,Yes,TAG
CTGGAGCAGTTTCTTCTTATT,21,1,38.1,3,TTT,Yes,No,
CTTTGTACGCCTAATAATAAT,21,1,28.6,3,TTT,Yes,No,
ACGCTTAGTATTCTGCTTCGT,21,1,42.9,2,TT,Yes,No,
GGGCCTCATTATTTTGTGGTT,21,1,42.9,4,TTTT,Yes,No,
CCTGTGCTTACTTTTGCGTAT,21,1,42.9,4,TTTT,Yes,No,
GTTGCGCAGCCGATTCCGCCG,21,1,71.4,2,TT,Yes,No,
TATCCTAATTAGAATCCTTTG,21,1,28.6,3,TTT,Yes,Yes,TAG
CTTATTACGGAGCTTGAGTCT,21,1,42.9,2,TT,Yes,No,
CCTAGTAATACTATTCAGAAG,21,1,33.3,2,CC,Yes,No,
TTTTATGGGAGTAGTCATTCT,21,1,33.3,4,TTTT,Yes,No,
GATTATATGAGGCGTTAGGCT,21,1,42.9,2,TT,Yes,Yes,TAG
CCGGTGGAGCTTTAGATTCAT,21,1,47.6,3,TTT,Yes,Yes,TAG
GGTCGGAAGTCTTCGCGTCTT,21,1,57.1,2,GG,Yes,No,
TGGTATCTTGATAATCAGTAT,21,1,28.6,2,GG,Yes,No,
GGGCATAATCTGCTTTGTAAT,21,1,38.1,3,GGG,Yes,No,
CCTTGGTATCAGCCTAATGGT,21,1,47.6,2,CC,Yes,No,
GATCCTTGGGAGCTTCCGATT,21,1,52.4,3,GGG,Yes,No,
CTTAATGAGAATGGTCATCAT,21,1,33.3,2,TT,Yes,No,
GCGATGAAGGTGATTGCTACT,21,1,47.6,2,AA,Yes,No,
CGTCCGCTTGGTCATTGGTTT,21,1,52.4,3,TTT,Yes,No,
AATAAGCTTAGGTAGTAGAGG,21,1,38.1,2,AA,Yes,Yes,"TAG,TAG"
AATAATACTACGTCTACGTTG,21,1,33.3,2,AA,Yes,No,
AAGAGTCATTCTTCGCTTACT,21,1,38.1,2,AA,Yes,No,
CTTTCTAAGCTGTCGTAGGAG,21,1,47.6,3,TTT,Yes,Yes,TAG
CATCGTGATTTTCTGCAGTAT,21,1,38.1,4,TTTT,Yes,No,
ACGGCTTCTCAGTGTCGGTAG,21,1,57.1,2,GG,Yes,Yes,TAG
AATCTTCCTGATGCGAGTCCT,21,1,47.6,2,AA,Yes,No,
TTTAATAATCTTTCGCTTTCG,21,1,28.6,3,TTT,Yes,No,
AAGGTGCAGTTGACGTCGCAG,21,1,57.1,2,AA,Yes,No,
TCGTATTCTGAGCTTACTCCG,21,1,47.6,2,TT,Yes,No,
CAGAATTAGTATCTGGATGAG,21,1,38.1,2,AA,Yes,Yes,TAG
CTGAATATTTTGTTTACTCGG,21,1,33.3,4,TTTT,Yes,No,
ACTGTTTTGCAGTTGAGCAG,20,1,45.0,4,TTTT,NA,NA,NA
TATCCTAAGTTTGCTCATGGT,21,1,38.1,3,TTT,Yes,No,
AGTATGAGGTATTAGGCGGGT,21,1,47.6,3,GGG,Yes,Yes,TAG
TAGCAGGAGACTCCTCCTTTT,21,1,47.6,4,TTTT,Yes,Yes,TAG
AATCATTTTATGAATATGTAG,21,1,19.0,4,TTTT,Yes,Yes,TAG
GCTGAGTATAGGCAGTATAGG,21,1,47.6,2,GG,Yes,No,
CTTTAGAGGCGTGAGCGGCCT,21,1,61.9,3,TTT,Yes,Yes,TAG
TTGACTGCTCCTATGGGTTAG,21,1,47.6,3,GGG,Yes,Yes,TAG
TTTTGGAATGATCTTGCTCGT,21,1,38.1,4,TTTT,Yes,No,
AAGCCGGCGACGTTGTATGTG,21,1,57.1,2,AA,Yes,No,
ACGAAGTGTGATGCGAATTTG,21,1,42.9,3,TTT,Yes,No,
GCGTGTACGCCTACTTCGTGG,21,1,61.9,2,CC,Yes,No,
GTTCTTCCTTAGAGTTAGCAT,21,1,38.1,2,TT,Yes,Yes,"TAG,TAG"
AAGACTTCGATGTCTGATGCT,21,1,42.9,2,AA,Yes,No,
ACTCTGTTTCTGGTGCCGATG,21,1,52.4,3,TTT,Yes,No,
GAGACTTCGTATCCTGTTCGT,21,1,47.6,2,TT,Yes,No,
CCGAGTACTTGTGTGTTGTAG,21,1,47.6,2,CC,Yes,Yes,TAG
GTTTTTGGTATTTCGACTCTG,21,1,38.1,5,TTTTT,Yes,No,
CAGGCTACGGGTCAGCATATG,21,1,57.1,3,GGG,Yes,No,
CCGGTGTTTAATCTTTCGTCT,21,1,42.9,3,TTT,Yes,No,
ATTTATGAGATTATTTATATT,21,1,9.5,3,TTT,Yes,No,
GAGTATGTGCATTGGATTTAG,21,1,38.1,3,TTT,Yes,Yes,TAG
TATAGTAATTCTCGTCCTCGG,21,1,42.9,2,AA,Yes,No,
ATTCATGTTACGTATACGGAT,21,1,33.3,2,TT,Yes,No,
GGTTATATTAGGGTGTATGTT,21,1,33.3,3,GGG,Yes,No,
CCGTCGTTTTATGGTGCGTGT,21,1,52.4,4,TTTT,Yes,No,
ATTGTGGCGCAGACTTTGATT,21,1,42.9,3,TTT,Yes,No,
ATTTCTATTTAGCCTAGGCAG,21,1,38.1,3,TTT,Yes,Yes,TAG
TTGGCTTCGGGTTCTTGTTAG,21,1,47.6,3,GGG,Yes,Yes,TAG
CTGCGTGTGGAAGGCAGAGG,20,1,65.0,2,GG,NA,NA,NA
CAGCATGAGCATCCGTCTAAT,21,1,47.6,2,CC,Yes,No,
TATATGCATATGATGTGTGGT,21,1,33.3,2,GG,Yes,No,
GTTACTGATCCGATGTTGCAG,21,1,47.6,2,TT,Yes,No,
CTTTTGCATCGGCTGTCGATT,21,1,47.6,4,TTTT,Yes,No,
ATTGGTTTTGATTCTTCGCAG,21,1,38.1,4,TTTT,Yes,No,
ACGAATAATCAGTATTTGGTT,21,1,28.6,3,TTT,Yes,No,
GATAAGATGAAGAATATTACG,21,1,28.6,2,AA,Yes,No,
CTTGATTGTAATCTTGAGCTT,21,1,33.3,2,TT,Yes,No,
TGTGTGCCTGAGAGTGTTAGT,21,1,47.6,2,CC,Yes,No,
ATTTTGCATTATTTTAAGTGG,21,1,23.8,4,TTTT,Yes,No,
GCTTCTATGCATCAGCATAGT,21,1,42.9,2,TT,Yes,No,
TATGTGTATTGTCTGTTGCGG,21,1,42.9,2,TT,Yes,No,
CAGAATCAGTTGTTTATTAAT,21,1,23.8,3,TTT,Yes,No,
CTTGTTCGGTATACTCCCTTT,21,1,42.9,3,CCC,No,No,
GAGTATAATACGCTTTGGAAG,21,1,38.1,3,TTT,Yes,No,
ACTATGGTTCGTTATTATAAT,21,1,23.8,2,GG,Yes,No,
TCGGATTATAAGATGCTGTCG,21,1,42.9,2,GG,Yes,No,
ACTGATAAGATGTTGAATACG,21,1,33.3,2,AA,Yes,No,
TGTCGGGGTACTGGGCATCGT,21,1,61.9,4,GGGG,Yes,No,
GAGAAGACTGGGAAGCAGGCG,21,1,61.9,3,GGG,Yes,No,
AGGCATAATAGGAATTTTTAT,21,1,23.8,5,TTTTT,Yes,No,
CGTTGGTTGAATCAGGGTAAT,21,1,42.9,3,GGG,Yes,No,
CATAATAAGAGGCGTCCTGAT,21,1,42.9,2,AA,Yes,No,
GATAATAAGCCTTGGGATCCT,21,1,42.9,3,GGG,Yes,No,
GAGTATAATGCTATTAATAAT,21,1,19.0,2,AA,Yes,No,
ATTGATATTAGTATTCTTACG,21,1,23.8,2,TT,Yes,No,
GGTGATAATCTTCATAAGTAG,21,1,33.3,2,GG,Yes,Yes,TAG
ACTAAGGTGTTGCAGTATATT,21,1,33.3,2,AA,Yes,No,
GCTCTTCAGCATGTTGCTAAG,21,1,47.6,2,TT,Yes,No,
CCGACTTAGTTTCGGATGAAT,21,1,42.9,3,TTT,Yes,Yes,TAG
CGTTTTAATTTTATGGAGTCG,21,1,33.3,4,TTTT,Yes,No,
CCGTCGAGTATGCATTTGCGT,21,1,52.4,3,TTT,Yes,No,
AGGACGCTGACTCCTCCGCAT,21,1,61.9,2,GG,Yes,No,
GCTACTAATGATTAGTCTCAG,21,1,38.1,2,AA,Yes,Yes,TAG
TTGGGTACTACGGGGAATACG,21,1,52.4,4,GGGG,Yes,No,
CTGTCTTGTTAGATTTATTAG,21,1,28.6,3,TTT,Yes,Yes,"TAG,TAG"
TTGTTGATTTTTCTTAATGTG,21,1,23.8,5,TTTTT,Yes,No,
ACTAGGCGTTGGGTTTGGTAT,21,1,47.6,3,GGG,Yes,No,
TAGACTCGTGGTATGAAGTAG,21,1,42.9,2,GG,Yes,Yes,"TAG,TAG"
TTGAAGCAGTGGTAGTATTCG,21,1,42.9,2,TT,Yes,Yes,TAG
CCTACTCCGGAGTCTTATACT,21,1,47.6,2,CC,Yes,No,
AAGCATAATTATTCGAGTGCG,21,1,38.1,2,AA,Yes,No,
ATTCTGTGTAATTCGTCTTAG,21,1,33.3,2,TT,Yes,Yes,TAG
GATGGTGCTTCGACGTCTAAT,21,1,47.6,2,GG,Yes,No,
TTTGCGATGTTGTTGACTAG,20,1,40.0,3,TTT,NA,NA,NA
AATAGGACGAATATGGATTGG,21,1,38.1,2,AA,Yes,No,
ACGATGCGGGCGAGTGAGTAT,21,1,57.1,3,GGG,Yes,No,
CGTTGTGGGCTGTATCTA,18,1,50.0,3,GGG,NA,NA,NA
ATTGCTTGTTCGGATCTTAAT,21,1,33.3,2,TT,Yes,No,
AGTAAGAGGTGGCTTCATAAT,21,1,38.1,2,AA,Yes,No,
GTGGCGTGGTGTTCTACGAGT,21,1,57.1,2,GG,Yes,No,
CGTAGTACTCAGTATTGTATT,21,1,33.3,2,TT,Yes,No,
AGGTGTATTGTTTGGCATTAG,21,1,38.1,3,TTT,Yes,Yes,TAG
TATCTGAAGTAGAAGAAGTTT,21,1,28.6,3,TTT,Yes,Yes,TAG
GGGAGGTATACTCGTATTAAG,21,1,42.9,3,GGG,Yes,No,
CATGTTTTTGTGGCGTAGAAT,21,1,38.1,5,TTTTT,Yes,Yes,TAG
GGTGCGAGGAGCGTGTATTCTT,22,1,54.5,2,GG,NA,NA,NA
CCGGCTGGGCGGGCTGGGGTG,21,1,85.7,4,GGGG,Yes,No,
GATCCGGTTAGGGGTGATTAG,21,1,52.4,4,GGGG,Yes,Yes,TAG
TCGTATCGGGGTCTGAAGCTG,21,1,57.1,4,GGGG,Yes,No,
TATAGTCCTATTCCTAGTAAG,21,1,33.3,2,CC,Yes,No,
AAGCAGAATCCAACATTTGCCT,22,1,40.9,3,TTT,NA,NA,NA
GGTTGTTAGAAGTGTAGGTTG,21,1,42.9,2,GG,Yes,Yes,TAG
AGTTTGCATGCGTTGGTTAGG,21,1,47.6,3,TTT,Yes,No,
AATCTTTCTTCCA,13,1,30.8,3,TTT,NA,NA,NA
GCGAATAATTTTCATGGTACG,21,1,38.1,4,TTTT,Yes,No,
CATTTGGAGATGGGTCATGTG,21,1,47.6,3,TTT,Yes,No,
AATACGTAGTTTCGGATTCT,20,1,35.0,3,TTT,NA,NA,NA
GAGCATGATAATGTGGAGCCT,21,1,47.6,2,AA,Yes,No,
CAGGGTTTGGATTATATGTAT,21,1,33.3,3,GGG,Yes,No,
CCTTTGTAGGTTAGTTCGGCG,21,1,52.4,3,TTT,Yes,Yes,TAG
AAGAGTTCGAATGGTAGGCCT,21,1,47.6,2,AA,Yes,No,
TCTTCTTGGAAGGCTTTTGCG,21,1,47.6,4,TTTT,Yes,No,
GATTAGTTGTCTCATACGGCT,21,1,42.9,2,TT,Yes,Yes,TAG
CATAATAGTCCTATTGTTCGT,21,1,33.3,2,AA,Yes,No,
GGTCTGTTTGCGAATTGTATT,21,1,38.1,3,TTT,Yes,No,
GGTTAGGCGACGCAGCATTGG,21,1,61.9,2,GG,Yes,Yes,TAG
TATGCTTCTACTAAGATGTCG,21,1,38.1,2,TT,Yes,No,
TAGCAGTAGCATTTGCTGACT,21,1,42.9,3,TTT,Yes,Yes,"TAG,TAG"
TTTTTTTCCTCCGTCGCAGTTG,22,1,45.5,7,TTTTTTT,NA,NA,NA
GAGGTTCCTGTGAATAATGCT,21,1,42.9,2,GG,Yes,No,
TCGGGTTTGCGGTCGACGTTG,21,1,61.9,3,GGG,Yes,No,
GAGGCTTTGATGCAGTTTTGT,21,1,42.9,4,TTTT,Yes,No,
GTGCCTTATGTGCTGTCGCAG,21,1,57.1,2,CC,Yes,No,
TGGACTGTGAGTTCTACGCAT,21,1,47.6,2,GG,Yes,No,
TATACGTGGGGGTCTTAGATT,21,1,42.9,5,GGGGG,Yes,Yes,TAG
TCTCCTCCGCCGTTTGAGCTT,21,1,57.1,3,TTT,Yes,No,
CCGTTGGAGATTTTTTTTACG,21,1,38.1,8,TTTTTTTT,Yes,No,
TTTATTCATAGGAATGGGACG,21,1,38.1,3,TTT,Yes,No,
CAGCCTTAGAATCTGGGAGTTG,22,1,50.0,3,GGG,NA,NA,NA
TTGATTCTTTATCGGATTCGT,21,1,33.3,3,TTT,Yes,No,
CAGGAGAAGATTGAGTGTTTG,21,1,42.9,3,TTT,Yes,No,
CATCCGTAGGGGTAGGAGAAT,21,1,52.4,4,GGGG,Yes,Yes,"TAG,TAG"
GTGTGGTTTCCTGTGAAGACG,21,1,52.4,3,TTT,Yes,No,
ATTCAGGAGTGTTTTTTTGAAT,22,1,27.3,7,TTTTTTT,NA,NA,NA
AGTTTTAATCCTTAGAATGCG,21,1,33.3,4,TTTT,Yes,Yes,TAG
CGGGCGGTGTATATGTATCGT,21,1,52.4,3,GGG,Yes,No,
CATGATAACAGTTGTATACT,20,1,30.0,2,AA,NA,NA,NA
CTTTTGCTTGATATGCCTCAT,21,1,38.1,4,TTTT,Yes,No,
AATAGTCGTTATTTTGAGGGT,21,1,33.3,4,TTTT,Yes,No,
ACGGCTTAGAAGGCGAATTAT,21,1,42.9,2,GG,Yes,Yes,TAG
TTGCTGGTGGTTAATACGGCT,21,1,47.6,2,TT,Yes,No,
CGGGGGCCGATGACGCGGCCG,21,1,85.7,5,GGGGG,Yes,No,
TAGAAGAATTAGAAGTGCTGG,21,1,38.1,2,AA,No,Yes,"TAG,TAG"
AGGCATTTGCTTTTGTTTCGT,21,1,38.1,4,TTTT,Yes,No,
GCGACTTGTTATGATCCTACG,21,1,47.6,2,TT,Yes,No,
GGTAATAGGCATATGCTTCCT,21,1,42.9,2,GG,Yes,No,
AAGCATATGAAGCGGGCTCAG,21,1,52.4,3,GGG,Yes,No,
GTTTTTTATCGGCGTTGTCCGGC,23,1,52.2,6,TTTTTT,NA,NA,NA
ACTTAGGCTAAGCTTGGGACT,21,1,47.6,3,GGG,Yes,Yes,TAG
GATTATGATCGGATTAATTAT,21,1,23.8,2,TT,Yes,No,
TAGACTCGGATGAGGAGTCCT,21,1,52.4,2,GG,Yes,Yes,TAG
TAGCGGTAGTTTCCGTAGCAT,21,1,47.6,3,TTT,Yes,Yes,"TAG,TAG,TAG"
GCGACGGCGTGTAATCTGAGG,21,1,61.9,2,GG,Yes,No,
CAGCTGTGTCATGCTAATGTT,21,1,42.9,2,AA,Yes,No,
TTTTGTCCTCATTCTGAGACG,21,1,42.9,4,TTTT,Yes,No,
CCTTCGGGTGCGGTTTTGACG,21,1,61.9,4,TTTT,Yes,No,
AATACGGGGAATACGCCGAAG,21,1,52.4,4,GGGG,Yes,No,
GGTTGTCATGCGCAGCTTCAG,21,1,57.1,2,GG,Yes,No,
CATGATGCTACGACGCGTGCT,21,1,57.1,1,C,Yes,No,
AATTCGTCTTGTTAGCCTAAG,21,1,38.1,2,AA,Yes,Yes,TAG
CATATTTCTATTTTTTTACG,20,1,20.0,7,TTTTTTT,NA,NA,NA
TCGGATAAGGGTTTTTAGAAG,21,1,38.1,5,TTTTT,Yes,Yes,TAG
AAGGATTTTAATTAGTATGTT,21,1,19.0,4,TTTT,Yes,Yes,TAG
GGGTTGAGTTGTTTGACTTGT,21,1,42.9,3,GGG,Yes,No,
GGTTAGGGTGATAAGAAGTGG,21,1,47.6,3,GGG,Yes,Yes,TAG
AATCTTTCGGATACTCGGGAGA,22,1,45.5,3,TTT,NA,NA,NA
CGTTTGGGGAGTATTAAGACT,21,1,42.9,4,GGGG,Yes,No,
AATTGTGAGGATTGGGAGCGT,21,1,47.6,3,GGG,Yes,No,
GTGACGACTATTTGGGATCAG,21,1,47.6,3,TTT,Yes,No,
CCTCTTATGATTAATCATCCG,21,1,38.1,2,CC,Yes,No,
TTTTCGTGGACTTATTATTGT,21,1,28.6,4,TTTT,Yes,No,
AAGAATCTGTATTAGGAGTAT,21,1,28.6,2,AA,Yes,Yes,TAG
CATCAGTACAAGA,13,1,38.5,2,AA,NA,NA,NA
GCTCCTACTTCTAAGCAGAGG,21,1,52.4,2,CC,Yes,No,
CTTAGGCGGGCTACGACGCAG,21,1,66.7,3,GGG,Yes,No,
GTTATTATGATGTAGTAGAGT,21,1,28.6,2,TT,Yes,Yes,"TAG,TAG"
ACTCATGTTTGGCCGCTGCAT,21,1,52.4,3,TTT,Yes,No,
ATTAGGATTAATTTGTCTTCT,21,1,23.8,3,TTT,Yes,No,
TGTTTTAATAATCATTGTGAT,21,1,19.0,4,TTTT,Yes,No,
AAGTATTATAAGCAGCGATG,20,1,35.0,2,AA,NA,NA,NA
GCTAATGCTCATATTCAGACG,21,1,42.9,2,AA,Yes,No,
GCGGGTGATATTAGGGGTTAT,21,1,47.6,4,GGGG,Yes,No,
CTTAGTCATGCGTGTACGTGT,21,1,47.6,2,TT,Yes,No,
TGTATTGCGACTATTTAGGCT,21,1,38.1,3,TTT,Yes,Yes,TAG
ATGACGGGTAATAGTCAGAGG,21,1,47.6,3,GGG,Yes,No,
CCGTTTAAGTCTACTACTTTG,21,1,38.1,3,TTT,Yes,No,
ATTTATATTGATTTGTGGCAT,21,1,23.8,3,TTT,Yes,No,
ATTATTCCGATGAATCCTGCT,21,1,38.1,2,TT,Yes,No,
ACGCATAAGAAGAATTATGTG,21,1,33.3,2,AA,Yes,No,
ACTGTTGTTACGCTTGGTAAG,21,1,42.9,2,TT,Yes,No,
ATGGAGGCGTCGTATGCGCAT,21,1,57.1,2,GG,Yes,No,
ATTCAGGCTTATATTAATCAG,21,1,28.6,2,TT,Yes,No,
ACTGGTGTTAATAAGCATTTT,21,1,28.6,4,TTTT,Yes,No,
ATTATGCATTTTTCTTATGAT,21,1,19.0,5,TTTTT,Yes,No,
CCTTGGAATTAGCAGCTTTTT,21,1,38.1,5,TTTTT,Yes,Yes,TAG
CGTTATTATAAGTCGCAGGCT,21,1,42.9,2,TT,Yes,No,
GGTAAGTGGACGAATTGTCGT,21,1,47.6,2,GG,Yes,No,
TAGACGCATTAGTTGGTGACT,21,1,42.9,2,TT,Yes,Yes,"TAG,TAG"
CAGGGTGAGGTGATTAAGTGT,21,1,47.6,3,GGG,Yes,No,
GGGCGTTTTCGTACTGTGGGG,21,1,61.9,4,TTTT,Yes,No,
GATCTGCTTGGTTCTTTTTCT,21,1,38.1,5,TTTTT,Yes,No,
ATTACGATTCTGTAGCATTGT,21,1,33.3,2,TT,Yes,Yes,TAG
CAGAGGAGGTCTGCGACGTTT,21,1,57.1,3,TTT,Yes,No,
ACTGTGCCGGATCAGGTTATT,21,1,47.6,2,CC,Yes,No,
CATACTCTTGCGGTTAGTGAG,21,1,47.6,2,TT,Yes,No,
TTGTCTAAGGATATGCATTCT,21,1,33.3,2,TT,Yes,No,
CGGATGAAGTGGCATCCTAAT,21,1,47.6,2,GG,Yes,No,
TTGAGTAAGCGGGGTACGGCG,21,1,61.9,4,GGGG,Yes,No,
CTGATTGTGGCGGTGATGCGT,21,1,57.1,2,TT,Yes,No,
CGGCCGTGGCGGTCTCGTACT,21,1,71.4,2,GG,Yes,No,
TCTGTTATGCGGGATCAGTTG,21,1,47.6,3,GGG,Yes,No,
AGGATGAAGATGTGTCATACG,21,1,42.9,2,GG,Yes,No,
AAGTATTAGTATAAGGGTTGG,21,1,33.3,3,GGG,Yes,Yes,TAG
TTGTATATTGATTTGGCTTGT,21,1,28.6,3,TTT,Yes,No,
CTGCATCTTATGGTGCGGGAG,21,1,57.1,3,GGG,Yes,No,
CGGGCGGGTGATCGTAGTTGT,21,1,61.9,3,GGG,Yes,No,
CCGGCGGTTCAGTTTCGTTCT,21,1,57.1,3,TTT,Yes,No,
TATCATTTGTTTATTTATCCT,21,1,19.0,3,TTT,Yes,No,
ACTGTGCCGATTCTTTTTAT,20,1,35.0,5,TTTTT,NA,NA,NA
CCGATGCGGAGTCAGATTATT,21,1,47.6,2,CC,Yes,No,
ACTTTGCGGTATGTGCGGACT,21,1,52.4,3,TTT,Yes,No,
TAGCCTGTGACTCCTATGTAG,21,1,47.6,2,CC,Yes,Yes,"TAG,TAG"
TAGCTTATTAAGAATGTGTAT,21,1,23.8,2,TT,Yes,Yes,TAG
TTGTAGGGGTCTAATTCGGCT,21,1,47.6,4,GGGG,Yes,Yes,TAG
CTGTATACGCGTTTTACGAAG,21,1,42.9,4,TTTT,Yes,No,
AGTAAGGTTCGGTATTTGACT,21,1,38.1,3,TTT,Yes,No,
CAGAAGGAGAGTCATATTTAG,21,1,38.1,3,TTT,Yes,Yes,TAG
TAGATGCATTCTAATTGTAGT,21,1,28.6,2,TT,Yes,Yes,TAG
AAGTTGTTGTCTATTAGGCGG,21,1,42.9,2,AA,Yes,No,
CATCGGTCTCTGACGACTAAT,21,1,47.6,2,GG,Yes,No,
ATTTATGGTTCGGTTCCGTCG,21,1,47.6,3,TTT,Yes,No,
ATTAAGCCTAATCATTATGAG,21,1,28.6,2,TT,Yes,No,
CTGAATGATTTATATTCGGTAT,22,1,27.3,3,TTT,NA,NA,NA
ACGCATGAGTAGTCTTGGTAT,21,1,42.9,2,TT,Yes,Yes,TAG
TTGGCTGTGATTGGGAAGCGG,21,1,57.1,3,GGG,Yes,No,
GATCCTTTTTAGGATGCGGAT,21,1,42.9,5,TTTTT,Yes,Yes,TAG
CATCGTCAGTATAATTGGCAT,21,1,38.1,2,AA,Yes,No,
GTGCCTTTGGGTGTGTATTTT,21,1,42.9,4,TTTT,Yes,No,
AATAGCTGAATCTGTTGCGTC,21,1,42.9,2,AA,No,Yes,TGA
GGTAGTAGTCATGGGCCTAAT,21,1,47.6,3,GGG,Yes,No,
TGGTGTAGTAATCCTGGTTTT,21,1,38.1,4,TTTT,Yes,No,
CCGGATGCTCGGATTGATGTG,21,1,57.1,2,CC,Yes,No,
CATCTGCATTGGATTCTGTAG,21,1,42.9,2,TT,Yes,Yes,TAG
AGGATGTTTGTGACTAGGCGG,21,1,52.4,3,TTT,Yes,No,
TATGCTGTTCATGATTTGACT,21,1,33.3,3,TTT,Yes,No,
AGTAATGTTTTGAGGCATAGT,21,1,33.3,4,TTTT,Yes,No,
CGTATGCGTTTTGAGACTACT,21,1,42.9,4,TTTT,Yes,No,
TGTGATCTGACGTCTGAGCCT,21,1,52.4,2,CC,Yes,No,
ATTTAGGTGCAGTTTCAGTCT,21,1,38.1,3,TTT,Yes,Yes,TAG
TCGTTTGTTATTTGATGAAT,20,1,25.0,3,TTT,NA,NA,NA
CTTAATTATTTGCATCTTTTT,21,1,19.0,5,TTTTT,Yes,No,
CATACTCGTATTATTCTCGT,20,1,35.0,2,TT,NA,NA,NA
ACGATTAAGGCTACGCATACG,21,1,47.6,2,TT,Yes,No,
TCGACGTTGTAGTTGGCGTAG,21,1,52.4,2,TT,Yes,Yes,"TAG,TAG"
CGGGATGCGAGTAAGGAGGAG,21,1,61.9,3,GGG,Yes,No,
TCGATTCCGCGTTTTCCTATG,21,1,47.6,4,TTTT,Yes,No,
CGGACGGATTAGACTAGTGAT,21,1,47.6,2,GG,Yes,Yes,TAG
CCTAAGAATAATATTATTACG,21,1,23.8,2,CC,Yes,No,
AATGGGAGTCTTGATAAGTAG,21,1,38.1,3,GGG,Yes,Yes,TAG
AGTCAGACTCCGGTTCTTACT,21,1,47.6,2,CC,Yes,No,
CGTAATAGTCCTAAGACGAAT,21,1,38.1,2,AA,Yes,No,
TCGGGTCCTACGAATTCGTAT,21,1,47.6,3,GGG,Yes,No,
CGTAGTTGTAATCTGCGTTCG,21,1,47.6,2,TT,Yes,No,
AAGACGACGGCTCGGATTGGT,21,1,57.1,2,AA,Yes,No,
GTGACTGTGACGCATACTCCG,21,1,57.1,2,CC,Yes,No,
AATATGTCGGTGGCGGTGACT,21,1,52.4,2,AA,Yes,No,
TGGAAGGGTACGACTATTTTG,21,1,42.9,4,TTTT,Yes,No,
CTGCCTAGGACTTAGGCTACG,21,1,57.1,2,CC,Yes,Yes,TAG
CGGCCGACGACTAGTGGTTAG,21,1,61.9,2,GG,Yes,Yes,TAG
TTTTAGGAGAAGGCGAAGGTG,21,1,47.6,4,TTTT,Yes,Yes,TAG
AATATTGAGATGTAGCCTCAT,21,1,33.3,2,AA,Yes,Yes,TAG
GATACTATGTTTTTGCCGTAG,21,1,38.1,5,TTTTT,Yes,Yes,TAG
AATGTGACGTTGCTTAATGCG,21,1,42.9,2,AA,Yes,No,
GCGGCTACGAATGGGTTTAAG,21,1,52.4,3,GGG,Yes,No,
TTGACTATTAGGCAGCAGTCG,21,1,47.6,2,TT,Yes,No,
CTTCCGGCTGGTCAGACTCGT,21,1,61.9,2,TT,Yes,No,
TATGGGTGTAAGTTGTTTGAG,21,1,38.1,3,GGG,Yes,No,
TGTTGGGGGGAGAATAAGAAT,21,1,42.9,6,GGGGGG,Yes,No,
CTTGAGTTGAATCATACTGAT,21,1,33.3,2,TT,Yes,No,
CAGAATTCGGGGCGGGCGGCG,21,1,76.2,4,GGGG,Yes,No,
TTGGCTACTAAGGGTTTGCAG,21,1,47.6,3,GGG,Yes,No,
GTTATGCATACTTTGTTTTAG,21,1,28.6,4,TTTT,Yes,Yes,TAG
AGGGCGTTGGTTGCTCGTTAT,21,1,52.4,3,GGG,Yes,No,
TCGCATATGACGGATCATCGT,21,1,47.6,2,GG,Yes,No,
TAGGGGTTTTTGTATGATCTT,21,1,33.3,5,TTTTT,Yes,Yes,TAG
CTGGAGCGTGGTTCTAAGTAT,21,1,47.6,2,GG,Yes,No,
TATAATCATTATAATAGGTGT,21,1,19.0,2,AA,Yes,No,
GTTTTTTTTCATGCTAGTAAT,21,1,23.8,8,TTTTTTTT,Yes,No,
TTGGCGCTTATTCAGCCTTAT,21,1,42.9,2,TT,Yes,No,
GGTACTGCTATGTTGGTGAGT,21,1,47.6,2,GG,Yes,No,
CCTAGGGTTAATCCGTTGGCG,21,1,57.1,3,GGG,Yes,No,
ATGCCGCAGTATGTGTCGTCT,21,1,52.4,2,CC,Yes,No,
AAGTATTTTATTCATATGCAT,21,1,19.0,4,TTTT,Yes,No,
CCGAATTGGTGTCCTGTTGTG,21,1,52.4,2,CC,Yes,No,
ATGTGTCATGCTAGGGGTATT,21,1,42.9,4,GGGG,Yes,No,
CGGACGGAGGCTTAGTGTATT,21,1,52.4,2,GG,Yes,Yes,TAG
AGGAGTAATAGTGTTGTGTAT,21,1,33.3,2,GG,Yes,No,
TAGTGTCATTTGCTAATAGT,20,1,30.0,3,TTT,NA,NA,NA
CCGGTGTCGTATGCTGATCGT,21,1,57.1,2,CC,Yes,No,
GTGGAGCGGGCTAAGCCTGTG,21,1,66.7,3,GGG,Yes,No,
AGGCTTTTTAAGAGTGCTTAG,21,1,38.1,5,TTTTT,Yes,Yes,TAG
TTTCTGGGTCAGCTTTATGTG,21,1,42.9,3,TTT,Yes,No,
CCGTATTGTCATTAGAATAGT,21,1,33.3,2,CC,Yes,Yes,TAG
GGTATTATGACGCCTTATGGG,21,1,47.6,3,GGG,Yes,No,
AATTGTCTGGATAATCAGAGTTAG,24,1,33.3,2,AA,NA,NA,NA
AATTGTCTGGATAATCAGTAG,21,1,33.3,2,AA,Yes,Yes,TAG
TATATGCAGGAGCATTATAAG,21,1,33.3,2,GG,Yes,No,
ATGCCTTATAAGAGTGGTCC,20,1,45.0,2,CC,NA,NA,NA
TATTAGTTTGCTCTTCAGAAG,21,1,33.3,3,TTT,Yes,Yes,TAG
CTGAATTGGAGTATGGTTAGG,21,1,42.9,2,AA,Yes,No,
TGTCATCAGGTGTATCCGCGG,21,1,57.1,2,GG,Yes,No,
GATGATCAGTAGTGTAAGTCG,21,1,42.9,2,AA,Yes,Yes,TAG
AATTTGTTGTTGAGGGATAAT,21,1,28.6,3,TTT,Yes,No,
CTGGATACGTTTCTTCCTAGG,21,1,47.6,3,TTT,Yes,No,
TGGTCTTATTGGAATTTGAGT,21,1,33.3,3,TTT,Yes,No,
GTGTTTCAGAATATTAATCAG,21,1,28.6,3,TTT,Yes,No,
CAGGTGCCGTTTCCGGCGGCT,21,1,71.4,3,TTT,Yes,No,
TGTCGTACGTGTCAGCATCCT,21,1,52.4,2,CC,Yes,No,
CAGCGGTTGCTGTGTGCTGAT,21,1,57.1,2,GG,Yes,No,
CTTTTGGATAATACGTTTTGG,21,1,33.3,4,TTTT,Yes,No,
ACTGTTGTTATGTATTGGATT,21,1,28.6,2,TT,Yes,No,
GGTAGGAATAAGGCTATGCTT,21,1,42.9,2,GG,Yes,No,
GAGATTTTGTATGATTATCAT,21,1,23.8,4,TTTT,Yes,No,
CCGTGGAAGATTCTTCCTGTG,21,1,52.4,2,CC,Yes,No,
TTGTAGAGGGAGTTGATTACT,21,1,38.1,3,GGG,Yes,Yes,TAG
CGGAAGAATAATTGGAATTAT,21,1,28.6,2,GG,Yes,No,
ATTGCGGAGAATCATTGGCAG,21,1,47.6,2,TT,Yes,No,
TATTTGAAGAAGGTGAGTGGA,21,1,38.1,3,TTT,No,No,
ATTTCGGTGGTTTAGGTTCCG,21,1,47.6,3,TTT,Yes,Yes,TAG
GATCTGGTGTCGCAGGTGTGT,21,1,57.1,2,GG,Yes,No,
ACGTTGTAGAGTAAAGCCTTG,21,1,42.9,3,AAA,No,Yes,TAG
CCGGATTATTAGCATGAGCCG,21,1,52.4,2,CC,Yes,Yes,TAG
AAGTTGATGAGGATGGCTAGG,21,1,47.6,2,AA,Yes,No,
CGTTATAATTTGGCTGAGTCG,21,1,42.9,3,TTT,Yes,No,
ATTAGGCGGGCGATTATTTGG,21,1,47.6,3,GGG,Yes,No,
CATCTTAAGATTATTAAGTAG,21,1,23.8,2,TT,Yes,Yes,TAG
TTGGAGGAGTCGAAGGATGTT,21,1,47.6,2,TT,Yes,No,
TATCCGTCTCCGACTTCTTAT,21,1,42.9,2,CC,Yes,No,
GTTTGGCTTCCTTTTCATCCG,21,1,47.6,4,TTTT,Yes,No,
TCTATTATGCAGCGTGATCTG,21,1,42.9,2,TT,Yes,No,
AATTGTGAGTTTGCGTGTGAG,21,1,42.9,3,TTT,Yes,No,
ATGTATTCGAGTCTGATTAGT,21,1,33.3,2,TT,Yes,No,
TCTAATTGTATGCATTATGTT,21,1,23.8,2,AA,Yes,No,
TCTTTTACGTTGTTGTGGGCT,21,1,42.9,4,TTTT,Yes,No,
CATCGTTATATGGCGAGTCGT,21,1,47.6,2,TT,Yes,No,
GTTAGGTTGACGGTGTTGACG,21,1,52.4,2,TT,Yes,No,
AATGTTCGGAGGAATATGAAG,21,1,38.1,2,AA,Yes,No,
ATTCCGCGTTATTCGAGGTTG,21,1,47.6,2,TT,Yes,No,
GCTTATACTTGTTCTTCGGGT,21,1,42.9,3,GGG,Yes,No,
GATATTGCTAATCGTTCGGCG,21,1,47.6,2,TT,Yes,No,
AAGAGTTTGGTTACGTAGCCT,21,1,42.9,3,TTT,Yes,Yes,TAG
CATGGGATGGTGTCTGATACG,21,1,52.4,3,GGG,Yes,No,
AGGCGTATTGGTAGGACTAGT,21,1,47.6,2,GG,Yes,No,
GTTAAGGGGTGTTAGTATAGG,21,1,42.9,4,GGGG,Yes,Yes,TAG
AAGATTATTTCGATGGCTTGG,21,1,38.1,3,TTT,Yes,No,
CATGAGCCGAAGCTGTCTTAG,21,1,52.4,2,CC,Yes,Yes,TAG
GCTGGTATTTGTTTTACGCAG,21,1,42.9,4,TTTT,Yes,No,
TCTACTGGTCGTAAGGTTCTG,21,1,47.6,2,GG,Yes,No,
CATTTGGTGGCTTAGAAGTGT,21,1,42.9,3,TTT,Yes,Yes,TAG
GAGCTTCATGGTAATATTCAG,21,1,38.1,2,TT,Yes,No,
CATAAGAATGAGCCTGTTCCG,21,1,47.6,2,AA,Yes,No,
AGGCTGTGTATTGGTACTATT,21,1,38.1,2,GG,Yes,No,
AGGGAGTGGCTTGTGGTTAGG,21,1,57.1,3,GGG,Yes,No,
CATCAGCTGAATGATCTGATT,21,1,38.1,2,AA,Yes,No,
CATCTGGTGATTAGTTAGGCG,21,1,47.6,2,GG,Yes,Yes,TAG
TATTAGACTTTTGAGACTGAG,21,1,33.3,4,TTTT,Yes,Yes,TAG
ATTAAGGTGTATCTGGGTTAG,21,1,38.1,3,GGG,Yes,Yes,TAG
GTTTATAAGCTGACGCTTTCT,21,1,38.1,3,TTT,Yes,No,
CCTACTTTGTGTATTTGTTAT,21,1,28.6,3,TTT,Yes,No,
ATGCTTAAGCGGAAGGAGCTT,21,1,47.6,2,TT,Yes,No,
TATAATTATTAGATTCGGCAG,21,1,28.6,2,AA,Yes,Yes,TAG
TGTGATGCGTATATGCATGAT,21,1,38.1,1,T,Yes,No,
ACTGTTAGTAGTTATTCTATG,21,1,28.6,2,TT,Yes,No,
TTGGCTACGGTGTAGGCTCAG,21,1,57.1,2,TT,Yes,Yes,TAG
CTTGAGGATGTGTCTCCTGCT,21,1,52.4,2,TT,Yes,No,
CTGTGTAATCATTTTATGAAG,21,1,28.6,4,TTTT,Yes,No,
TCTTGGCCGAAGCATTATTGT,21,1,42.9,2,TT,Yes,No,
CCGTATGCTTCGCCTCCTGTT,21,1,57.1,2,CC,Yes,No,
ATTTGTTTGCTGACTATGAGG,21,1,38.1,3,TTT,Yes,No,
TTTAATACGTCTTGTGCGGTG,21,1,42.9,3,TTT,Yes,No,
TATCAGTATATGGATAATAAG,21,1,23.8,2,GG,Yes,No,
ACGAATGGGCGTCGGCCTGTT,21,1,61.9,3,GGG,Yes,No,
GATAGGCTGCCTCCTAAGACG,21,1,57.1,2,GG,Yes,No,
CCGAATGCTAATGGAATGTT,20,1,40.0,2,CC,NA,NA,NA
CCTTATATGTTTCTTCCTAAT,21,1,28.6,3,TTT,Yes,No,
ACGACTGCTACTTAGACTCCG,21,1,52.4,2,TT,Yes,Yes,TAG
AGTAATCAGCCTCGGTCTTAT,21,1,42.9,2,AA,Yes,No,
TAGTCTTATTCGTATAGGTCG,21,1,38.1,2,TT,Yes,Yes,TAG
CTGCCGCGGCCTTGTGAGCGG,21,1,76.2,2,CC,Yes,No,
CAGACTTTTCCTACTCCGTTT,21,1,42.9,4,TTTT,Yes,No,
ACTTAGCATTATTCTCCTAAG,21,1,33.3,2,TT,Yes,Yes,TAG
CCGATTTATAGGCTTATGCAG,21,1,42.9,3,TTT,Yes,No,
AATAATTATACTCGGGTGTTG,21,1,33.3,3,GGG,Yes,No,
AATACGAGTCATTGTCAGAGG,21,1,42.9,2,AA,Yes,No,
TCTGTGCGTCATACGCCTGGT,21,1,57.1,2,CC,Yes,No,
AGTCTTTCTCGTGAGTATAGT,21,1,38.1,3,TTT,Yes,No,
CATTTTAAGACGGTTTAGCAT,21,1,33.3,4,TTTT,Yes,Yes,TAG
GCTACTAATTAGATGATTAAT,21,1,23.8,2,AA,Yes,Yes,TAG
ACTTGTCTGCATTAGCATAAT,21,1,33.3,2,TT,Yes,Yes,TAG
TTTGTGCTTGGTATTGAGCCG,21,1,47.6,3,TTT,Yes,No,
TATGAGTTGGCTTATAATAGT,21,1,28.6,2,TT,Yes,No,
AGGTGTGTGAATACGTCTTTG,21,1,42.9,3,TTT,Yes,No,
ATTGTTCATCTTGAGTCTAAG,21,1,33.3,2,TT,Yes,No,
GCTCAGCTGGATACGATTTCT,21,1,47.6,3,TTT,Yes,No,
TAGAATGATGGGCGTTATTTG,21,1,38.1,3,GGG,Yes,Yes,TAG
TCGCTGCAGAAGGATGATATT,21,1,42.9,2,AA,Yes,No,
ACGCGGGGTCATTCTAATAAG,21,1,47.6,4,GGGG,Yes,No,
GTTCGAGTAGTATGATGCCT,20,1,45.0,2,TT,NA,NA,NA
TTGTGTATTTAGTCTTGTGTG,21,1,33.3,3,TTT,Yes,Yes,TAG
ACTACTGATCATAATAAGCTT,21,1,28.6,2,AA,Yes,No,
TAGTTTGTGACTAAGGATCTT,21,1,33.3,3,TTT,Yes,Yes,TAG
ATTTATCATGAGGCGGCTACT,21,1,42.9,3,TTT,Yes,No,
GATGTTCTTATGATTGCGTGT,21,1,38.1,2,TT,Yes,No,
TATAATTTTCCGCGTTGTATT,21,1,28.6,4,TTTT,Yes,No,
TAGGTGGAGTCGCATGCTAGG,21,1,57.1,2,GG,Yes,Yes,TAG
TAGCATCGGCCTAATAATCGG,21,1,47.6,2,GG,Yes,Yes,TAG
CAGGGGTTTAGGTTGTATGAT,21,1,42.9,4,GGGG,Yes,No,
TTGGATCATGGGATTTAGGTT,21,1,38.1,3,GGG,Yes,Yes,TAG
TGTATGCGTCCTAATATTATG,21,1,33.3,2,CC,Yes,No,
TGTGTGTCGCTTTGTAATATG,21,1,38.1,3,TTT,Yes,No,
GTTCGTGTGAGGGTGTTTGAT,21,1,47.6,3,GGG,Yes,No,
CTTTTGTCTTTATGGGTGTAAG,22,1,36.4,4,TTTT,NA,NA,NA
TTTACGAGGATTCCGTATCCT,21,1,42.9,3,TTT,Yes,No,
TAGCGGCTACTAATCTTTTT,20,1,35.0,5,TTTTT,NA,NA,NA
AGGTTTTTTCCTCATGTTTTG,21,1,33.3,6,TTTTTT,Yes,No,
ACTCTTCGTACGCATTATTTG,21,1,38.1,3,TTT,Yes,No,
CAGTCTTCGAATGTTTAGATT,21,1,33.3,3,TTT,Yes,Yes,TAG
AGGACTAATCAGAGGGAGCCT,21,1,52.4,3,GGG,Yes,No,
GGTCTGGTTGGTATTGCTGCG,21,1,57.1,2,GG,Yes,No,
CCTGGTGATATGAGGTAGATA,21,1,42.9,2,CC,No,Yes,TAG
CTTGTTAATGGGATGATTTCT,21,1,33.3,3,GGG,Yes,No,
TTGTTTGATTTGAATGTTGGG,21,1,33.3,3,TTT,Yes,No,
AAGCAGTTTGATGGTTATGGT,21,1,38.1,3,TTT,Yes,No,
TGTGATGCGCGGCATCCGACT,21,1,61.9,2,GG,Yes,No,
CGTTATCAGCCTCATCATGTG,21,1,47.6,2,TT,Yes,No,
GCTTATATGAGTAATTTATCGGA,23,1,30.4,3,TTT,NA,NA,NA
CATTTTCAGATTCTTTATCGT,21,1,28.6,4,TTTT,Yes,No,
AGTAATACGTCTAGTGTTGTT,21,1,33.3,2,AA,Yes,No,
GAGGGTCCTCGTTTTAAGAAT,21,1,42.9,4,TTTT,Yes,No,
TATTGGGAGCATTTTTAGTAG,21,1,33.3,5,TTTTT,Yes,Yes,"TAG,TAG"
AGGTGTAATTATCCGCCTTCT,21,1,42.9,2,GG,Yes,No,
TATTCTATTCGTAAGCCTCGT,21,1,38.1,2,TT,Yes,No,
GAGACGATTCATTCGCCGTAT,21,1,47.6,2,TT,Yes,No,
CTGTCGCAGTTGATGAAGGGT,21,1,52.4,3,GGG,Yes,No,
CATTTTGAGGCGCGTGTTCTT,21,1,47.6,4,TTTT,Yes,No,
TGGTTGTCTAGTGCGTAGTGT,21,1,47.6,2,GG,Yes,Yes,TAG
GGGTCTAATAATTTGACGGGT,21,1,42.9,3,GGG,Yes,No,
CTGAAGTTGACGAGTTTTGGG,21,1,47.6,4,TTTT,Yes,No,
ACTCGTTTGATGCTGTATTTT,21,1,33.3,4,TTTT,Yes,No,
TTGATGGCTCAGACTACGATT,21,1,42.9,2,TT,Yes,No,
TCTCTGTCTTTGATGCATAAT,21,1,33.3,3,TTT,Yes,No,
TGGTCGGGGCTTTTTCCTCCT,21,1,57.1,5,TTTTT,Yes,No,
AGTGGTCCTCCTGGTGCTCAG,21,1,61.9,2,GG,Yes,No,
AATGAGGTGTCGTTGATTTAT,21,1,33.3,3,TTT,Yes,No,
TGTTCGTTTAGTATGCGGAGG,21,1,47.6,3,TTT,Yes,No,
TCTAAGAGGACGGTGCTGTTG,21,1,52.4,2,AA,Yes,No,
TGTTGTATGTTGCGTTTGGAT,21,1,38.1,3,TTT,Yes,No,
GGTTTTGATTGGAATAGTTAG,21,1,33.3,4,TTTT,Yes,Yes,TAG
GATCATTTTTGGCGGGGTCAT,21,1,47.6,5,TTTTT,Yes,No,
GCTTGGCATGTGTTTTTGGAG,21,1,47.6,5,TTTTT,Yes,No,
CTGTTGTTTTGGAATATTAAT,21,1,23.8,4,TTTT,Yes,No,
TTGTAGGGGGTTTCGATTAGT,21,1,42.9,5,GGGGG,Yes,Yes,TAG
AATAAGGTTGTTATTGGGATT,21,1,28.6,3,GGG,Yes,No,
TCGTCTGATCATAAGTATGAG,21,1,38.1,2,AA,Yes,No,
TAGAATTCTAGTTATGGGCAG,21,1,38.1,3,GGG,Yes,Yes,TAG
TATACTGATCTTAGTGATTCT,21,1,28.6,2,TT,Yes,No,
AGTGTGTTGTTGAATCCGTGT,21,1,42.9,2,TT,Yes,No,
TGCCTTCATTCGGTCAGAAGCAT,23,1,47.8,2,CC,NA,NA,NA
TAGATTCTTGTGATTTATTTT,21,1,19.0,4,TTTT,Yes,Yes,TAG
TGTTGGTATCAGAATCCTCAT,21,1,38.1,2,TT,Yes,No,
TGGCTTGAGAATCCTAATACG,21,1,42.9,2,GG,Yes,No,
GTGAGGGGTTTTAATACGGCT,21,1,47.6,4,GGGG,Yes,No,
CTGGTTAGGATGCGGTTGAAT,21,1,47.6,2,GG,Yes,No,
ACTATGGCTAAGCTGCGTGTG,21,1,52.4,2,GG,Yes,No,
GAGCCTCTTACGACGCCTAAT,21,1,52.4,2,CC,Yes,No,
GCGCCTTTTTCGACTGATAAG,21,1,47.6,5,TTTTT,Yes,No,
CTTACTGTGACTGCTGTTACG,21,1,47.6,2,TT,Yes,No,
CTTAATACTTTTAATCGTTGT,21,1,23.8,4,TTTT,Yes,No,
CTGTATTCGTGTCCTAGGCGT,21,1,52.4,2,TT,Yes,No,
CATTGGTGGCCGCAGGGGCTT,21,1,66.7,4,GGGG,Yes,No,
AGTCAGGGTACGTTTTATCGG,21,1,47.6,4,TTTT,Yes,No,
AGGTTTACCCAGGTATCAT,19,1,42.1,3,TTT,NA,NA,NA
AGTTTTCATAGTTATGTGACT,21,1,28.6,4,TTTT,Yes,No,
TATACTCCAGTCATTCGTAT,20,1,35.0,2,CC,NA,NA,NA
GGTGGTATTCATGTTCCGATT,21,1,42.9,2,GG,Yes,No,
TTTGAGACGTAGTTGTAGTCT,21,1,38.1,3,TTT,Yes,Yes,"TAG,TAG"
AATATTTGGAGAAGTGTCAG,20,1,35.0,3,TTT,NA,NA,NA
CAGTGGACTCAGATTAAGTCT,21,1,42.9,2,GG,Yes,No,
CTGAGTAGGGTTAGGACGAGT,21,1,52.4,3,GGG,Yes,No,
CAGGAGGCGCGGTCGTATCCG,21,1,71.4,2,GG,Yes,No,
TCGTTTTAGGATTAGAATGCT,21,1,33.3,4,TTTT,Yes,Yes,"TAG,TAG"
CCGAAGAGGGGGAGTACGCGT,21,1,66.7,5,GGGGG,Yes,No,
ATTAAGGTTAATGGTTATACG,21,1,28.6,2,TT,Yes,No,
ATTCCGACGGCTTCGGAGTAT,21,1,52.4,2,TT,Yes,No,
CGTCATGATGTGTTGAAGTCT,21,1,42.9,2,TT,Yes,No,
TCGACTCAGTTGATGGCTAAT,21,1,42.9,2,TT,Yes,No,
ACGACTTCTTATGCGGGTAAG,21,1,47.6,3,GGG,Yes,No,
CGGATTGAGTTTTTTGCGCTT,21,1,42.9,6,TTTTTT,Yes,No,
GCTATTAATAAGAAGATTCCG,21,1,33.3,2,TT,Yes,No,
TGTTCTAAGCTGTCTAATAAT,21,1,28.6,2,TT,Yes,No,
GCTTAGTATCGTTTGTTGGTT,21,1,38.1,3,TTT,Yes,Yes,TAG
CCGCGTGTGGATTGGCTTCCG,21,1,66.7,2,CC,Yes,No,
TCGCGTGGTATGGTGTTTGTT,21,1,47.6,3,TTT,Yes,No,
AGGCTTACTACGACTCATAAT,21,1,38.1,2,GG,Yes,No,
GCTTTTACTCATTTTACTCAG,21,1,33.3,4,TTTT,Yes,No,
ATGATTGTTGCGGTTTCTCGG,21,1,47.6,3,TTT,Yes,No,
CGGTGTTATCAGATTTCGAAT,21,1,38.1,3,TTT,Yes,No,
GTTCATCGGCATATGTATGAT,21,1,38.1,2,TT,Yes,No,
CCGAGGAATTTGATTGATCAT,21,1,38.1,3,TTT,Yes,No,
AGCGTCCTCGGTCGCCTTTT,20,1,60.0,4,TTTT,NA,NA,NA
TTTCCTGTGACTAGGCCTCCT,21,1,52.4,3,TTT,Yes,No,
TTGAGGATTAATGCGACTAGG,21,1,42.9,2,TT,Yes,No,
ACGGCTGGTTATTTTTTGGGG,21,1,47.6,6,TTTTTT,Yes,No,
CCTGCTTATTATCCTAAGGAT,21,1,38.1,2,CC,Yes,No,
TCTAAGAATGGGAGTCTGTGT,21,1,42.9,3,GGG,Yes,No,
TATCATGCTGAGCAGGATCAT,21,1,42.9,2,GG,Yes,No,
TTTCGGCCTGAGGGTGCGCGCC,22,1,72.7,3,TTT,NA,NA,NA
TGGAGTGTGATGCGTTGGGCT,21,1,57.1,3,GGG,Yes,No,
TCTTAGAGGAAGTAGAGTCTT,21,1,38.1,2,TT,Yes,Yes,"TAG,TAG"
CGGACGATTAATATGCCTTGT,21,1,42.9,2,GG,Yes,No,
CAGTTTCATTGGTGTTTGTAG,21,1,38.1,3,TTT,Yes,Yes,TAG
ACTATTACTATGGCTACTACT,21,1,33.3,2,TT,Yes,No,
GTGAATAATTAGGGTGCGATG,21,1,42.9,3,GGG,Yes,Yes,TAG
GTTTGTGTGAATACGTTTCGG,21,1,42.9,3,TTT,Yes,No,
CCGGCGGAGAAGTTGGTTTAG,21,1,57.1,3,TTT,Yes,Yes,TAG
CTGGAGGGTTATCATTGTCCG,21,1,52.4,3,GGG,Yes,No,
ATTTGGATTTGTTCGTAGTAT,21,1,28.6,3,TTT,Yes,Yes,TAG
CTGAAGCCTCTTATTTGGATG,21,1,42.9,3,TTT,Yes,No,
ACGCCGGCTCATTATGATATG,21,1,47.6,2,CC,Yes,No,
CGTAATCCTCGGTATCTTTCT,21,1,42.9,3,TTT,Yes,No,
CATCTGTTGATGGCGGCTTGT,21,1,52.4,2,TT,Yes,No,
CCGCGGCTGCTGAAGTTTAAG,21,1,57.1,3,TTT,Yes,No,
TAGGCGTCGACTAGGCTGATT,21,1,52.4,2,GG,Yes,Yes,TAG
AAGTAGGCTTGTCATTTT,18,1,33.3,4,TTTT,NA,NA,NA
TATATGACGCCGCTTAATCAT,21,1,38.1,2,CC,Yes,No,
AATTTTTGTAGGAGTAGTTTG,21,1,28.6,5,TTTTT,Yes,No,
ATGATGACGAGTCTTGATGAT,21,1,38.1,2,TT,Yes,No,
TTTAATTGTAAGAGTAATATG,21,1,19.0,3,TTT,Yes,No,
ACGCTGCCTGATCCTATTGAG,21,1,52.4,2,CC,Yes,No,
GCTACGAATACTTTTAATCGTG,22,1,36.4,4,TTTT,NA,NA,NA
GTGATTCTGAATTAGTATGTG,21,1,33.3,2,TT,Yes,Yes,TAG
TCGGGGGGTGGGACGCCGAAT,21,1,71.4,6,GGGGGG,Yes,No,
TAGTAGTCTGATGCGTGGTTT,21,1,42.9,3,TTT,Yes,Yes,"TAG,TAG"
CCTAAGACTATGTATTAGTAT,21,1,28.6,2,CC,Yes,Yes,TAG
TATACGCGTGATAATAATACG,21,1,33.3,2,AA,Yes,No,
TAGAAGACTAGTAATGAGTGG,21,1,38.1,2,AA,Yes,Yes,TAG
AGGGAGGCGCCTCCGAGTTCG,21,1,71.4,3,GGG,Yes,No,
CTTTATCGGGAGTATGTGGTT,21,1,42.9,3,TTT,Yes,No,
ATGCAGAGTTATAAGTTTATT,21,1,23.8,3,TTT,Yes,No,
AATCGGTTTCAGAGGGAGG,19,1,52.6,3,TTT,NA,NA,NA
GTTGTTCCTGCGCATAGTAAT,21,1,42.9,2,TT,Yes,No,
TAGAATAAGTCTTCGGTTCAT,21,1,33.3,2,AA,Yes,Yes,TAG
AGTGAGCTTGATTAGACTGTT,21,1,38.1,2,TT,Yes,Yes,TAG
TTTATGTGTATTAATAGGAGG,21,1,28.6,3,TTT,Yes,No,
AGAGTTATCCGTTGTATAAGAAG,23,1,34.8,2,TT,NA,NA,NA
TAGTGGAAGATTACTTGTATT,21,1,28.6,2,GG,Yes,Yes,TAG
GTTTCAGGATGAGCTGACTCCG,22,1,54.5,3,TTT,NA,NA,NA
CAGTCGTTGAATTAGCTTTCG,21,1,42.9,3,TTT,Yes,Yes,TAG
GATCTTGCTAGTAGTGAGAGG,21,1,47.6,2,TT,Yes,No,
ACGCCGGATCTTCATAATTCG,21,1,47.6,2,CC,Yes,No,
CCTTTTCGTTTGCATCAGTTT,21,1,38.1,4,TTTT,Yes,No,
CATATGGATAATGTTTGTTCG,21,1,33.3,3,TTT,Yes,No,
TGTAATATTACTCCTAAGGAT,21,1,28.6,2,AA,Yes,No,
TAGACGACGGTGGCGCATATT,21,1,52.4,2,GG,Yes,Yes,TAG
GATGAGCTTTATTCGTCTTTG,21,1,38.1,3,TTT,Yes,No,
TCTTATTTTCAGGCGTCGCAG,21,1,47.6,4,TTTT,Yes,No,
GTTGGTCTGAGTACGAATATT,21,1,38.1,2,TT,Yes,No,
TCTAGTAATATTGCTGCTTAG,21,1,33.3,2,AA,Yes,Yes,TAG
CGTACTGATACTCTTGCTAAT,21,1,38.1,2,TT,Yes,No,
GGTAATACTGTTGCTATGACG,21,1,42.9,2,GG,Yes,No,
ATGAATTTGTGGTCTACTATT,21,1,28.6,3,TTT,Yes,No,
TCTTTTGTTTATGCGAATATT,21,1,23.8,4,TTTT,Yes,No,
GATGAGAAGTATCGTGATGAG,21,1,42.9,2,AA,Yes,No,
AGTAAGAGGCCTGTGAGTTGG,21,1,52.4,2,AA,Yes,No,
GTTGGTGCTCGGACGCAGAAT,21,1,57.1,2,TT,Yes,No,
CAGCCTATGAATATGGGGACG,21,1,52.4,4,GGGG,Yes,No,
CGTCTCTACGAAGTTTTAG,19,1,42.1,4,TTTT,NA,NA,NA
GATGTTAGGCAGCAGGAGCTT,21,1,52.4,2,TT,Yes,No,
AGTAGGATGTCTGTTCATTCG,21,1,42.9,2,GG,Yes,No,
CCTTGTCTGATTTAGAATACG,21,1,38.1,3,TTT,Yes,Yes,TAG
TCTCTTGATGGTTGGTATAGG,21,1,42.9,2,TT,Yes,No,
ATTGAGTAGTCGTTTGATTGG,21,1,38.1,3,TTT,Yes,Yes,TAG
CCTAATACTGCGGGGGATAGT,21,1,52.4,5,GGGGG,Yes,No,
TGTATTCCTAATGCTTTGGAG,21,1,38.1,3,TTT,Yes,No,
CTTAAGGAGAGGTGGCAGCTG,21,1,57.1,2,TT,Yes,No,
ATGTCTTCTTTGATGGCTTAT,21,1,33.3,3,TTT,Yes,No,
GTTCTTTTTTAGTGGTGTACG,21,1,38.1,6,TTTTTT,Yes,Yes,TAG
CGTCCTGATATTTCTCCTGGG,21,1,52.4,3,TTT,Yes,No,
TGTAGTTTGGATATTAATAAT,21,1,19.0,3,TTT,Yes,No,
AGGTAGGGGTTGGAGTATAAT,21,1,42.9,4,GGGG,Yes,Yes,TAG
CGTGTGTATAAGCATAATTTT,21,1,28.6,4,TTTT,Yes,No,
GCGCCTTGGATTAGGAATCAT,21,1,47.6,2,CC,Yes,No,
GGTGGTTCGTAGTATTGTCCG,21,1,52.4,2,GG,Yes,Yes,TAG
TGGATGTATGATGAGTGTACT,21,1,38.1,2,GG,Yes,No,
AATACGGCTCCGCCTGATGTT,21,1,52.4,2,AA,Yes,No,
AAGTCTTGGCCGGATAGGACG,21,1,57.1,2,AA,Yes,No,
AATCTTCATGTTCTTTAGCTT,21,1,28.6,3,TTT,Yes,Yes,TAG
GAGTCTGATATTTATTAGGAT,21,1,28.6,3,TTT,Yes,Yes,TAG
ATGACGGTTCTGATGCATAAT,21,1,38.1,2,GG,Yes,No,
ACGCATCCGGATATTAAGTCT,21,1,42.9,2,CC,Yes,No,
TTGCCTGATATTGCTGAGCTT,21,1,42.9,2,TT,Yes,No,
TGGACGGGGAATATTTAGCTG,21,1,47.6,4,GGGG,Yes,Yes,TAG
CGTCTTTCTACGTTTATGCCG,21,1,47.6,3,TTT,Yes,No,
AATACTTTGGATACGCCGATT,21,1,38.1,3,TTT,Yes,No,
GGTCTGTGTAGGTTTTATAGG,21,1,42.9,4,TTTT,Yes,No,
CGGCGGTTGGTTAATTATCCG,21,1,52.4,2,GG,Yes,No,
CCTACTGCGAAGCATTGGCCT,21,1,57.1,2,CC,Yes,No,
AATTAGAATAAGTGTTTGTAT,21,1,19.0,3,TTT,Yes,Yes,TAG
CCTATTCTGCCGCGGAAGCAT,21,1,57.1,2,CC,Yes,No,
CATTGGTTTTATCGTTGTAAT,21,1,28.6,4,TTTT,Yes,No,
GCGAGTCATCCGCCTCTTACG,21,1,61.9,2,CC,Yes,No,
ACTGGGTGGGTGATGTCTGCG,21,1,61.9,3,GGG,Yes,No,
CGGGTGAGGAAGATGAATACG,21,1,52.4,3,GGG,Yes,No,
ACTTTGCATTTGACGGAGCCT,21,1,47.6,3,TTT,Yes,No,
TCGCAGCTGTAGCGGAAGCAT,21,1,57.1,2,GG,Yes,Yes,TAG
GAGATTGATAATATGCGGAAG,21,1,38.1,2,TT,Yes,No,
ACTAATTTTCAGGCTGATATG,21,1,33.3,4,TTTT,Yes,No,
CCTATGTGTAAGGGGACGTCT,21,1,52.4,4,GGGG,Yes,No,
CCTAAGTGTAATACGTTTATT,21,1,28.6,3,TTT,Yes,No,
TCGGAGCATAAGTTTATTCAT,21,1,33.3,3,TTT,Yes,No,
CTGGTTGCTCCTGTGACGATT,21,1,52.4,2,GG,Yes,No,
AAGAATGTTGTTAATTATATT,21,1,14.3,2,AA,Yes,No,
AATGCTCGTTCTCATTAGTAT,21,1,33.3,2,AA,Yes,Yes,TAG
TTGTCGTAGCCTCAGAAGCTG,21,1,52.4,2,TT,Yes,Yes,TAG
TCGGTGAATGCTGTGTGTACG,21,1,52.4,2,GG,Yes,No,
CCTTGTTTGAATGTGACGTCT,21,1,42.9,3,TTT,Yes,No,
TATGGGTGTGTTGCGGGTTGTG,22,1,54.5,3,GGG,NA,NA,NA
CAGTAGTTGGGTGGTGATCGT,21,1,52.4,3,GGG,Yes,Yes,TAG
CTGAGTTATATTTAGTCTACT,21,1,28.6,3,TTT,Yes,Yes,TAG
ATTAGGATTTAGTTGCTTTGT,21,1,28.6,3,TTT,Yes,Yes,TAG
TGTCGGCTTAATTTTACGCTT,21,1,38.1,4,TTTT,Yes,No,
CTGACGTTTTAGCCTTATAAG,21,1,38.1,4,TTTT,Yes,Yes,TAG
ATGTTTTATTGTTATGAGAAT,21,1,19.0,4,TTTT,Yes,No,
CCGTGTAAGTAGTGGCTGGTG,21,1,57.1,2,CC,Yes,Yes,TAG
CTGGATTAGTTTCTCGTCT,19,1,42.1,3,TTT,NA,NA,NA
CCGTTTCATATTATTATTCTG,21,1,28.6,3,TTT,Yes,No,
GTGCCTAGGGCTTCGGCGAAG,21,1,66.7,3,GGG,Yes,No,
AGTTGTTATTATGATGTTATT,21,1,19.0,2,TT,Yes,No,
TAGCAGAATGCTGGTACGAAT,21,1,42.9,2,AA,Yes,Yes,TAG
CCGAATCATAGTCATAAGAGT,21,1,38.1,2,CC,Yes,No,
CCTAAGTTGGTTTATAATTTT,21,1,23.8,4,TTTT,Yes,No,
CATATTAATTAGTTTGTGTTT,21,1,19.0,3,TTT,Yes,Yes,TAG
TTTGCGATGTTTAGTGAGAGG,21,1,42.9,3,TTT,Yes,No,
ACTTAGCGTAATATTCTGAAT,21,1,28.6,2,TT,Yes,Yes,TAG
CTTCCTTTGTTGCATGGGCTG,21,1,52.4,3,TTT,Yes,No,
CGGTGTACGGCTTTGACTGCG,21,1,61.9,3,TTT,Yes,No,
ATTACTATGCGTGTTTCGTGT,21,1,38.1,3,TTT,Yes,No,
TCTACGAGTCAGTTTTCTTAG,21,1,38.1,4,TTTT,Yes,Yes,TAG
CCGAGTTGGAATTATTATCCG,21,1,42.9,2,CC,Yes,No,
TTTGGGAATCTTTAGGGGATG,21,1,42.9,4,GGGG,Yes,Yes,TAG
TTGATTGTTCAGTCTCATGGG,21,1,42.9,3,GGG,Yes,No,
CAGCTGGATTTTAAGATTAAT,21,1,28.6,4,TTTT,Yes,No,
GATGCGTCGTTGGATGGGCAT,21,1,57.1,3,GGG,Yes,No,
CCGCCGTCTACGACGGGTAAT,21,1,61.9,3,GGG,Yes,No,
AATATTCGTAATAGGATGTCT,21,1,28.6,2,AA,Yes,No,
GAGACTAATGTGGCGGCTAG,20,1,55.0,2,AA,NA,NA,NA
CATTCTAAGAGTGATATTGGG,21,1,38.1,3,GGG,Yes,No,
CAGTCGGTGACTAAGTTTCGG,21,1,52.4,3,TTT,Yes,No,
ATTACTGGTTGGTATATGGCT,21,1,38.1,2,TT,Yes,No,
TGTCCGACGATTTTGGTTGAG,21,1,47.6,4,TTTT,Yes,No,
ACGATTTGGAATCCGTCTCTG,21,1,47.6,3,TTT,Yes,No,
TTTCAGACTATTAATTTTGAT,21,1,19.0,4,TTTT,Yes,No,
TTTATGACGTCTTCTCTGTTT,21,1,33.3,3,TTT,Yes,No,
AATAGGTAGAATAATTAGCAG,21,1,28.6,2,AA,Yes,Yes,"TAG,TAG"
CAGCAGTCTATGGTGAGTTTG,21,1,47.6,3,TTT,Yes,No,
ATTGATTGGCTTATGAAGAGG,21,1,38.1,2,TT,Yes,No,
TTTGATAATTTTTATAATGCG,21,1,19.0,5,TTTTT,Yes,No,
ACGCGGCTTTATCTTAATCGT,21,1,42.9,3,TTT,Yes,No,
ACGTTTAATAATCTGTATTAT,21,1,19.0,3,TTT,Yes,No,
TCTAAGACTCATAATATGAGG,21,1,33.3,2,AA,Yes,No,
AATAATTAGGCGCCTCATCGT,21,1,42.9,2,AA,Yes,Yes,TAG
CCGTAGAAGATTTCGTCTGGT,21,1,47.6,3,TTT,Yes,Yes,TAG
CTGTACGTATCATTGTTAG,19,1,36.8,2,TT,NA,NA,NA
AGGAATAGTCTGGCGTATGCG,21,1,52.4,2,GG,Yes,No,
CTGACTGGGGAGGTGTGGAAT,21,1,57.1,4,GGGG,Yes,No,
TATTAGAGCCGTTCTTTAAT,20,1,30.0,3,TTT,NA,NA,NA
TCGTTGCTTAATTTTTTTAAG,21,1,23.8,7,TTTTTTT,Yes,No,
ATGTGTAATAAGCCTAATATAC,22,1,27.3,2,AA,NA,NA,NA
CCGTATGATTGTCATATGTTT,21,1,33.3,3,TTT,Yes,No,
TGTGATTGTCGTAATGGGTTG,21,1,42.9,3,GGG,Yes,No,
TATATGAAGCTTGTTCCGATT,21,1,33.3,2,AA,Yes,No,
TGGCCTAATGAGACTCATAGG,21,1,47.6,2,GG,Yes,No,
CGGCTTATTGATCATAGGTGT,21,1,42.9,2,GG,Yes,No,
CGGCCGGCGACTCAGGATAGG,21,1,71.4,2,GG,Yes,No,
CGGCTTGAGACTACGAAGAAT,21,1,47.6,2,GG,Yes,No,
TAGGGTTAGCAGTATCATAAT,21,1,33.3,3,GGG,Yes,Yes,"TAG,TAG"
GATTATTATGTGGGGCCTTTT,21,1,38.1,4,GGGG,Yes,No,
CGGTTTTCGATTCTTCTGCCG,21,1,52.4,4,TTTT,Yes,No,
AGGTCTCGGCTTCCTGATGAG,21,1,57.1,2,GG,Yes,No,
GCGCCTTGTATGTATTGGGAG,21,1,52.4,3,GGG,Yes,No,
TGGAAGACTTATTCGGCGCAT,21,1,47.6,2,GG,Yes,No,
AATTATTATTTTGAGAATCTT,21,1,14.3,4,TTTT,Yes,No,
ACTCCGGATAGGACTGATTGT,21,1,47.6,2,CC,Yes,No,
AATACTTTGTTTTATTATGGT,21,1,19.0,4,TTTT,Yes,No,
CTGTAGCATGATCCTCGTGAG,21,1,52.4,2,CC,Yes,Yes,TAG
AATGCTGCTTTTACGGTTGGT,21,1,42.9,4,TTTT,Yes,No,
CTGCTGCTGGATCTGATGTAG,21,1,52.4,2,GG,Yes,Yes,TAG
AGGACTAATAAGTGTTTTCAT,21,1,28.6,4,TTTT,Yes,No,
AGGCGTTGGTCTTTTTCGCAT,21,1,47.6,5,TTTTT,Yes,No,
GTGTTTTCGCTGAATCGTTCT,21,1,42.9,4,TTTT,Yes,No,
GTTAATCCTTCGGTGTCTAAT,21,1,38.1,2,TT,Yes,No,
ATTCTTGTGGCAGAGTCCTTTG,22,1,45.5,3,TTT,NA,NA,NA
CTTGGGAATCCGATGATGCCG,21,1,57.1,3,GGG,Yes,No,
CCTAAGCAGTGTGTTGTTCCG,21,1,52.4,2,CC,Yes,No,
ACGATGGATTCGAATTTGTAT,21,1,33.3,3,TTT,Yes,No,
GCTACTGATAGTTAGAAGCGT,21,1,42.9,2,TT,Yes,Yes,TAG
AGTGATGATATGTGTGTGTTG,21,1,38.1,2,TT,Yes,No,
GTTACTAAGTATAATACTAAG,21,1,23.8,2,TT,Yes,No,
CAGCGTTAGGCTAAGCAGATG,21,1,52.4,2,TT,Yes,Yes,TAG
CGGGGTCCTTAGAGGCATGCT,21,1,61.9,4,GGGG,Yes,Yes,TAG
AAGACGGATTCTAAGCAGACG,21,1,47.6,2,AA,Yes,No,
TTTCTTAGGGATACGTGTACG,21,1,42.9,3,TTT,Yes,No,
CGGCCGTATCGTGGTACTACT,21,1,57.1,2,GG,Yes,No,
TGTACGAATGCTTCTGGGAAT,21,1,42.9,3,GGG,Yes,No,
CATCCTCTGAATGGTGATCTT,21,1,42.9,2,CC,Yes,No,
AATGAGCTGCTGCCTGTGTTT,21,1,47.6,3,TTT,Yes,No,
AGTTTTCCTAGTAAGTATAAG,21,1,28.6,4,TTTT,Yes,No,
CAGACGTCTTAGCGTACGGTG,21,1,57.1,2,TT,Yes,Yes,TAG
ACTTGGAATATGCCGCAGTAT,21,1,42.9,2,TT,Yes,No,
CTTCATCAGACTGAGCATACT,21,1,42.9,2,TT,Yes,No,
TATCATGATACTAAGAGTAAT,21,1,23.8,2,AA,Yes,No,
AATACTTTCTTTCTTAT,17,1,17.6,3,TTT,NA,NA,NA
GCGGATTGGAAGTCTCAGCGT,21,1,57.1,2,GG,Yes,No,
CATAAGGTTTTGTCGTGTACT,21,1,38.1,4,TTTT,Yes,No,
TAGACTCTGATGGAGTAGATT,21,1,38.1,2,GG,Yes,Yes,"TAG,TAG"
ACTATGAGTATTTCTGAGGGTT,22,1,36.4,3,TTT,NA,NA,NA
TTTATTTCGTTGGATGTTGCT,21,1,33.3,3,TTT,Yes,No,
CATGAGTATGATTTTAGTCAG,21,1,33.3,4,TTTT,Yes,No,
TAGTATATTAAGGTTACGGAG,21,1,33.3,2,TT,Yes,Yes,TAG
GCTATTGGGAGTGAGTCAAATACC,24,1,45.8,3,GGG,NA,NA,NA
ATGACTTATCTGACGGCGTCG,21,1,52.4,2,TT,Yes,No,
AATATTTATTTTACGAGTGCG,21,1,28.6,4,TTTT,Yes,No,
GGTCCTACTTCGGTTCGTAAG,21,1,52.4,2,GG,Yes,No,
ATGAGTCTGCTTATTACTTCT,21,1,33.3,2,TT,Yes,No,
CTGGATTTGGCGACGTCTAGT,21,1,52.4,3,TTT,Yes,No,
TTGATTTAGTATGTGCAGCAG,21,1,38.1,3,TTT,Yes,Yes,TAG
CTGGCGGATTCGGTGCTTGAT,21,1,57.1,2,GG,Yes,No,
AAGTTTAATTGTCAGAATATG,21,1,23.8,3,TTT,Yes,No,
GATGAATATCAGTGGCTGAGG,21,1,47.6,2,AA,No,No,
CCGCATGGGACTTCGACTTCT,21,1,57.1,3,GGG,Yes,No,
TGGAGTACGCCTCTTGTTGAG,21,1,52.4,2,GG,Yes,No,
AATACTTGGGTTATTAATTCT,21,1,23.8,3,GGG,Yes,No,
CAGGCTTGTCTTCTTTGGTCT,21,1,47.6,3,TTT,Yes,No,
CAGTTTCAGTATGGGTCGAAT,21,1,42.9,3,TTT,Yes,No,
AAGCATTTTCATTGGAATAAT,21,1,23.8,4,TTTT,Yes,No,
GTGTGTCAGGCTTTTCGTTAT,21,1,42.9,4,TTTT,Yes,No,
ATTTATTCTCAGAGTGGTTTG,21,1,33.3,3,TTT,Yes,No,
CTTCAGTCGAAGTTTCATGTG,21,1,42.9,3,TTT,Yes,No,
CGTTAGTATCCGTAGTATACT,21,1,38.1,2,TT,Yes,Yes,"TAG,TAG"
GGGGATCTTCCGGTTACTGGT,21,1,57.1,4,GGGG,Yes,No,
TATGGGCGGCGTTGTGGTTTT,21,1,52.4,4,TTTT,Yes,No,
CGTTTGTATGAGGCTATGATG,21,1,42.9,3,TTT,Yes,No,
GTGGCTCATAGGAGGTATAAT,21,1,42.9,2,GG,Yes,No,
GGTGTGTGGCAGAATTAGTCTG,22,1,50.0,2,GG,NA,NA,NA
CCGTTTCAGCTGTTGTGTGTG,21,1,52.4,3,TTT,Yes,No,
CATCCTGTTAAGAATCGTTTGG,22,1,40.9,3,TTT,NA,NA,NA
GTTATGGTTCTGAGGTCTCTG,21,1,47.6,2,TT,Yes,No,
TGTCCTTTTAGTATGACGGGT,21,1,42.9,4,TTTT,Yes,No,
ACGCATCGTAATCATAAGAGT,21,1,38.1,2,AA,Yes,No,
CCGCGTAATATTGAGGATCGT,21,1,47.6,2,CC,Yes,No,
AATGGTAATGCGCAGAATTCT,21,1,38.1,2,AA,Yes,No,
AGGCCGGCTGCGTGTGAGTAT,21,1,61.9,2,GG,Yes,No,
ATGTATTCTCCGTCGACGTTG,21,1,47.6,2,TT,Yes,No,
GGTCCTGAGGTTTCTCTTAAG,21,1,47.6,3,TTT,Yes,No,
TTTTCTATTTTTCATCGTGGT,21,1,28.6,5,TTTTT,Yes,No,
TTTGTTCGGGAGTGGAGGCTT,21,1,52.4,3,TTT,Yes,No,
TGTACTGTTGGTATGTCGACT,21,1,42.9,2,TT,Yes,No,
GATGATGCTGTTCCTGCGGCG,21,1,61.9,2,TT,Yes,No,
GGTGAGCATGGGCCGCCTGTT,21,1,66.7,3,GGG,Yes,No,
GCGAATACTGAGGTTAATCCG,21,1,47.6,2,AA,Yes,No,
TTTCGGTATCAGTTTCCGAAG,21,1,42.9,3,TTT,Yes,No,
TTGTTGATTACTGTTGAGACT,21,1,33.3,2,TT,Yes,No,
GATGGTTAGTCGTTTGTGGTG,21,1,47.6,3,TTT,Yes,Yes,TAG
CAGATGCGTTGTGTTTATAAG,21,1,38.1,3,TTT,Yes,No,
CATGGTGCTTCGCTTAATAAT,21,1,38.1,2,GG,Yes,No,
CATTTTCATTGTATGAATGAG,21,1,28.6,4,TTTT,Yes,No,
TCGAATTAGTAGCAGGTGCTG,21,1,47.6,2,AA,Yes,Yes,"TAG,TAG"
TGTTATATTCTGCATAATTCG,21,1,28.6,2,TT,Yes,No,
CATATGCGGATGCTTCTTGAT,21,1,42.9,2,GG,Yes,No,
CGTGTGACTGCGAGTCTTCTT,21,1,52.4,2,TT,Yes,No,
AATACGGCGATGAATCATACT,21,1,38.1,2,AA,Yes,No,
ACTTATACGTCTAAGGTGTAT,21,1,33.3,2,TT,Yes,No,
CGGATGACGAGGATTTATGGT,21,1,47.6,3,TTT,Yes,No,
CGGATGACGAGGATTTATGTA,21,1,42.9,3,TTT,No,No,
GCTGAGACGATTGCTCGGAAG,21,1,57.1,2,TT,Yes,No,
ACTGTGTATGTTCATATTAAT,21,1,23.8,2,TT,Yes,No,
CGTGCGAATCAGTCGGTGGTT,21,1,57.1,2,AA,Yes,No,
TATCTTTAGTCGTCGCGTGTT,21,1,42.9,3,TTT,Yes,Yes,TAG
AGGAATGTGCTTTGGTGTTAG,21,1,42.9,3,TTT,Yes,Yes,TAG
CCGCTGTATAAGAATGATTAT,21,1,33.3,2,CC,Yes,No,
CCTCCGGCTGTTTATTCGCCT,21,1,57.1,3,TTT,Yes,No,
GAGTAGTGTCTTTAGGATGCT,21,1,42.9,3,TTT,Yes,Yes,"TAG,TAG"
AGGATGACTACTGGTGATAAG,21,1,42.9,2,GG,Yes,No,
CAGGTGCCGAAGCAGTATTGT,21,1,52.4,2,GG,Yes,No,
CTGCATGCGGATGATAATAAT,21,1,38.1,2,GG,Yes,No,
CGTATTCATTTTCTGTCTACT,21,1,33.3,4,TTTT,Yes,No,
TCTCCTATTGTTACTTTTCAT,21,1,28.6,4,TTTT,Yes,No,
CCTGCTAATAGTACTACTCAT,21,1,38.1,2,CC,Yes,No,
TCGAGGTGGACTCCTTATTGT,21,1,47.6,2,GG,Yes,No,
AGTATTTATAAGTCTAAGGTC,21,1,28.6,3,TTT,No,No,
TTTTCGAAGAGTAATATGACG,21,1,33.3,4,TTTT,Yes,No,
AATAATCAGTATTATAATTTG,21,1,14.3,3,TTT,Yes,No,
CTTGCGACTAAGCATTTGTAG,21,1,42.9,3,TTT,Yes,Yes,TAG
TCGGGGAGGGATACGACTACT,21,1,57.1,4,GGGG,Yes,No,
GCGTTTATGAATAATAGTGTT,21,1,28.6,3,TTT,Yes,No,
CATTTGCCTACTTTGTATCCG,21,1,42.9,3,TTT,Yes,No,
TATGATATGGATAAGATTTTT,21,1,19.0,5,TTTTT,Yes,No,
CATTATGTGTGTGCTATTAAT,21,1,28.6,2,TT,Yes,No,
TATCATCGTTCTTTGCTTTAG,21,1,33.3,3,TTT,Yes,Yes,TAG
CTTGATGCTCTTTTTCTGAAG,21,1,38.1,5,TTTTT,Yes,No,
CATTGTTTTAAGCGGCCTTAT,21,1,38.1,4,TTTT,Yes,No,
ACGAATCTTACTCCGGGTCCT,21,1,52.4,3,GGG,Yes,No,
TCTTAGTCGGCGATTCGTACG,21,1,52.4,2,TT,Yes,Yes,TAG
TTTCCGTCGGCGAGTGGTTCG,21,1,61.9,3,TTT,Yes,No,
ATTATTAATTGGTAGATTACG,21,1,23.8,2,TT,Yes,Yes,TAG
GATTAGATTCCTACTCAGGAT,21,1,38.1,2,TT,Yes,Yes,TAG
CCTATTGGTGGTTTGTTTGAT,21,1,38.1,3,TTT,Yes,No,
AGTCATAAGTCTATGTAGTGT,21,1,33.3,2,AA,Yes,Yes,TAG
TATAGTGTTATTATG,15,1,20.0,2,TT,NA,NA,NA
CATGATATGATTGAGTGGCGT,21,1,42.9,2,TT,Yes,No,
CATGTGCGGCATGATTAGTGT,21,1,47.6,2,GG,Yes,Yes,TAG
GTGGGTACTGATTATGAGACT,21,1,42.9,3,GGG,Yes,No,
TGTATGCCGCAGCAGTGGATT,21,1,52.4,2,CC,Yes,No,
CCTTTGGGGGTTGAGACGTTT,21,1,52.4,5,GGGGG,Yes,No,
GGGATGCCTGGTTTGTATTTT,21,1,42.9,4,TTTT,Yes,No,
GTTATGCGGGGGGTGCGTGAG,21,1,66.7,6,GGGGGG,Yes,No,
TAGGATGCGGATAAGCGTATT,21,1,42.9,2,GG,Yes,Yes,TAG
CATACGACTAGTATGAGTATG,21,1,38.1,1,C,Yes,No,
ATTTATCCTGGTCTTAAGTCG,21,1,38.1,3,TTT,Yes,No,
GGGAGTTGGTTGCGTTCTAG,20,1,55.0,3,GGG,NA,NA,NA
AATTATGTGTGGCCGTAGATT,21,1,38.1,2,AA,Yes,Yes,TAG
TCGTAGTATCTTAAGAAGCAG,21,1,38.1,2,TT,Yes,Yes,TAG
AATTCGTTTAATGATCATGCT,21,1,28.6,3,TTT,Yes,No,
CATCCTTATTCTATGATTGCG,21,1,38.1,2,CC,Yes,No,
TCGCTGTCTTTGGGTGATCCT,21,1,52.4,3,TTT,Yes,No,
ACTTTGTGTCCGATGGTGCGT,21,1,52.4,3,TTT,Yes,No,
GAGAAGGCGACGATTGTTTCG,21,1,52.4,3,TTT,Yes,No,
TTGTTTGATAATAAGTTTTGG,21,1,23.8,4,TTTT,Yes,No,
AATTGTGTGTCTGATAAGAGT,21,1,33.3,2,AA,Yes,No,
TATGCTAATGTTAATGGGCAG,21,1,38.1,3,GGG,Yes,No,
TCTGATCTGATGGAGCCTTGG,21,1,52.4,2,GG,Yes,No,
CTTTATGAGTTGACGTATTTG,21,1,33.3,3,TTT,Yes,No,
TCTTCGATTCCGTAGTCTGTT,21,1,42.9,2,TT,Yes,Yes,TAG
ATGCCGCTGTAGGCGCAGGAG,21,1,66.7,2,CC,Yes,Yes,TAG
ATTCAGCTTACTAATATTATT,21,1,19.0,2,TT,Yes,No,
CATACTCGGCCTTAGTATACG,21,1,47.6,2,GG,Yes,Yes,TAG
CCTAGGCTGTAGGGGAGTCAT,21,1,57.1,4,GGGG,Yes,Yes,TAG
TTTCGTCCTCCTAATTTTTAT,21,1,28.6,5,TTTTT,Yes,No,
CGGACTGTTGGTGATCGGAAT,21,1,52.4,2,GG,Yes,No,
GTTATTAGGTTTCGGCATTAT,21,1,33.3,3,TTT,Yes,No,
CTGAGTCCTCAGTAGGCTTTT,21,1,47.6,4,TTTT,Yes,Yes,TAG
GGTTGTCTTGCTCATCAGCTG,21,1,52.4,2,GG,Yes,No,
ACGAAGATGAAGAATATGAAT,21,1,28.6,2,AA,Yes,No,
ATTTGCTTCTCATGAGATT,19,1,31.6,3,TTT,NA,NA,NA
CATCCTCTGTATCTGGATCCT,21,1,47.6,2,CC,Yes,No,
GGTAAGGATCTTGGTTCTCTT,21,1,42.9,2,GG,Yes,No,
AATCGTGTGCCTTCTCCGCGT,21,1,57.1,2,AA,Yes,No,
AATGAGCTTAGTTCTTCGTTT,21,1,33.3,3,TTT,Yes,No,
ATGTATTGGATGGCTATTCTG,21,1,38.1,2,TT,Yes,No,
ACTAGTAGTGTGCTTTCTATT,21,1,33.3,3,TTT,Yes,No,
CTTAAGGCTTGTAAGCATTTT,21,1,33.3,4,TTTT,Yes,No,
ACTTATGCTCATGGGCCGTTT,21,1,47.6,3,GGG,Yes,No,
TTCTATGATTCTCAG,15,1,33.3,2,TT,NA,NA,NA
CCTCATCGGCTAATTAT,17,1,41.2,2,CC,NA,NA,NA
TATGTGCGAGTGGGTGATGATT,22,1,45.5,3,GGG,NA,NA,NA
CCTTCCTGTAGAAGGCGCCT,20,1,60.0,2,CC,NA,NA,NA
GATAGGTCTCATGAGTGGAAG,21,1,47.6,2,GG,Yes,No,
CCGGATCGTTAGAATCCTCGT,21,1,52.4,2,CC,Yes,Yes,TAG
TTGATGGCTGTGTTGTATCCT,21,1,42.9,2,TT,Yes,No,
GAGCATGTTTTGCGGATTTGT,21,1,42.9,4,TTTT,Yes,No,
AAGAGTAATCTTCTTTATCTG,21,1,28.6,3,TTT,Yes,No,
CGTGAGACGAAGACTCGTTGT,21,1,52.4,2,AA,Yes,No,
AATGTGTCTAATGTTAGGTGT,21,1,33.3,2,AA,Yes,No,
CGTAGGACGTGGGTTGGGGAT,21,1,61.9,4,GGGG,Yes,No,
CTTTTGCCGGTTACTTCTAAT,21,1,38.1,4,TTTT,Yes,No,
GCTTTTGGTGATTATGGGGGT,21,1,47.6,5,GGGGG,Yes,No,
GATCTTCTTATGGCTCTGTTG,21,1,42.9,2,TT,Yes,No,
TTGGGTTATAAGCCTAAGAAG,21,1,38.1,3,GGG,Yes,No,
ATTTTTTAGGGGTCTGCGGGT,21,1,47.6,6,TTTTTT,Yes,Yes,TAG
TCTTTTTTTAAGTGGACTCCT,21,1,33.3,7,TTTTTTT,Yes,No,
CCGGCTAAGCATCAGCTTACG,21,1,57.1,2,CC,Yes,No,
TATATTTTTAAGGATCCTGT,20,1,25.0,5,TTTTT,NA,NA,NA
CCTAATGAGAAGGCGATTGAT,21,1,42.9,2,CC,Yes,No,
TTAGTTTGGTTTCATAAGATT,21,1,23.8,3,TTT,No,No,
ATGGATCGTCATTTGTGTACT,21,1,38.1,3,TTT,Yes,No,
GTTCCTGAGACGGTGGCTGGT,21,1,61.9,2,TT,Yes,No,
TTTATTCCTAGTTTTAAGCGA,21,1,28.6,4,TTTT,No,No,
AATTTTACGTAGGTGCCGTCT,21,1,42.9,4,TTTT,Yes,Yes,TAG
TAGACGCGGGATGATTTTCAT,21,1,42.9,4,TTTT,Yes,Yes,TAG
AGGCATGATTGTTTTAAGAAT,21,1,28.6,4,TTTT,Yes,No,
TCTATGACGTTTATTGGTAAT,21,1,28.6,3,TTT,Yes,No,
TTGGGGGTGGCGATTTAGACT,21,1,52.4,5,GGGGG,Yes,Yes,TAG
AGTAGTATTAATATGCCGAAG,21,1,33.3,2,TT,Yes,No,
GCGTTGTAGAATTTGTTGGCT,21,1,42.9,3,TTT,Yes,Yes,TAG
AAGAGGCTGACGCCTTAGTCT,21,1,52.4,2,AA,Yes,Yes,TAG
TGACGCCGTGTGAGTAGATT,20,1,50.0,2,CC,NA,NA,NA
TAGACGCCGTGTGAGTAGATT,21,1,47.6,2,CC,Yes,Yes,"TAG,TAG"
TTTTATACTCCGTGGGAGATT,21,1,38.1,4,TTTT,Yes,No,
TTTTAGTGGAGGGCGAGGCAT,21,1,52.4,4,TTTT,Yes,Yes,TAG
GGGTAGACGAATAATGTTGAT,21,1,38.1,3,GGG,Yes,Yes,TAG
CGGTGGCGTAATGTGAATGTG,21,1,52.4,2,GG,Yes,No,
CATGCTCATGTTCATCCTGTG,21,1,47.6,2,TT,Yes,No,
TTTAATTTTTGTCAGTCTCTT,21,1,23.8,5,TTTTT,Yes,No,
GATTAGAAGTTTAAGAATATT,21,1,19.0,3,TTT,Yes,Yes,TAG
GATACTGATCTGAATACTG,19,1,36.8,2,AA,NA,NA,NA
GAGGTTAGTACTCATATTGGG,21,1,42.9,3,GGG,Yes,No,
TGTGCGCCGGTTAATCTTTAG,21,1,47.6,3,TTT,Yes,Yes,TAG
GCTTCTGGTTCGATTGAG,18,1,50.0,2,TT,NA,NA,NA
ACGTGTGGTTGGACTTTTCCT,21,1,47.6,4,TTTT,Yes,No,
AAGAAGCGTTTTAAGCATCAT,21,1,33.3,4,TTTT,Yes,No,
AGTATTTATATGAATCAGCAT,21,1,23.8,3,TTT,Yes,No,
CGTATTTATTCTCGTCGTGCG,21,1,47.6,3,TTT,Yes,No,
ATGTGTGATCAGACTCATATG,21,1,38.1,1,A,Yes,No,
AATGGTCATGGTACGGGGTTT,21,1,47.6,4,GGGG,Yes,No,
TAGTATCGTGAGTTTAATTAT,21,1,23.8,3,TTT,Yes,Yes,TAG
CGGTTGGAGAGGATGTCTCGT,21,1,57.1,2,GG,Yes,No,
ATTTGTCCTATTTTTTGTTCG,21,1,28.6,6,TTTTTT,Yes,No,
GAGTATAATCATTTTGCGCAG,21,1,38.1,4,TTTT,Yes,No,
TCTAGGAGGGGGACTTATGTT,21,1,47.6,5,GGGGG,Yes,No,
ATGAAGTCTAATAGTACGACG,21,1,38.1,2,AA,Yes,No,
TATCTTGTTTGGCATATCGG,20,1,40.0,3,TTT,NA,NA,NA
CGTATTTGTATGTAGCCGACT,21,1,42.9,3,TTT,Yes,Yes,TAG
CGGTTGAGTCATCAGTCTGTG,21,1,52.4,2,GG,Yes,No,
AAGTGTGTGACTGTTTCTTTT,21,1,33.3,4,TTTT,Yes,No,
GGCTTATTTGTCAGAGTACTTAT,23,1,34.8,3,TTT,NA,NA,NA
GGGATTTGTCGGACTTTTAAT,21,1,38.1,4,TTTT,Yes,No,
CAGTTTGAGTTTGATCCGACT,21,1,42.9,3,TTT,Yes,No,
AATAAGACGAAGCAGCATTAT,21,1,33.3,2,AA,Yes,No,
CTTGGGGGGTAGTTTGGGATG,21,1,57.1,6,GGGGGG,Yes,Yes,TAG
AAGGTTTCTATTGGTCATTTTT,22,1,27.3,5,TTTTT,NA,NA,NA
GGGGATTATTTTCGTGCTCTT,21,1,42.9,4,GGGG,Yes,No,
GATGTTTGGTCTTTGTTGCTT,21,1,38.1,3,TTT,Yes,No,
TCTGTTTAGACGGTGCTGTGT,21,1,47.6,3,TTT,Yes,Yes,TAG
GGTAAGTTTAGGGTTTCTGTT,21,1,38.1,3,TTT,Yes,No,
TTTACTACGACTCATGTTCTTAA,23,1,30.4,3,TTT,NA,NA,NA
ATTAATAGGGCGCTTGTGTAT,21,1,38.1,3,GGG,Yes,No,
GGGTCTTATAGTATGGTTTCG,21,1,42.9,3,GGG,Yes,No,
TTGAATACGCTGTTGTCGAAG,21,1,42.9,2,TT,Yes,No,
CTTTGTACGCGTCAGGTGCTG,21,1,57.1,3,TTT,Yes,No,
TTGGGGTCTGATCAGAATAAG,21,1,42.9,4,GGGG,Yes,No,
GTCCTAGTTTTCCGCAGCTT,20,1,50.0,4,TTTT,NA,NA,NA
CGGACGGTTGAGGATTATAGG,21,1,52.4,2,GG,Yes,No,
CTGGAGAATTTGGCTAATGCG,21,1,47.6,3,TTT,Yes,No,
CAGCGGCAGGGTTTTACTCGT,21,1,57.1,4,TTTT,Yes,No,
GCGAGACGCCGATGGGGCAG,20,1,75.0,4,GGGG,NA,NA,NA
CTGAATATGAGTCGTAATTAG,21,1,33.3,2,AA,Yes,Yes,TAG
TAGACGTTGCCTTATACTCTG,21,1,42.9,2,TT,Yes,Yes,TAG
ACGTATTGGTTTTGGAATCGG,21,1,42.9,4,TTTT,Yes,No,
ACGTATTGGTTTTGGAATGGG,21,1,42.9,4,TTTT,Yes,No,
CATGTGTCTACGCCTACTTCT,21,1,47.6,2,CC,Yes,No,
TCTTTTACTAGGTCGGATATG,21,1,38.1,4,TTTT,Yes,No,
CGGGTTAAGAAGCGGTTTTGT,21,1,47.6,4,TTTT,Yes,No,
GAGCGTGCTTTTTCTAAGTGT,21,1,42.9,5,TTTTT,Yes,No,
TTTAGTCCGATGGGGTATTTG,21,1,42.9,4,GGGG,Yes,No,
AGGTAGATGCTGCATCTTTTG,21,1,42.9,4,TTTT,Yes,Yes,TAG
ATGTTTCTGCAGGTGTCTCAG,21,1,47.6,3,TTT,Yes,No,
GATAGTAAGACGAATCTTATG,21,1,33.3,2,AA,Yes,No,
TTGACGATTTAGGGTCTTATC,21,1,38.1,3,TTT,No,Yes,TAG
CGGGAGACGTAGGGGCCTTGT,21,1,66.7,4,GGGG,Yes,Yes,TAG
ACTTGGAGGCCTTTGCAGATGA,22,1,50.0,3,TTT,NA,NA,NA
GATAGGAGTGGTATGGATTCT,21,1,42.9,2,GG,Yes,No,
TGTGATCATATTCTTTTTACT,21,1,23.8,5,TTTTT,Yes,No,
CAGACTTTGATTGTGTGTGAT,21,1,38.1,3,TTT,Yes,No,
ATTTGTCGTATTATTAGTAAT,21,1,19.0,3,TTT,Yes,No,
TGTTATCGTGTGAGGCTTCAG,21,1,47.6,2,TT,Yes,No,
CATTATTTTCCTGCGTGGCCT,21,1,47.6,4,TTTT,Yes,No,
CAGACTAGTAATTATGAGAGT,21,1,33.3,2,AA,Yes,No,
CATCATAAGATTACTGAGCTAG,22,1,36.4,2,AA,NA,NA,NA
CATCATAAGATTACTAAGACT,21,1,28.6,2,AA,Yes,No,
AAGTATTGTGTGACGAAGTTT,21,1,33.3,3,TTT,Yes,No,
ACTGCGACGAGTGATAATGAT,21,1,42.9,2,AA,Yes,No,
TTGTGTACTGTGATTGTTACG,21,1,38.1,2,TT,Yes,No,
GAGCTTACGCGTGCGTATCTT,21,1,52.4,2,TT,Yes,No,
AATAATAATAAGAATAAGTGG,21,1,19.0,2,AA,Yes,No,
CTGATTTCTGATACGTAT,18,1,33.3,3,TTT,NA,NA,NA
AGTCATATTGTTTAGGCGAGT,21,1,38.1,3,TTT,Yes,Yes,TAG
CGTACGCAGGATCCGACGGCT,21,1,66.7,2,GG,Yes,No,
CATCTGTGGTTGTTTGCTTTG,21,1,42.9,3,TTT,Yes,No,
GATCCTTATTTTATTTCTAAG,21,1,23.8,4,TTTT,Yes,No,
AGTTTTTAGCCGCGTAATCCT,21,1,42.9,5,TTTTT,Yes,Yes,TAG
AGTATTTTTAATTGTAGGAAT,21,1,19.0,5,TTTTT,Yes,No,
CATCAGAATTTGTCTGCGCAG,21,1,47.6,3,TTT,Yes,No,
GTCTGAAGTCTTAGCCGGTG,20,1,55.0,2,AA,NA,NA,NA
GGTGCGGGGTGTTAGTATCGT,21,1,57.1,4,GGGG,Yes,Yes,TAG
GATATGCATTATAATGGTCTT,21,1,28.6,2,TT,Yes,No,
TTTGCGCATTATATGATGGCT,21,1,38.1,3,TTT,Yes,No,
TGTTAGCTGTCTAGTCGTTAG,21,1,42.9,2,TT,Yes,Yes,"TAG,TAG"
AGTAATATTGAGTGTTATACT,21,1,23.8,2,AA,Yes,No,
ACTATTCTGGTTAATCCTTTA,21,1,28.6,3,TTT,No,No,
AAGGCGTATTATTCGAGTCAG,21,1,42.9,2,AA,Yes,No,
TCTGAGAAGGAGAGTACGAAG,21,1,47.6,2,AA,Yes,No,
ACTGTGTTTGCGCCGGGTTGT,21,1,57.1,3,TTT,Yes,No,
TCGGCTTGTATGACTTTGTAG,21,1,42.9,3,TTT,Yes,Yes,TAG
AAGTTTACGCTTAAACATCCG,21,1,38.1,3,TTT,No,No,
CCGTAGCTTTGGAGGTTTCTG,21,1,52.4,3,TTT,Yes,Yes,TAG
GAGACGTATGATGTGTATAGT,21,1,38.1,1,G,Yes,No,
TATCATCTTCTTACTGGTATT,21,1,28.6,2,TT,Yes,No,
ATGAGTACGGGTTTTGCGTAG,21,1,47.6,4,TTTT,Yes,Yes,TAG
TGTTATTATAATGCTAATTAG,21,1,19.0,2,TT,Yes,Yes,TAG
CAAAGGCACCAGGTGTGGGAT,21,1,57.1,3,AAA,No,No,
TTGGCGTGGCGGATGTTGGTG,21,1,61.9,2,TT,Yes,No,
CTTTGTCAGAAGAATATGCAT,21,1,33.3,3,TTT,Yes,No,
GGGAGGCGGAGTGTGGTTACT,21,1,61.9,3,GGG,Yes,No,
ACTGCTCCGTCGTATCGTTAG,21,1,52.4,2,CC,Yes,Yes,TAG
GAGTAGTGTTGTGAGAATCCG,21,1,47.6,2,TT,Yes,Yes,TAG
AAGGATCATACTGCTTAGCAT,21,1,38.1,2,AA,Yes,Yes,TAG
GTGGGTAGGAAGATGATTATG,21,1,42.9,3,GGG,Yes,No,
GCTATTCCTCTTGATACTGGT,21,1,42.9,2,TT,Yes,No,
TGTAATTATGATTCGCATCTG,21,1,33.3,2,AA,Yes,No,
CGTATTGAGCATACGCTTCAG,21,1,47.6,2,TT,Yes,No,
GGTACGTATAATGTGAATTAT,21,1,28.6,2,GG,Yes,No,
AGGATTCGTTATAAGTTGACG,21,1,38.1,2,GG,Yes,No,
TTTCGTTGTTCTAATGGGACT,21,1,38.1,3,TTT,Yes,No,
TTTTTTATTTTGGTTTGTCGT,21,1,23.8,6,TTTTTT,Yes,No,
ACTGGGCTCATTCGAGTAAT,20,1,45.0,3,GGG,NA,NA,NA
TCGATGCCTTCGTTTTTTATG,21,1,38.1,6,TTTTTT,Yes,No,
CATTAGCCTGTGGCGTCTGTT,21,1,52.4,2,TT,Yes,Yes,TAG
CCTATTAATGGGTGGGAGCGG,21,1,57.1,3,GGG,Yes,No,
CAGAATCGGGAGTTGAAGAGG,21,1,52.4,3,GGG,Yes,No,
CATACGGAGTGTAAGATGATG,21,1,42.9,2,GG,Yes,No,
TAGCAGTTGAAACATCAG,18,1,38.9,3,AAA,NA,NA,NA
GATGCTAATAATGCTAATCAT,21,1,28.6,2,AA,Yes,No,
GTGGATGATGCTCATCCTTAG,21,1,47.6,2,GG,Yes,Yes,TAG
TATTATAAGACTAGTAATAAG,21,1,19.0,2,TT,Yes,No,
AATGATCATAAGTGTCTTAAAG,22,1,27.3,3,AAA,NA,NA,NA
CGGGTGAAGACGGTTGTGGAG,21,1,61.9,3,GGG,Yes,No,
TGTTTTAATTATCAGTCGATG,21,1,28.6,4,TTTT,Yes,No,
ATGAAGTGGTAGGGTAAGACG,21,1,47.6,3,GGG,Yes,Yes,TAG
TGTTTGAATTGGAAGAAGTCG,21,1,38.1,3,TTT,Yes,No,
GGGGTTCTGCGTCAGAGTTCT,21,1,57.1,4,GGGG,Yes,No,
AGTGGGATGATTTAGGTGTAG,21,1,42.9,3,GGG,Yes,Yes,"TAG,TAG"
GTTTCGTCGGTGAATAAGAAT,21,1,38.1,3,TTT,Yes,No,
ATTAATACTTTTACGTGGAAT,21,1,23.8,4,TTTT,Yes,No,
GTTAATATTATGAATCATGCT,21,1,23.8,2,TT,Yes,No,
CTTTCTTGTGGGGTTGTGATT,21,1,42.9,4,GGGG,Yes,No,
TTGGGGGCTGCTGCTGATGCG,21,1,66.7,5,GGGGG,Yes,No,
AATCCGTGGCCTACGCAGCCT,21,1,61.9,2,AA,Yes,No,
AGGAAGTATAAGGTTCCGTTG,21,1,42.9,2,GG,Yes,No,
ATTTGTTCGGAGATTCGGTTT,21,1,38.1,3,TTT,Yes,No,
CTTCTGAATTGTAATCGTGCT,21,1,38.1,2,TT,Yes,No,
TATAATGTTTCTACGTAGTTT,21,1,23.8,3,TTT,Yes,Yes,TAG
CATTTTATTTAGCATAGTGAT,21,1,23.8,4,TTTT,Yes,Yes,TAG
CATAGTAGGTGTTTGTTGAAG,21,1,38.1,3,TTT,Yes,No,
TATAATTAGTCGCATAAGCTT,21,1,28.6,2,AA,Yes,Yes,TAG
CGTTTGGTAGCTAGGTTT,18,1,44.4,3,TTT,NA,NA,NA
CTTTCGTATTCTTTGCGTCTT,21,1,38.1,3,TTT,Yes,No,
GTTAAGATTGATGGGCTGTAT,21,1,38.1,3,GGG,Yes,No,
CATGATTTGACTGTGGTTCAT,21,1,38.1,3,TTT,Yes,No,
ATGCCGTAGCTTACGATTAGT,21,1,42.9,2,CC,Yes,Yes,TAG
AATAGTGATATTGTTTCTAGT,21,1,23.8,3,TTT,Yes,No,
TTTATGGAGAATTTGCGTTTT,21,1,28.6,4,TTTT,Yes,No,
ACGCAGCATTAGACGTTTGAG,21,1,47.6,3,TTT,Yes,Yes,TAG
TTTATGATGTGTACGCCGGTT,21,1,42.9,3,TTT,Yes,No,
ATGTAGAAGATTATGATTGGT,21,1,28.6,2,AA,Yes,Yes,TAG
CAGTGGACTTATTATGATGGT,21,1,38.1,2,GG,Yes,No,
CTGTATTTGATGACTTGGACG,21,1,42.9,3,TTT,Yes,No,
CGGCGTGAGAATGATGATGAG,21,1,52.4,2,GG,Yes,No,
GTTAAGTGTTCTAATACTCTG,21,1,33.3,2,TT,Yes,No,
ATTTTTCATAATGATTGGAAT,21,1,19.0,5,TTTTT,Yes,No,
TGGCGGATTTTTATTACGAAG,21,1,38.1,5,TTTTT,Yes,No,
CATAATTAGGTTGATGGTACT,21,1,33.3,2,AA,Yes,Yes,TAG
GATATTGGTGGTATGTATAGT,21,1,33.3,2,TT,Yes,No,
CTTAATCCGCTTGCTGGTACG,21,1,52.4,2,TT,Yes,No,
CTTGTGCCTACGTTTCGTAAT,21,1,42.9,3,TTT,Yes,No,
TATTTTGTCCTGGGGGTTTT,20,1,40.0,5,GGGGG,NA,NA,NA
CCGATTTGGCTTAGTCTGCAT,21,1,47.6,3,TTT,Yes,No,
ACTTATCTGAATCATAAGTTG,21,1,28.6,2,TT,Yes,No,
TTTAAGAATGTTTGTTAGCGT,21,1,28.6,3,TTT,Yes,Yes,TAG
TCGTGTCTTGTTACGAGGATG,21,1,47.6,2,TT,Yes,No,
GGTTGGAAGGATCATGATCGT,21,1,47.6,2,GG,Yes,No,
ATTCGTATTCATGCGTGTACG,21,1,42.9,2,TT,Yes,No,
AGTCCGGAGCGTGTGAGGGTT,21,1,61.9,3,GGG,Yes,No,
AGGCAGCATGAGATGAATATT,21,1,38.1,2,GG,Yes,No,
ATGAAGACTCGTTCTGCTACG,21,1,47.6,2,AA,Yes,No,
AAGGATCATTAGAGGCATGAT,21,1,38.1,2,AA,Yes,Yes,TAG
TAGTATATGAGGCTGGATCCT,21,1,42.9,2,GG,Yes,Yes,TAG
CTTCCGGTGATTATGGAGTTG,21,1,47.6,2,TT,Yes,No,
GAGCATGATAGGTTGTATCGG,21,1,47.6,2,GG,Yes,No,
GTTTTGACGCCTCAGGATCAT,21,1,47.6,4,TTTT,Yes,No,
CGTTTGGTGACTGGGAGGACT,21,1,57.1,3,TTT,Yes,No,
CCTCATATGACGACGATTAGT,21,1,42.9,2,CC,Yes,No,
TTTATGGAGTTGGGTGCGTCT,21,1,47.6,3,TTT,Yes,No,
TATTATCCTATTGCTGTGGCG,21,1,42.9,2,TT,Yes,No,
AATGCGACGATTGCGGGTAAG,21,1,52.4,3,GGG,Yes,No,
GTGACTTCGGATCCTACTAGG,21,1,52.4,2,TT,Yes,No,
CGGCATGTGCAGAATCTTTAGG,22,1,50.0,3,TTT,NA,NA,NA
TGTTGTGAGGTTAATTGGAAT,21,1,33.3,2,TT,Yes,No,
CAGGATCAGACTTGGGGACT,20,1,55.0,4,GGGG,NA,NA,NA
AATGTTCCTTATACTTGGAAGG,22,1,36.4,2,AA,NA,NA,NA
CCTACTATTTATGCGGCGTAT,21,1,42.9,3,TTT,Yes,No,
ACGTGGTCTGTGTAGCAGTCG,21,1,57.1,2,GG,Yes,Yes,TAG
GTTTGTATAAGGAAACT,17,1,29.4,3,TTT,NA,NA,NA
GTGTATGTGGGTACGCCGTCT,21,1,57.1,3,GGG,Yes,No,
CGTAGGCATTCTTTGGCGGGT,21,1,57.1,3,TTT,Yes,No,
TGGCGTATTATGAAGTGGCTG,21,1,47.6,2,GG,Yes,No,
ACTACGAGTCGTCAGACTCAG,21,1,52.4,1,A,Yes,No,
TCTTGTTGTATGATGTATACT,21,1,28.6,2,TT,Yes,No,
GATCGTTGTGATAAGCATCTG,21,1,42.9,2,TT,Yes,No,
CATTCTGTTGTGATTCCTTCG,21,1,42.9,2,TT,Yes,No,
ATTATGTGTCTGAATCTGTCT,21,1,33.3,2,TT,Yes,No,
CAGTGTTTGTCGACGTTTTTG,21,1,42.9,5,TTTTT,Yes,No,
CAGTCTAGGACGAGGCTTTTT,21,1,47.6,5,TTTTT,Yes,No,
TATAATGATGGGATGAAGTTG,21,1,33.3,3,GGG,Yes,No,
AAGACTGCGGGTCTGTAGTAT,21,1,47.6,3,GGG,Yes,Yes,TAG
GGTCGTAATTGTAGTAAGTCG,21,1,42.9,2,GG,Yes,No,
CCTTCGGAGTTGATGACTACT,21,1,47.6,2,CC,Yes,No,
ATGAAGTCGCTTCATGATATT,21,1,33.3,2,AA,Yes,No,
CATATGCCTATGAATGCTTTG,21,1,38.1,3,TTT,Yes,No,
GGTGCGTTTACTAAGGAGCCT,21,1,52.4,3,TTT,Yes,No,
AGGCATACGGCGCAGCTTAGG,21,1,61.9,2,GG,Yes,No,
GGGTATAGTAGTCCGCAGGTT,21,1,52.4,3,GGG,Yes,No,
ACGCGTCGTAGGCAGCGTCTT,21,1,61.9,2,GG,Yes,No,
CAGACTCATACTAATTTTTAG,21,1,28.6,5,TTTTT,Yes,Yes,TAG
GCTTCGACTAAGACTAATACG,21,1,42.9,2,TT,Yes,No,
AAGGATATGAATTGGAGGAGT,21,1,38.1,2,AA,Yes,No,
AAGTCGGAGGCGCTTGTGACT,21,1,57.1,2,AA,Yes,No,
ATGCAGAAGAATCGTTAGTCT,21,1,38.1,2,AA,Yes,Yes,TAG
TATAGGGTGTTGTAGCTTGAT,21,1,38.1,3,GGG,Yes,Yes,TAG
CCGAAGCAGCTGTATTCTTCT,21,1,47.6,2,CC,Yes,No,
CCTGAATCCTCTGGAGCATGCT,22,1,54.5,2,CC,NA,NA,NA
TCGCATAAGGATGTTGCGACT,21,1,47.6,2,AA,Yes,No,
ATTCTTTATAAGCTTGAGCGG,21,1,38.1,3,TTT,Yes,No,
TATGGGTAGTGGCGGGCTGTT,21,1,57.1,3,GGG,Yes,Yes,TAG
GCTGATCTTAGGGAGCCGAGG,21,1,61.9,3,GGG,Yes,No,
ACTTCGGCGAAGCCTACTAGT,21,1,52.4,2,TT,Yes,No,
GATGATGAGCTTAATCCTAGT,21,1,38.1,2,TT,Yes,No,
GGTGATCCGTCTGCTAGTGTG,21,1,57.1,2,GG,Yes,No,
ACTGATAATGGTGAGTTTGCT,21,1,38.1,3,TTT,Yes,No,
GTTAGTACTCGGCCTGCTAAT,21,1,47.6,2,TT,Yes,No,
CCTAAGTATTTGTAGGGTAAT,21,1,33.3,3,TTT,Yes,Yes,TAG
CTGCATATGATGCGTAAGTCT,21,1,42.9,2,AA,Yes,No,
TTGTCTGATATTTTTTATGTT,21,1,19.0,6,TTTTTT,Yes,No,
ACTTTTAATTTTAATGTTCGT,21,1,19.0,4,TTTT,Yes,No,
ATGTATTGGGGGTATCGGCGT,21,1,52.4,5,GGGGG,Yes,No,
CGGTATGGTGATAATTATAAG,21,1,33.3,2,GG,Yes,No,
TATACTACGCTGGCGGCGGAT,21,1,57.1,2,GG,Yes,No,
TATCTGCATTGGACTTATATG,21,1,33.3,2,TT,Yes,No,
CGTTATGCTGAGCGTAGTTAT,21,1,42.9,2,TT,Yes,No,
CAGAGGATTATGTTTAATTCG,21,1,33.3,3,TTT,Yes,No,
CTTGGGCTTTCTACTGAGGCT,21,1,52.4,3,GGG,Yes,No,
TGTATTTGGTAGGTGGTTATG,21,1,38.1,3,TTT,Yes,Yes,TAG
TTTAATGATTTGATTAGGAAG,21,1,23.8,3,TTT,Yes,No,
ATGGAGTTGCATAATGAGATT,21,1,33.3,2,GG,Yes,No,
AGGAATTATACGAGTAATCCG,21,1,38.1,2,GG,Yes,No,
AAGTAGGATGTTCGGTTTGTT,21,1,38.1,3,TTT,Yes,Yes,TAG
TTGATCCGCTTGTGGATCGT,20,1,50.0,2,TT,NA,NA,NA
TTGCAGAGGCCGCTGTCTCCT,21,1,61.9,2,TT,Yes,No,
ACGGCTAATAGGATTCAGTAT,21,1,38.1,2,GG,Yes,No,
CCTAATCATACTAAGGTGGTG,21,1,42.9,2,CC,Yes,No,
TATAGTCTGGCGAGTATTGAT,21,1,38.1,2,GG,Yes,No,
ATTATGTGTATGTTTGATAGT,21,1,23.8,3,TTT,Yes,No,
CCTACGTATGTTTATGATAGG,21,1,38.1,3,TTT,Yes,No,
GGTAAGTAGCTGGATCTGTCT,21,1,47.6,2,GG,Yes,Yes,TAG
CCTCAGCAGCTTGAGTATATG,21,1,47.6,2,CC,Yes,No,
TTGCGTACGGATTATGATCCT,21,1,42.9,2,TT,Yes,No,
CAGCAGTCGATGCATCAGAAT,21,1,47.6,2,AA,Yes,No,
AGTTATTTTGATTGTTGTTGT,21,1,23.8,4,TTTT,Yes,No,
CGTAGTGATATTTAGTTTGCT,21,1,33.3,3,TTT,Yes,Yes,TAG
CCTTGGATTCGGTCTACGTGT,21,1,52.4,2,CC,Yes,No,
TCTGTGGATCATTTTCGGTGG,21,1,47.6,4,TTTT,Yes,No,
CGGCTTAAGAATGTTTTGACGG,22,1,45.5,4,TTTT,NA,NA,NA
GCTATTCATAATAATGTTTAT,21,1,19.0,3,TTT,Yes,No,
CTGTGTGTTGCGCAGGATTGG,21,1,57.1,2,TT,Yes,No,
AGGTACTAAGACGTATAAGTTTA,23,1,30.4,3,TTT,NA,NA,NA
GATAAGAATATGACTAATAAT,21,1,19.0,2,AA,Yes,No,
CCTCCTTGGCCGTGGTAGTTT,21,1,57.1,3,TTT,Yes,Yes,TAG
TGTTATTGTCCGTAGAGGCAG,21,1,47.6,2,TT,Yes,Yes,TAG
TGGACGAGGGTGTTTAAGTCG,21,1,52.4,3,GGG,Yes,No,
TTGTATATTAGTACGGGTATG,21,1,33.3,3,GGG,Yes,No,
ATTGATATTTAGTCTGAGATT,21,1,23.8,3,TTT,Yes,Yes,TAG
AGGCATCAGAGTCGTAGGGCT,21,1,57.1,3,GGG,Yes,No,
ACTGGTGATCAGAGTCGTTTT,21,1,42.9,4,TTTT,Yes,No,
GTTTATCGTATTAAGAAGAAG,21,1,28.6,3,TTT,Yes,No,
GATGGTAAGCAGTTTAAGGAT,21,1,38.1,3,TTT,Yes,No,
GATGTTAATTTGCATTATTCG,21,1,28.6,3,TTT,Yes,No,
AGGTGTTTTAATGAGGATTTT,21,1,28.6,4,TTTT,Yes,No,
AGGAATTATCCTCATGATTTT,21,1,28.6,4,TTTT,Yes,No,
GTTTATACGAAGACTCTGAAG,21,1,38.1,3,TTT,Yes,No,
CGGTATGTGCCGTTGGCTGTG,21,1,61.9,2,GG,Yes,No,
GCGGATATGTTGAAGAAGAAG,21,1,42.9,2,GG,Yes,No,
CATTATTGTTAGGGTTGTCAG,21,1,38.1,3,GGG,Yes,Yes,TAG
TGGTAGAATAATTCGTCTGTT,21,1,33.3,2,GG,Yes,Yes,TAG
CCGTCGCATCATTCTCTGTAT,21,1,47.6,2,CC,Yes,No,
AATTGTTAGCTGCTTTGTCAG,21,1,38.1,3,TTT,Yes,Yes,TAG
ATTAAGCATGTTTCTAGGATT,21,1,28.6,3,TTT,Yes,No,
CTTCTGATTGGGAAGCCTCGT,21,1,52.4,3,GGG,Yes,No,
TTGTGTATTCCTGAGATTCGG,21,1,42.9,2,TT,Yes,No,
ACTTCGAGGGAGTATACGCGG,21,1,57.1,3,GGG,Yes,No,
TCTAGGCTGATTACGACGATG,21,1,47.6,2,GG,Yes,No,
CTGTAGGATCTGATTACGTCT,21,1,42.9,2,GG,Yes,Yes,TAG
TTTGAGGAGCATGTTACTCGT,21,1,42.9,3,TTT,Yes,No,
AATAAGGCGCGTCCTGATGGG,21,1,57.1,3,GGG,Yes,No,
TCTCCGAATCAGAGGAGGCTG,21,1,57.1,2,CC,Yes,No,
TTGACGGGTACGTCTGGTCTT,21,1,52.4,3,GGG,Yes,No,
CGTACGTGGTTGTTTTTGCCT,21,1,47.6,5,TTTTT,Yes,No,
CCTCTTGATTTTTCTAGGATG,21,1,38.1,5,TTTTT,Yes,No,
ATGAATTATTGGGATTGTTTG,21,1,28.6,3,GGG,Yes,No,
CCGGGTCCTATGAATTTGTAG,21,1,47.6,3,GGG,Yes,Yes,TAG
CGGGATCATTCGACGGTGTTAG,22,1,54.5,3,GGG,NA,NA,NA
TATCCTCTGGCTTGTATGACT,21,1,42.9,2,CC,Yes,No,
CAGGATGCCGGATTAGGATT,20,1,50.0,2,GG,NA,NA,NA
AAGTCTTCGATGATTGAGAT,20,1,35.0,2,AA,NA,NA,NA
TGGTGGAGGTTGTGGTAGGAG,21,1,57.1,2,GG,Yes,Yes,TAG
GTGGATACTAGTGAGAAGTGG,21,1,47.6,2,GG,Yes,No,
TAGATGATGTCGCATGTCTAT,21,1,38.1,1,T,No,Yes,TAG
TATAGTTGTTAGTAGCGGATT,21,1,33.3,2,TT,Yes,Yes,"TAG,TAG"
CTTTTTCGTGTTCAGCATAT,20,1,35.0,5,TTTTT,NA,NA,NA
GTTGAGTTTCGGAGTATTTAT,21,1,33.3,3,TTT,Yes,No,
TATCCGAGGAGGCGTTAGCAT,21,1,52.4,2,CC,Yes,Yes,TAG
CAGTTGTAGTGTTATTATTTG,21,1,28.6,3,TTT,Yes,Yes,TAG
AATACGCAAGCTGATAGTCTT,21,1,38.1,2,AA,No,No,
CCGACGGTTTATGATATTCCG,21,1,47.6,3,TTT,Yes,No,
GGTAAGGGTCATGCTATGCAG,21,1,52.4,3,GGG,Yes,No,
TATGGTCTTATTCATACTTTT,21,1,23.8,4,TTTT,Yes,No,
ATGGCGTGTTCTCTAAGGAT,20,1,45.0,2,GG,NA,NA,NA
ACGTTTCACATCTCCCTGCCG,21,1,57.1,3,TTT,No,No,
TCTAATACTGGGTAGCAGTAG,21,1,42.9,3,GGG,Yes,Yes,"TAG,TAG"
TTGTTGTGTGGGATTAATGAG,21,1,38.1,3,GGG,Yes,No,
TCTGTGCCGAGTGATCTTCAG,21,1,52.4,2,CC,Yes,No,
CTTTGGTCTGAATAATATTGCT,22,1,31.8,3,TTT,NA,NA,NA
CGTTATAAGGAGAAGACGTTT,21,1,38.1,3,TTT,Yes,No,
CCTACTAATCAGATTTAGCTG,21,1,38.1,3,TTT,Yes,Yes,TAG
ATTACGGGTAGTACTTCTGCT,21,1,42.9,3,GGG,Yes,No,
CAGGCTATGAGTTTTATGCAG,21,1,42.9,4,TTTT,Yes,No,
ACTCCTACGAGGAATCAGTTT,21,1,42.9,3,TTT,Yes,No,
TGTAATGAGACTATTTGTTTG,21,1,28.6,3,TTT,Yes,No,
AATTGGAATCTTAAGAATGTT,21,1,23.8,2,AA,Yes,No,
GATATGTTGCAGGTTTGTTCG,21,1,42.9,3,TTT,Yes,No,
CTTAGTCTGACGCGGCTTTAT,21,1,47.6,3,TTT,Yes,No,
TCGGGAAGCTCAGAATTTGCCT,22,1,50.0,3,GGG,NA,NA,NA
TATTATAATTATACTGAGAGG,21,1,23.8,2,TT,Yes,No,
AGGAATTTGCTTGCTTATATG,21,1,33.3,3,TTT,Yes,No,
AAGTGGAATTTTTCGTGTACG,21,1,38.1,5,TTTTT,Yes,No,
ATGAAGTATGGGTATTGGGAT,21,1,38.1,3,GGG,Yes,No,
TATCTTCCGAATACTCCTTGG,21,1,42.9,2,TT,Yes,No,
AAGGGGATGTAGTAGGTGATT,21,1,42.9,4,GGGG,Yes,Yes,"TAG,TAG"
AGTGCTATTCTTCTTTCGGCG,21,1,47.6,3,TTT,Yes,No,
AATGATATTTTGTATCCTCAT,21,1,23.8,4,TTTT,Yes,No,
ACTCCGATTTGGAATACTGAT,21,1,38.1,3,TTT,Yes,No,
TATAGTTATTCGTTGTGTTGG,21,1,33.3,2,TT,Yes,No,
ATTATTCAGCGTGGTGTGTTT,21,1,38.1,3,TTT,Yes,No,
CGTCATAATATGATTGCTCGT,21,1,38.1,2,AA,Yes,No,
TGGTTGGATAAGGAGCATCAG,21,1,47.6,2,GG,Yes,No,
CGTACGACTTAGCATGCGAAG,21,1,52.4,2,TT,Yes,Yes,TAG
TGGTTTACTGTGGATTCTACT,21,1,38.1,3,TTT,Yes,No,
TATAAGTCGTTGTTTATGCCG,21,1,38.1,3,TTT,Yes,No,
CATAATCAGGATAAGAGGCTT,21,1,38.1,2,AA,Yes,No,
CTTACTAAGTAGCAGGTGACT,21,1,42.9,2,TT,Yes,Yes,TAG
CAGCAGGCTAAGAGTACTGAG,21,1,52.4,2,GG,Yes,No,
GTTTATCTGAATGATGAGCCG,21,1,42.9,3,TTT,Yes,No,
TGGGTTTCTAGTTATATTCCG,21,1,38.1,3,GGG,Yes,No,
GGTACTACTTGGACTAAGGAT,21,1,42.9,2,GG,Yes,No,
GCTAATAATACTGCTTAGTTT,21,1,28.6,3,TTT,Yes,Yes,TAG
ACTACTAAGCATGATATTCGT,21,1,33.3,2,AA,Yes,No,
AGTGGTTAGCTGTATACTTGG,21,1,42.9,2,GG,Yes,Yes,TAG
TATTCGAATCCGGGTAGTGCT,21,1,47.6,3,GGG,Yes,No,
CGGCGTCTTTATGGTTAGCCT,21,1,52.4,3,TTT,Yes,Yes,TAG
CATCCGATTTTTGATGGTCCT,21,1,42.9,5,TTTTT,Yes,No,
AATAATGATACTCAGGATACG,21,1,33.3,2,AA,Yes,No,
GCTATGACGCGGTTGTGGACG,21,1,61.9,2,GG,Yes,No,
CCGCTTCAGAAGAATATGCAT,21,1,42.9,2,CC,Yes,No,
AATCAGAGGCGTCTTCTTCGT,21,1,47.6,2,AA,Yes,No,
GGTGGGTAGTCTAGTGATTGG,21,1,52.4,3,GGG,Yes,Yes,TAG
AGTGATCCGCATCAGGATCTT,21,1,47.6,2,CC,Yes,No,
AATATTCCGGCTACTTCGCCT,21,1,47.6,2,AA,Yes,No,
ACTGGTGCGAAGATGTTGCAG,21,1,52.4,2,GG,Yes,No,
CTGTTGGATATTGATTAGGGG,21,1,42.9,4,GGGG,Yes,Yes,TAG
CTGAAGGTGAATTCGAATTTT,21,1,33.3,4,TTTT,Yes,No,
TCGGGGCATACTACTGTTATT,21,1,42.9,4,GGGG,Yes,No,
AATGGAGTCTCGGGAATATCAT,22,1,40.9,3,GGG,NA,NA,NA
ATTCCGTGTGGGCTTCCTTAT,21,1,47.6,3,GGG,Yes,No,
AATCATTCGACGAATACGCAG,21,1,42.9,2,AA,Yes,No,
CTGAATAATATTTATCAGCCT,21,1,28.6,3,TTT,Yes,No,
CTTATTTTTGATTGGACTTCG,21,1,33.3,5,TTTTT,Yes,No,
GGGGGTGATAGTGCTTCGGTT,21,1,57.1,5,GGGGG,Yes,No,
GATTCGAAGAGTATGACGCAT,21,1,42.9,2,TT,Yes,No,
ATTGAGAGTGGGGATTTGTTT,21,1,38.1,4,GGGG,Yes,No,
GATGGGGAGCCGATTCGGCTG,21,1,66.7,4,GGGG,Yes,No,
TGTTGAATGGTCTGCGT,17,1,47.1,2,TT,NA,NA,NA
AATGATAGGCAGAGTCGTGCG,21,1,52.4,2,AA,Yes,No,
CCTCTTCATCCTTATCCTGAT,21,1,42.9,2,CC,Yes,No,
TTGTAGACGCCGATGTGTTGT,21,1,47.6,2,TT,Yes,Yes,TAG
TTTCCGCTGAAGAATGAGC,19,1,47.4,3,TTT,NA,NA,NA
TTTCGGTATTCGTGGTCGAAT,21,1,42.9,3,TTT,Yes,No,
TATGGTCATAAGCGGTCGATG,21,1,47.6,2,GG,Yes,No,
GATTCTGCTATGTATGATTTT,21,1,28.6,4,TTTT,Yes,No,
TATATGGATCAGGTTATTCCT,21,1,33.3,2,GG,Yes,No,
CGTAGGGCGAGTCCGCCTTAG,21,1,66.7,3,GGG,Yes,Yes,TAG
AGTGTGAATCCTATGGTTAAG,21,1,38.1,2,AA,Yes,No,
ACTGCTCATTCGAATGAGACG,21,1,47.6,2,TT,Yes,No,
CCTATTTATACTCTTACTGTT,21,1,28.6,3,TTT,Yes,No,
CGGTCGTCTATTTCTAATCTT,21,1,38.1,3,TTT,Yes,No,
CTTCCTCCTAAGGAGATTAAT,21,1,38.1,2,TT,Yes,No,
ATGTGGCATCAGTCTGGTGAT,21,1,47.6,2,GG,Yes,No,
AGTCGGGGTATGGATCCGCGG,21,1,66.7,4,GGGG,Yes,No,
ATTAGTCATAATAAGTTGAAT,21,1,19.0,2,TT,Yes,No,
TTGATTTTGGTGCGGAAGCGT,21,1,47.6,4,TTTT,Yes,No,
CCTTATTTGCATACTATTCAG,21,1,33.3,3,TTT,Yes,No,
GGTGCTTTTTAGTCTTTGATT,21,1,33.3,5,TTTTT,Yes,Yes,TAG
TATTTTCGGATGGCTCAGATG,21,1,42.9,4,TTTT,Yes,No,
TGGAATGCGATTAATCATGTG,21,1,38.1,2,GG,Yes,No,
TCTTTTTATGAGTTGGAGGCT,21,1,38.1,5,TTTTT,Yes,No,
ACTACGTATCAGAGTACGAAT,21,1,38.1,2,AA,Yes,No,
AATTCTCGTGTTAAGATGCTT,21,1,33.3,2,AA,Yes,No,
AATGCGGTTGAGAGTTAGCGT,21,1,47.6,2,AA,Yes,Yes,TAG
ACGCGGCTTGAGGTGCGTTGG,21,1,66.7,2,GG,Yes,No,
TCGTATGTTCCGCATATGGAT,21,1,42.9,2,TT,Yes,No,
GTGTAGCATATGGCTGCTGGTC,22,1,54.5,2,GG,NA,NA,NA
TTGGATGGTAATTATGGGACG,21,1,42.9,3,GGG,Yes,No,
CCTATGACGCTTCTTGGGTGG,21,1,57.1,3,GGG,Yes,No,
AATATTGATAATGTGGATTAT,21,1,19.0,2,AA,Yes,No,
ACTAAGTTGTCGCGGATTCCT,21,1,47.6,2,AA,Yes,No,
TGTCTGAGTCATCAGCGGTCG,21,1,57.1,2,GG,Yes,No,
CATGAGCATCCTAGTTTGCGT,21,1,47.6,3,TTT,Yes,No,
CTTCATTCTACGAGTAGTTTG,21,1,38.1,3,TTT,Yes,No,
TGTTCTAATTTTTAGAATAAT,21,1,14.3,5,TTTTT,Yes,Yes,TAG
CAGCATACGCATGCTCAGTGG,21,1,57.1,2,GG,Yes,No,
ATGATTGATAAGTTTGCTCAG,21,1,33.3,3,TTT,Yes,No,
CAGCATACGGGTCATAAGATT,21,1,42.9,3,GGG,Yes,No,
AATCTTAAGCTTAAGGTGATG,21,1,33.3,2,AA,Yes,No,
GGGCTTTGTGCTATTGTTCTG,21,1,47.6,3,GGG,Yes,No,
TATAATCAGAGTCAGGTGTAT,21,1,33.3,2,AA,Yes,No,
ACTTCGAATCCTCGGCTTAAG,21,1,47.6,2,TT,Yes,No,
GTTCATAAGTTTCATTGGTAG,21,1,33.3,3,TTT,Yes,Yes,TAG
CAGAAGACGCCTCTTCCTGAG,21,1,57.1,2,AA,Yes,No,
TTTGGGGGTCCGCATAGGACG,21,1,61.9,5,GGGGG,Yes,No,
AAGAAGGCTCTGATTCCTTGG,21,1,47.6,2,AA,Yes,No,
TCTCGTCCTAGGGGGGATAGT,21,1,57.1,6,GGGGGG,Yes,No,
GCGGGGAGTAATTGGTTTCAT,21,1,47.6,4,GGGG,Yes,No,
ACTAGGTGGTATGCTCGTGAT,21,1,47.6,2,GG,Yes,No,
ACTACGGTGTGGCTTAAGAAG,21,1,47.6,2,GG,Yes,No,
CCTGAGAGGTTTACGAAGCTG,21,1,52.4,3,TTT,Yes,No,
TGGGAGTAGGTGTGTGAGCTT,21,1,52.4,3,GGG,Yes,Yes,TAG
AGGCAGAAGTTTGCTATTAT,20,1,35.0,3,TTT,NA,NA,NA
ATTTTTCTATTAATAATAGG,20,1,15.0,5,TTTTT,NA,NA,NA
CGGTCTCTGAATAAGTTTCGG,21,1,47.6,3,TTT,Yes,No,
AATATTCATTGGTCTTAGTAG,21,1,28.6,2,AA,Yes,Yes,"TAG,TAG"
CTTAATTCGATTCATGTGTAG,21,1,33.3,2,TT,Yes,Yes,TAG
GAGCGTCAGCTGGAGATTAGT,21,1,52.4,2,GG,Yes,No,
TATTAGTATGCTATTGAGATG,21,1,28.6,2,TT,Yes,Yes,TAG
TTTCCGTATCATCATGTTGTAG,22,1,36.4,3,TTT,NA,NA,NA
GTTGATAAGCTGATGCAGAGG,21,1,47.6,2,TT,Yes,No,
TATAATTTGATTGTTAATCAG,21,1,19.0,3,TTT,Yes,No,
AGGTCGGCGTAGAATCCTCAG,21,1,57.1,2,GG,Yes,Yes,TAG
CATCTGGTGTTTATGGATATG,21,1,38.1,3,TTT,Yes,No,
TCTTTGAGTACGCATGCGACG,21,1,52.4,3,TTT,Yes,No,
AAGATTAGTCCGAAGTCGGAG,21,1,47.6,2,AA,Yes,No,
CCGAAGATGCGGAATCATCGT,21,1,52.4,2,CC,Yes,No,
CCTCCGATTGGTGGTTCTAAT,21,1,47.6,2,CC,Yes,No,
AGTCGTCTGGCTTATATGCTG,21,1,47.6,2,GG,Yes,No,
ACGCTTTCGCTGCTTCTGGAT,21,1,52.4,3,TTT,Yes,No,
TCGCCGTAGTGGGTGCTTATG,21,1,57.1,3,GGG,Yes,Yes,TAG
ACTAATAATTATGGGGGGCAT,21,1,38.1,6,GGGGGG,Yes,No,
CATAGTGTTACTCCGAATCAT,21,1,38.1,2,TT,Yes,No,
ATTGATGGTCATTATACGGAG,21,1,38.1,2,TT,Yes,No,
ATTGCTTATTCTTTTGTAAT,20,1,20.0,4,TTTT,NA,NA,NA
ACGCCTCAGGTGACTAATTAG,21,1,47.6,2,CC,Yes,Yes,TAG
CGTAATATGGATCAGGGTCGT,21,1,47.6,3,GGG,Yes,No,
TAGAGGGGGCATTCTTAGTAG,21,1,47.6,5,GGGGG,Yes,Yes,"TAG,TAG,TAG"
TGTCAGCGTGGGATTTTGACG,21,1,52.4,4,TTTT,Yes,No,
ACGCAGATTCGTACGCGGCGT,21,1,61.9,2,TT,Yes,No,
TATCGGCTTTATCTTATTATGC,22,1,31.8,3,TTT,NA,NA,NA
AATAGTTCTGAGTTGGTGATT,21,1,33.3,2,AA,Yes,No,
AAGGGTGGCACTATTACTAAGAGT,24,1,41.7,3,GGG,NA,NA,NA
TTGGCTGGGCGACTGGTGCCTTTATG,26,1,57.7,3,GGG,NA,NA,NA
CTGCAGCTGTCTAATTGGTCT,21,1,47.6,2,AA,Yes,No,
TAGGTGACGCGTGGGCATGTG,21,1,61.9,3,GGG,Yes,Yes,TAG
CATAATGCTTGGGCGATTGCG,21,1,52.4,3,GGG,Yes,No,
TCGGTGCCGTGGTAGGCTGCT,21,1,66.7,2,GG,Yes,Yes,TAG
GAGAATGCGCTTAGTATTTGG,21,1,42.9,3,TTT,Yes,No,
TTTTCTTTTGGGATTACTATG,21,1,28.6,4,TTTT,Yes,No,
ATTGTGTATGGGAAGATGCAT,21,1,38.1,3,GGG,Yes,No,
AATAAGATGAATGTGCAGCAT,21,1,33.3,2,AA,Yes,No,
TTTTTTGGTATTACGGAGAAT,21,1,28.6,6,TTTTTT,Yes,No,
CCTACGTAGTCGGTTCGGAGAAATA,25,1,48.0,3,AAA,NA,NA,NA
CCTCGTACTAAGGCTAGTAAT,21,1,42.9,2,CC,Yes,No,
GAGTATGCTTGGCATGAGCAG,21,1,52.4,2,TT,Yes,No,
CTGTTTTATATTATGTTTATG,21,1,19.0,4,TTTT,Yes,No,
CATAGTAAGGATTGTCCGGGG,21,1,52.4,4,GGGG,Yes,No,
CATGTGTGTGCGTATTCTTCG,21,1,47.6,2,TT,Yes,No,
GTTACTTAGCGTGGTGGGTTT,21,1,47.6,3,GGG,Yes,Yes,TAG
CATAGTGGGTGTGTGTAGCTG,21,1,52.4,3,GGG,Yes,Yes,TAG
TATATGCAGGGTATGTATAAT,21,1,28.6,3,GGG,Yes,No,
ACTCGTGTTTGAAGTTAGTATT,22,1,31.8,3,TTT,NA,NA,NA
CAGTATAAGTTTATTCCGAGT,21,1,33.3,3,TTT,Yes,No,
TGTTATTAGAAGGCTGGTCAG,21,1,42.9,2,TT,Yes,Yes,TAG
ATTATTCAGCATCGGATTATG,21,1,33.3,2,TT,Yes,No,
CATTTGCAGAATCTTAAGTCT,21,1,33.3,3,TTT,Yes,No,
GTTTCGCGGAAGATTGTGTAG,21,1,47.6,3,TTT,Yes,Yes,TAG
AAGATTATGGCGGTTAAGTAT,21,1,33.3,2,AA,Yes,No,
ATGAGGAAGATTGGTATGACT,21,1,38.1,2,GG,Yes,No,
CCTTTTCCTTTTGCTGGGCTT,21,1,47.6,4,TTTT,Yes,No,
GTGATGGAGTAGTATAGTCAT,21,1,38.1,2,GG,Yes,Yes,TAG
TTTGATAATAATACTTATAAT,21,1,9.5,3,TTT,Yes,No,
TATCTTTATTATACTGGTGTG,21,1,28.6,3,TTT,Yes,No,
TGTTGTCGTAGGAGTAGTCTT,21,1,42.9,2,TT,Yes,No,
TAGTTGGTGGCGACTGGTTAG,21,1,52.4,2,TT,Yes,Yes,"TAG,TAG"
ATGGTGGTTGAGTCTCATGCG,21,1,52.4,2,GG,Yes,No,
TAGGGTATTGATCGTATTTCG,21,1,38.1,3,GGG,Yes,Yes,TAG
TAGCGTGATGATTTTCTGCGT,21,1,42.9,4,TTTT,Yes,Yes,TAG
CAGACTGCGCGGTATAATCGT,21,1,52.4,2,GG,Yes,No,
CAGGGTGTTAGTGTGCCGTCT,21,1,57.1,3,GGG,Yes,No,
ATTTAGTATAATAATCATTAG,21,1,14.3,3,TTT,Yes,Yes,"TAG,TAG"
ATGAATCGTACTAAGGCTAGG,21,1,42.9,2,AA,Yes,No,
ATGATTTATAATCAGTATTCT,21,1,19.0,3,TTT,Yes,No,
TTTTGGCAGTATCGGCAGACT,21,1,47.6,4,TTTT,Yes,No,
TTGATTTAGCGTTGGATGATG,21,1,38.1,3,TTT,Yes,Yes,TAG
ATTAGTATTTATTTGAGTTCG,21,1,23.8,3,TTT,Yes,No,
CGTGATGCTGGGCTGACTTCG,21,1,61.9,3,GGG,Yes,No,
GGGCTTTGGTCTAGGATTAAG,21,1,47.6,3,GGG,Yes,No,
ACTCATAATTATTTTTGTCAG,21,1,23.8,5,TTTTT,Yes,No,
CCGAGTGTGGCGTATGATACG,21,1,57.1,2,CC,Yes,No,
ATTGTTCATCCTCTGTCTAAT,21,1,33.3,2,TT,Yes,No,
CAGATTACTCGTCTTTAGCTG,21,1,42.9,3,TTT,Yes,Yes,TAG
AATTCGTTTCCGAAGGCGTAT,21,1,42.9,3,TTT,Yes,No,
CCTATTTTTGGTTCTCATTGT,21,1,33.3,5,TTTTT,Yes,No,
TCTACGCTTCATAGGAGTATT,21,1,38.1,2,TT,Yes,No,
CAGATTACTCATATTCCGTTT,21,1,33.3,3,TTT,Yes,No,
AAGCGTAATACGGCTACGGAT,21,1,47.6,2,AA,Yes,No,
CTAGACTGATCAGGAT,16,1,43.8,2,GG,NA,NA,NA
CGTTGTTGGAATACGCTTTTG,21,1,42.9,4,TTTT,Yes,No,
TATGGGGAGCTTTCTGTTCCG,21,1,52.4,4,GGGG,Yes,No,
TATACTTGTAAGTGTGTTTAT,21,1,23.8,3,TTT,Yes,No,
CTGTTTTGGACTGCGTCTCAG,21,1,52.4,4,TTTT,Yes,No,
CTGGATACTAAGGCTTTTAAT,21,1,33.3,4,TTTT,Yes,No,
TGCTTCTTGGATAATCTTAAG,21,1,33.3,2,TT,No,No,
TCGGATAGTGAGCCTTCGCTG,21,1,57.1,2,GG,Yes,No,
GGTGGTCAGCCTCAGTATATT,21,1,47.6,2,GG,Yes,No,
AATTCTGTTCCGAATACGGAT,21,1,38.1,2,AA,Yes,No,
TAGCCTCGTCTGAGGCCTCAG,21,1,61.9,2,CC,Yes,Yes,TAG
GTGGGTTATCGTCTTATGAAT,21,1,38.1,3,GGG,Yes,No,
CAGACTGATCGGAATGTTACG,21,1,47.6,2,GG,Yes,No,
GCTAATTATCCTGCCTAGGAGT,22,1,45.5,2,AA,NA,NA,NA
CTTTCGGAGACTTGTGATTCG,21,1,47.6,3,TTT,Yes,No,
ATGGTTATGTATTTGAGTAGT,21,1,28.6,3,TTT,Yes,No,
CGTATTAATATTATTCTTTTT,21,1,14.3,5,TTTTT,Yes,No,
CTGTAGACGCAGGATTAGAGG,21,1,52.4,2,GG,Yes,Yes,"TAG,TAG"
TTGTCTTTGGATAAGTTTCAG,21,1,33.3,3,TTT,Yes,No,
TTTGGGAGTTAGGGTCTGTTG,21,1,47.6,3,TTT,Yes,Yes,TAG
CTGTAGGTGCTTACTCTG,18,1,50.0,2,GG,NA,NA,NA
AGGGTGTCTTAGCATATTGTG,21,1,42.9,3,GGG,Yes,Yes,TAG
TAGTATTATAATAATTTTTAG,21,1,9.5,5,TTTTT,Yes,Yes,"TAG,TAG"
CATCTGGTTAAGTTGCGGGCG,21,1,57.1,3,GGG,Yes,No,
CTTACGGAGGCGACTTTGAAT,21,1,47.6,3,TTT,Yes,No,
AGGAAGTGTAGGGCTAGTGGG,21,1,57.1,3,GGG,Yes,No,
CATTTTTCGTGGACGGAGAGG,21,1,52.4,5,TTTTT,Yes,No,
TCGGGTATTTTTCGTACTCAT,21,1,38.1,5,TTTTT,Yes,No,
AGTGTTGTTTCGTGGTGGATG,21,1,47.6,3,TTT,Yes,No,
ACGGATGGGACTACTAGGAGG,21,1,57.1,3,GGG,Yes,No,
AATCTTATTGGTCCTACTACG,21,1,38.1,2,AA,Yes,No,
TATCAGCAGTCGTGTTATCTT,21,1,38.1,2,TT,Yes,No,
TGGGCTGCTGATAGGTAGGGT,21,1,57.1,3,GGG,Yes,Yes,TAG
AGGCAGGATATTAAGCTTAGG,21,1,42.9,2,GG,Yes,No,
GATTGTTATTTGGATGAGTAT,21,1,28.6,3,TTT,Yes,No,
CCTGAGTTTTTGGGTACTTGG,21,1,47.6,5,TTTTT,Yes,No,
ACGGTGCATCATTGTTAGTGTT,22,1,40.9,2,GG,NA,NA,NA
TAGACTAGGGATTCTTAGGAG,21,1,42.9,3,GGG,Yes,Yes,"TAG,TAG"
TGGGCTCGTCATACGTCTTGG,21,1,57.1,3,GGG,Yes,No,
CATCTTTGTGATGGTGCTTAG,21,1,42.9,3,TTT,Yes,Yes,TAG
ACTCAGTAGAGTGATAATCAT,21,1,33.3,2,AA,Yes,Yes,TAG
TCTTCGGTTGAAGTAGCTGTTG,22,1,45.5,2,TT,NA,NA,NA
TTTTTGTAGGCTCCTACTTAT,21,1,33.3,5,TTTTT,Yes,Yes,TAG
AAGTATGCGAATCTGAGTACG,21,1,42.9,2,AA,Yes,No,
ATTTGGGGTATGTTTATTAGT,21,1,28.6,4,GGGG,Yes,No,
CGTACTGGGCATGAGGATGCT,21,1,57.1,3,GGG,Yes,No,
CCGAATACGTTTACTATTTCG,21,1,38.1,3,TTT,Yes,No,
CAGATTCCTCGTTTTCAGACG,21,1,47.6,4,TTTT,Yes,No,
AAGTAGATTACGTAGCTTAAG,21,1,33.3,2,AA,Yes,Yes,"TAG,TAG"
CCTATGATGTCGCTTAATAAT,21,1,33.3,2,CC,Yes,No,
TATATTATTATGCAGTATTAG,21,1,19.0,2,TT,Yes,Yes,TAG
GCTACTGCTTATACTCTTAGG,21,1,42.9,2,TT,Yes,No,
TGGAGTAAGACGACGCCGTCG,21,1,61.9,2,GG,Yes,No,
TGGGATAAAGACGACGCCGTCG,22,1,59.1,3,GGG,NA,NA,NA
CATCGGCTGGTTCAGGCTTC,20,1,60.0,2,GG,NA,NA,NA
ATGAAGGCGGATCGTGATAAT,21,1,42.9,2,AA,Yes,No,
CTTAGTTCGAGTCCTCCTTTG,21,1,47.6,3,TTT,Yes,No,
ACGCTTCTTAATTCTGGGAGG,21,1,47.6,3,GGG,Yes,No,
CCGACTTCGGGGTCGACTTAT,21,1,57.1,4,GGGG,Yes,No,
CGTAGTGTTCTTATTCGTGAG,21,1,42.9,2,TT,Yes,No,
ACTGAGTCTAATACGGGTCGT,21,1,47.6,3,GGG,Yes,No,
TTTTCGGTTTGTAATTTTTAG,21,1,23.8,5,TTTTT,Yes,Yes,TAG
TATTTTTTTATTAATTTGTAT,21,1,4.8,7,TTTTTTT,Yes,No,
AGTATGAAGTATGGTTTTAGG,21,1,33.3,4,TTTT,Yes,No,
TCTTAGAGGGGTGGTGATATG,21,1,47.6,4,GGGG,Yes,Yes,TAG
TAGAGGTAGTTTTGGTAGTGT,21,1,38.1,4,TTTT,Yes,Yes,"TAG,TAG,TAG"
CCGTTGACGTAGCGTTCGCAT,21,1,57.1,2,CC,Yes,Yes,TAG
TTTCGTGTTATGGTTTATCCG,21,1,38.1,3,TTT,Yes,No,
AGGAATGCTTATCATAATATT,21,1,23.8,2,GG,Yes,No,
CTGCGTTCGACGTTTGGGAGT,21,1,57.1,3,TTT,Yes,No,
ACGTATCTTTAGTATTAGGCT,21,1,33.3,3,TTT,Yes,Yes,"TAG,TAG"
AAGATTTTTCATGTTATTTGG,21,1,23.8,5,TTTTT,Yes,No,
ATGGTTGTTTAGGAGGCGCTG,21,1,52.4,3,TTT,Yes,Yes,TAG
AGTACTGCTCATTCGCAGCGT,21,1,52.4,2,TT,Yes,No,
ATGATTTCGTGTATGCGTCCG,21,1,47.6,3,TTT,Yes,No,
ATGCAGAGGTTGGGAGCTTCAT,22,1,50.0,3,GGG,NA,NA,NA
ACGAGTAATAATAATCATCCG,21,1,33.3,2,AA,Yes,No,
CATCGGACGCGGACGTCGGAT,21,1,66.7,2,GG,Yes,No,
GTTCATTGTGTTCAGATGTT,20,1,35.0,2,TT,NA,NA,NA
CTTGGTGTTAATGGTCTGACT,21,1,42.9,2,TT,Yes,No,
AGGGATGTTACGGAGCCTGGG,21,1,61.9,3,GGG,Yes,No,
GGGATTAATTCGAGTCCGGTG,21,1,52.4,3,GGG,Yes,No,
GTGCGTGGTTCGCCGAAGGCT,21,1,66.7,2,GG,Yes,No,
CCGCTTGTTCCTGAAGTTTAAT,22,1,40.9,3,TTT,NA,NA,NA
CCTAAGATTGCTTTGTTTGGT,21,1,38.1,3,TTT,Yes,No,
CCTGTGATGGGTGAGGGTAGG,21,1,61.9,3,GGG,Yes,No,
GAGGCTTATTATTGTAGTAAT,21,1,28.6,2,GG,Yes,No,
ATTCTTAGGGAGATTATGATT,21,1,28.6,3,GGG,Yes,No,
AAGTAGTGGGGTAGTGTTTTG,21,1,42.9,4,GGGG,Yes,Yes,TAG
ATGAGGCCGCTGATGACTAGG,21,1,57.1,2,GG,Yes,No,
AGTAGCGTTTGCATTTTCGT,20,1,40.0,4,TTTT,NA,NA,NA
ATTTTGACTATTAGTAATTAG,21,1,19.0,4,TTTT,Yes,Yes,TAG
GATTAGAATCTGCTGATTACT,21,1,33.3,2,TT,Yes,Yes,TAG
AATTATACTAAGCCGCAT,18,1,33.3,2,AA,NA,NA,NA
AATGCTTCTCAGTATGATAAG,21,1,33.3,2,AA,Yes,No,
CCTGTGACGCGGCGTTAGTAG,21,1,61.9,2,CC,Yes,Yes,"TAG,TAG"
CAGCCTTCTTCGAGTCGTGCT,21,1,57.1,2,CC,Yes,No,
GATTTTCAGTCGAAGTGTGGT,21,1,42.9,4,TTTT,Yes,No,
AGGCCGAATATGAATATGCGT,21,1,42.9,2,GG,Yes,No,
TATAAGAATTATAATAAGACT,21,1,14.3,2,AA,Yes,No,
CTGTGTAGAGCCGAGAATATCT,22,1,45.5,2,CC,NA,NA,NA
GCGTATCATAATTAGCTTGAT,21,1,33.3,2,AA,Yes,Yes,TAG
CCGCGGTGGTGTCGTGATTAT,21,1,57.1,2,CC,Yes,No,
AAGAGTCGTTATGGTAGTTAT,21,1,33.3,2,AA,Yes,No,
GCGTGGGAGTCGATGGATCTT,21,1,57.1,3,GGG,Yes,No,
TATTTGAAGAAGTATACTCTT,21,1,23.8,3,TTT,Yes,No,
TATTTGGTTTAGGTTATTTGT,21,1,23.8,3,TTT,Yes,Yes,TAG
CAGGTTTCTTGTTAGCAGTTG,21,1,42.9,3,TTT,Yes,Yes,TAG
CGGACTATTACGAATTGTAGT,21,1,38.1,2,GG,Yes,No,
TAGCTTTTGATTTCGTCGCAG,21,1,42.9,4,TTTT,Yes,Yes,TAG
CCGCGTCAGTATACGCTGGAG,21,1,61.9,2,CC,Yes,No,
TAGAATTTTGGTCTTGTGACG,21,1,38.1,4,TTTT,Yes,Yes,TAG
TATGATATGAATACTGGGTGG,21,1,38.1,3,GGG,Yes,No,
TGGCTTAAGTGTAATTGTGGG,21,1,42.9,3,GGG,Yes,No,
AGTGATAAGACTTGGTTATG,20,1,35.0,2,AA,NA,NA,NA
GCGATTATTTATACTAGTAAG,21,1,28.6,3,TTT,Yes,No,
GGTAGGCTGCTGATGCCTAAG,21,1,57.1,2,GG,Yes,No,
CTTACGTTTAAGTGTATTCCG,21,1,38.1,3,TTT,Yes,No,
TCGGGTCTTATTACTGTTCCG,21,1,47.6,3,GGG,Yes,No,
CTTGATGGTGATTTGCATAG,20,1,40.0,3,TTT,NA,NA,NA
TTTTGGAATACGTGGAATGAG,21,1,38.1,4,TTTT,Yes,No,
GGGGTGCGTATTTTTGGTGCT,21,1,52.4,5,TTTTT,Yes,No,
ATTGAGATTTTGGAGAGGATG,21,1,38.1,4,TTTT,Yes,No,
AATCCGGAGACTAGTCATAGT,21,1,42.9,2,AA,Yes,No,
ACGACGATTAAGCGTCTTGTG,21,1,47.6,2,TT,Yes,No,
AAGAATATTAGTGCGCAGCAT,21,1,38.1,2,AA,Yes,No,
GATCCTTCGTCTTTTAAGCAG,21,1,42.9,4,TTTT,Yes,No,
CTGGTTTATCATTGTTGGCGG,21,1,47.6,3,TTT,Yes,No,
TAGCATGGTCCGCAGGAGTTG,21,1,57.1,2,GG,Yes,Yes,TAG
ACGCCTCCGGCGTATTGTGGT,21,1,61.9,2,CC,Yes,No,
TCTGTTGCTAATTCGGGTGGT,21,1,47.6,3,GGG,Yes,No,
CGTATTCCTCGTCATAGGGCG,21,1,57.1,3,GGG,Yes,No,
ATTGATCATTTTTAGTCTCTG,21,1,28.6,5,TTTTT,Yes,Yes,TAG
GATAATCGTATGTTTGCGGTT,21,1,38.1,3,TTT,Yes,No,
TATTATCAGATTTCGACGTCT,21,1,33.3,3,TTT,Yes,No,
ACGAGTCCTCTGGTGCGGGGT,21,1,66.7,4,GGGG,Yes,No,
AATGGTGGGCATTTTAATCAT,21,1,33.3,4,TTTT,Yes,No,
TATCTTATTCGTTTTTTTAAT,21,1,14.3,7,TTTTTTT,Yes,No,
GGTAGGTATAAGTTGCCTGCG,21,1,52.4,2,GG,Yes,No,
CGGAATCTTCTTCAGAAATTCAAG,24,1,37.5,3,AAA,NA,NA,NA
AAGAAGTATCATATGATGAAG,21,1,28.6,2,AA,Yes,No,
CAGCTTGGTACTAAGCGGCAT,21,1,52.4,2,TT,Yes,No,
AATGGTCTGTAGTAGGTTTCG,21,1,42.9,3,TTT,Yes,Yes,"TAG,TAG"
CTTTATATGAGTTAGACGAAT,21,1,28.6,3,TTT,Yes,Yes,TAG
TAGTATAATGATCCTCGTAAT,21,1,28.6,2,AA,Yes,Yes,TAG
CTGAAGGTGTCGTAGTATCAT,21,1,42.9,2,AA,Yes,Yes,TAG
CCTCTTGCGGTGTAGGCTTCG,21,1,61.9,2,CC,Yes,Yes,TAG
AGGATGGATTGGGAGATTTAT,21,1,38.1,3,GGG,Yes,No,
AATAGTAATCTTGTTTCC,18,1,27.8,3,TTT,NA,NA,NA
CAGTCGATGCCGTATTATGAG,21,1,47.6,2,CC,Yes,No,
ACTGCGTGGATTAATGATGAG,21,1,42.9,2,GG,Yes,No,
CGTTATAGTTATCCTGTGAAT,21,1,33.3,2,TT,Yes,No,
GATGAGGTTAAGAATTCTAAT,21,1,28.6,2,GG,Yes,No,
CATTCGCATAAGTTGACTCAT,21,1,38.1,2,TT,Yes,No,
AGGTCGTTGAAGAATGCTCGT,21,1,47.6,2,GG,Yes,No,
GCGGAGGAGATGTTTTAGTTG,21,1,47.6,4,TTTT,Yes,Yes,TAG
CTGTCGGAGCTGAAGATGCGT,21,1,57.1,2,GG,Yes,No,
CTGGATTAGCATAGTGCTTTT,21,1,38.1,4,TTTT,Yes,Yes,TAG
CAGCGGCAGAAGTGGGTGCGG,21,1,71.4,3,GGG,Yes,No,
AAGACTTTGCCGAAGAGTACT,21,1,42.9,3,TTT,Yes,No,
TATAGTACGGAGGCGTATGAT,21,1,42.9,2,GG,Yes,No,
TGGTCTTATGCGAAGCTGATG,21,1,47.6,2,GG,Yes,No,
ACTTCGAAGTAGGAGACTAGT,21,1,42.9,2,TT,Yes,Yes,TAG
ATGAATAATTCGTTTATGATG,21,1,23.8,3,TTT,Yes,No,
ATTGGGCTGAGGATTATTATG,21,1,38.1,3,GGG,Yes,No,
AATCCTAGTATTAAGCTGATT,21,1,28.6,2,AA,Yes,No,
GCGTTTACTTATATGAATACT,21,1,28.6,3,TTT,Yes,No,
AGGTAGTATCTTCTGTGGACT,21,1,42.9,2,GG,Yes,Yes,TAG
TAGTTGCTTGTTCTTAATGTT,21,1,28.6,2,TT,Yes,Yes,TAG
ATTGATAATAAGCCTCATCAT,21,1,28.6,2,TT,Yes,No,
GATGAGGTTTGTTATTGTGAG,21,1,38.1,3,TTT,Yes,No,
AATGCTGGTGATTAAATTAGT,21,1,28.6,3,AAA,No,Yes,TAA
GGGATTATCATCATCATAAT,20,1,30.0,3,GGG,NA,NA,NA
GAGACGGTTCAGCGGATTGTG,21,1,57.1,2,GG,Yes,No,
CGTTTTATTAATTGGTTGGGT,21,1,33.3,4,TTTT,Yes,No,
TCTTGTAATTTTACTCGTACT,21,1,28.6,4,TTTT,Yes,No,
CTTACTCGTTATTTTTGTCCG,21,1,38.1,5,TTTTT,Yes,No,
ACTAGGCCTACTGAGGATGAT,21,1,47.6,2,GG,Yes,No,
CGTAAGTATTTTTCTTGT,18,1,27.8,5,TTTTT,NA,NA,NA
AAGACGTGTATTCCGCAGTGG,21,1,52.4,2,AA,Yes,No,
ACGGGTTTGCATGTGGTGAGT,21,1,52.4,3,GGG,Yes,No,
TCTTCTACGTAGAATAGGGAG,21,1,42.9,3,GGG,Yes,Yes,TAG
GTTAGTCAGCTGTATATTCCG,21,1,42.9,2,TT,Yes,No,
CAGCTGAATCCTATGCGGGGT,21,1,57.1,4,GGGG,Yes,No,
AATGCTACTCGGGAGTATCTT,21,1,42.9,3,GGG,Yes,No,
GTTCTGAATACGACGGCGCCG,21,1,61.9,2,TT,Yes,No,
CGTGCTACGCGGAAGACGCTT,21,1,61.9,2,GG,Yes,No,
ACTCGTCGTAATCAGCCGCGT,21,1,57.1,2,AA,Yes,No,
AATTTGTTGCATCTTATTCTG,21,1,28.6,3,TTT,Yes,No,
TGTTAGATTCCTTCGTGAGT,20,1,40.0,2,TT,NA,NA,NA
AGTATTATTTCTTAGAATTGG,21,1,23.8,3,TTT,Yes,Yes,TAG
CATTATGATGTTCCGCTTCAG,21,1,42.9,2,TT,Yes,No,
ACGGAGGAGTGTAATTGTCGT,21,1,47.6,2,GG,Yes,No,
CAGCTGTTGTGGCAAAGGTG,20,1,55.0,3,AAA,NA,NA,NA
TTTAGGTATTCTGATAGTCGT,21,1,33.3,3,TTT,Yes,No,
GTTTTGCCTTTTGAGTCGGAAG,22,1,45.5,4,TTTT,NA,NA,NA
GAGTTGGCTAGTATGCGTTGT,21,1,47.6,2,TT,Yes,No,
CCTTCTAATAATGAGACGTTT,21,1,33.3,3,TTT,Yes,No,
TGGTTTCCGCTGCGTAGTTCG,21,1,57.1,3,TTT,Yes,No,
CAGTCTCATCTTCCTACTAAT,21,1,38.1,2,TT,Yes,No,
TTGTGTCAGCTTCCGGCGCGG,21,1,66.7,2,TT,Yes,No,
CTTCCTAATTATACGAGTATG,21,1,33.3,2,TT,Yes,No,
AGTGAGACGAGTTGTCAGACT,21,1,47.6,2,TT,Yes,No,
TGTAAGAATTTTCTGCTGGTT,21,1,33.3,4,TTTT,Yes,No,
GCTTTAAGATTTCGTTGTTG,20,1,35.0,3,TTT,NA,NA,NA
GCTTTTAAGATTTCGTTGTTG,21,1,33.3,4,TTTT,Yes,No,
CTTTAGTGGGCGGCTCCTCAG,21,1,61.9,3,TTT,Yes,Yes,TAG
CCTGAGGCTTCGTCTCTTACT,21,1,52.4,2,CC,Yes,No,
TCGTTGGCTGATAATTAGATT,21,1,33.3,2,TT,Yes,Yes,TAG
TCGACTAAGAATGAGGCTTAT,21,1,38.1,2,AA,Yes,No,
TATGGTATGTATGTGATTATT,21,1,23.8,2,GG,Yes,No,
AAGGTGCGTTAGACTTGGTGGGT,23,1,52.2,3,GGG,NA,NA,NA
TAGTGGGCGTTGAATGGGCTT,21,1,52.4,3,GGG,Yes,Yes,TAG
CTTGCTGAGATTCTGAATTTT,21,1,33.3,4,TTTT,Yes,No,
GCGGGGTGTCATTAGTAGTAT,21,1,47.6,4,GGGG,Yes,Yes,"TAG,TAG"
TCGTATACTTTTGAGTATCTG,21,1,33.3,4,TTTT,Yes,No,
TGTTATTAGTGGTCGTTTACG,21,1,38.1,3,TTT,Yes,Yes,TAG
TGTAGGCAGCTTAATATGAAG,21,1,38.1,2,GG,Yes,No,
CATTTGTGGATTCATTTGAGG,21,1,38.1,3,TTT,Yes,No,
TTTCCGGTTTATTATAATCGT,21,1,28.6,3,TTT,Yes,No,
CCGTTGAGGCATCAGGTGACT,21,1,57.1,2,CC,Yes,No,
CTTTTTGGTGCATTTGGCGCGT,22,1,50.0,5,TTTTT,NA,NA,NA
TGTGGTACTAGGGTGCATGCT,21,1,52.4,3,GGG,Yes,No,
CTTGCGCACGTGACGTAGGAT,21,1,57.1,2,TT,No,Yes,TAG
ACGGTGGATCAGTTGATGCGG,21,1,57.1,2,GG,Yes,No,
CAGCATAAGAAGAATAGGCCT,21,1,42.9,2,AA,Yes,No,
GGTACGTCGGTTCATACGTCG,21,1,57.1,2,GG,Yes,No,
TGGATTGCTTTTATTAATCGG,21,1,33.3,4,TTTT,Yes,No,
CAGAAGAAGTATCGGACGAAT,21,1,42.9,2,AA,Yes,No,
GCTATGACGTTGCTGCGGGAT,21,1,57.1,3,GGG,Yes,No,
GAGGGTAAGTTGGATGATACT,21,1,42.9,3,GGG,Yes,No,
GAGGTGATTTATATTTCGACT,21,1,33.3,3,TTT,Yes,No,
AATTATTGTGTTGGTCTGAAAG,22,1,31.8,3,AAA,NA,NA,NA
AGTTCGGCGATGGCTGATGAG,21,1,57.1,2,TT,Yes,No,
AGGGGTTAGGATGCTACTAAT,21,1,42.9,4,GGGG,Yes,Yes,TAG
CTGGCGCGGAAGAGTTATATG,21,1,52.4,2,GG,Yes,No,
TCGGTTGATGATCGGAATAGG,21,1,47.6,2,GG,Yes,No,
AATATGCATATGGCTTCTGTG,21,1,38.1,2,AA,Yes,No,
GATACTTCTATGCCGAGTGTG,21,1,47.6,2,TT,Yes,No,
TAGGCGCTTGTTCATACTGAG,21,1,47.6,2,GG,Yes,Yes,TAG
AATATGTCGCATGGGTGTATG,21,1,42.9,3,GGG,Yes,No,
TAGATTATTGTTTATTCTATT,21,1,14.3,3,TTT,Yes,Yes,TAG
GAGGTTTTGATTACTATGAAT,21,1,28.6,4,TTTT,Yes,No,
CTTGCGTGGGATATTCTGGGG,21,1,57.1,4,GGGG,Yes,No,
AGTGATCGTTGGAAATCTACCGG,23,1,47.8,3,AAA,NA,NA,NA
CCGTATGGTGCGCATGATATG,21,1,52.4,2,CC,Yes,No,
GGTGCTGAGCTGAGTTATCAG,21,1,52.4,2,GG,Yes,No,
GGGTAGGAGCAGCTGACTCGT,21,1,61.9,3,GGG,Yes,Yes,TAG
CGTTATAGGGCTATGGTGCCT,21,1,52.4,3,GGG,Yes,No,
TAGCGTGCGGTTTTTCTGTCT,21,1,47.6,5,TTTTT,Yes,Yes,TAG
GTGAGTACGGAGCATATTTTG,21,1,42.9,4,TTTT,Yes,No,
TCTCAGTATGAGACGCTTCAG,21,1,47.6,2,TT,Yes,No,
AATATGGGTAGGCATGAGGAG,21,1,47.6,3,GGG,Yes,No,
CATCAGGTGTATGCTGTGTAT,21,1,42.9,2,GG,Yes,No,
TAAGAATACGTGGACGTCG,19,1,47.4,2,AA,NA,NA,NA
TCGAATAGTAATTATTATGAT,21,1,19.0,2,AA,Yes,No,
CTGAATCTTGGGCGGAATTAT,21,1,42.9,3,GGG,Yes,No,
CTTCTTTCGATGTTGAGTTGG,21,1,42.9,3,TTT,Yes,No,
ACTCAGCATTTTTTTACGATT,21,1,28.6,7,TTTTTTT,Yes,No,
AGTCCTTATCAGATGACGCTT,21,1,42.9,2,CC,Yes,No,
AGGCTGCAGAGTATTAATCTT,21,1,38.1,2,GG,Yes,No,
CATTAGTATAGTCATACGCCG,21,1,42.9,2,TT,Yes,Yes,TAG
TGGAATTTTAGTTTTGTTTCT,21,1,23.8,4,TTTT,Yes,No,
CTGATGTTTATGGGTATTAGT,21,1,33.3,3,TTT,Yes,No,
TCTTCGGTGCATGGTACGTGT,21,1,52.4,2,TT,Yes,No,
GTGTATTTTGATGGTTCTAAG,21,1,33.3,4,TTTT,Yes,No,
AAGAATAAGTCGCCGCCGAGG,21,1,57.1,2,AA,Yes,No,
TGTCAGTAGGAGAGGCGAAAG,21,1,52.4,3,AAA,No,Yes,TAG
AATTAAAAGAGTCGGACTCCG,21,1,42.9,4,AAAA,No,Yes,TAA
GGGGGGGTTGGATGATAGGGGG,22,1,68.2,7,GGGGGGG,NA,NA,NA
ATGAGGGATTAGGCTATTAAT,21,1,33.3,3,GGG,Yes,Yes,TAG
AAGAGTTATATTGCTTCGACG,21,1,38.1,2,AA,Yes,No,
CGTGCTATTGTGAAGCCTAGG,21,1,52.4,2,TT,Yes,No,
ATTAGGAGGCAGACGGGGGAT,21,1,57.1,5,GGGGG,Yes,No,
CCTGATAGGCGTTGTAAGATT,21,1,42.9,2,CC,Yes,No,
TGGCATGTTATGTGTCAGGTG,21,1,47.6,2,GG,Yes,No,
GCTGAGGATTTTTCGTTGAAG,21,1,42.9,5,TTTTT,Yes,No,
CATTTTTATTCGTGGTTGGGG,21,1,42.9,5,TTTTT,Yes,No,
TAGTTTGACGTCCGTAGTAT,20,1,40.0,3,TTT,NA,NA,NA
GAGACGACTGCTCCGATGTTG,21,1,57.1,2,CC,Yes,No,
CCTGTGAGTTTTTCTAAGGTT,21,1,38.1,5,TTTTT,Yes,No,
TCTCTTATTGTTTGTCAGCCG,21,1,42.9,3,TTT,Yes,No,
TATACTTCGACGGTTACTTCG,21,1,42.9,2,TT,Yes,No,
AGGTTTTGGACAATTGTTTCGT,22,1,36.4,4,TTTT,NA,NA,NA
ACTAAGATTCAGGATAAGTAT,21,1,28.6,2,AA,Yes,No,
GATGAGCCGCTGATGTGGGTT,21,1,57.1,3,GGG,Yes,No,
AATCTGAAGCCTCCGAATTAT,21,1,38.1,2,AA,Yes,No,
ACTACTAATTCTATTATGACG,21,1,28.6,2,AA,Yes,No,
CAGCCGGGGCTTCTTAATCAG,21,1,57.1,4,GGGG,Yes,No,
ACGAGGGCTTGTTTGTAGCCG,21,1,57.1,3,GGG,Yes,Yes,TAG
CATAAGGTGTATGATATTAAT,21,1,23.8,2,AA,Yes,No,
ATTGATTAGTATAAGTTTCGG,21,1,28.6,3,TTT,Yes,Yes,TAG
TTGTATCTGTTGCAGACTTTT,21,1,33.3,4,TTTT,Yes,No,
TATAATGGTCCGCAGTCGAAT,21,1,42.9,2,AA,Yes,No,
AGGTATATGGATATTCCGGAT,21,1,38.1,2,GG,Yes,No,
ACTTCTGCGGATTCGGATCAT,21,1,47.6,2,TT,Yes,No,
GTGGAGAATAAGCGTTGGTCG,21,1,52.4,2,GG,Yes,No,
CGTCAGTCGAAGTATTGGATG,21,1,47.6,2,AA,Yes,No,
ATTTATTGTATTGATAGGACT,21,1,23.8,3,TTT,Yes,No,
AAGACTATTAGGGATGCGCGT,21,1,47.6,3,GGG,Yes,No,
ATGCCGGCGACGCTTAAGTAT,21,1,52.4,2,CC,Yes,No,
AATCATCAGGATGAGGGTAGT,21,1,42.9,3,GGG,Yes,No,
GTTGAGCAGATTTAGATGCAT,21,1,38.1,3,TTT,Yes,Yes,TAG
GAGGGGCAGAAGCTTTATCTG,21,1,52.4,4,GGGG,Yes,No,
TGTATGGCTAGGAGTAAGTCT,21,1,42.9,2,GG,Yes,No,
CCGTAGAGTAATACTAAGCAT,21,1,38.1,2,CC,Yes,Yes,TAG
AATAAGTAGAGTCATTCTA,19,1,26.3,2,AA,NA,NA,NA
TGTAGGCAGCTGTATCCTTAT,21,1,42.9,2,GG,Yes,No,
GCTTGGACTGATCAGACTCCT,21,1,52.4,2,TT,Yes,No,
TTTAATCTTTAGAGTGAGATT,21,1,23.8,3,TTT,Yes,Yes,TAG
GCTGCGCATAAGTATATTATG,21,1,38.1,2,AA,Yes,No,
TGGTAAGGTTTATGCTTCAAGGATT,25,1,36.0,3,TTT,NA,NA,NA
TTGGCGAATATTTATTCTAGT,21,1,28.6,3,TTT,Yes,No,
ATGTATATTTTTTGTCAGTAG,21,1,23.8,6,TTTTTT,Yes,Yes,TAG
CGGGGTCATCGGTATCGTGGG,21,1,66.7,4,GGGG,Yes,No,
AATAAGTCTCATTGTAATAGT,21,1,23.8,2,AA,Yes,No,
CAGGTTTAGAATCAGCAGATG,21,1,42.9,3,TTT,Yes,Yes,TAG
CTGGCGGGTTATAATGGGCCT,21,1,57.1,3,GGG,Yes,No,
TTTGAGCATGAGGTGAATAGT,21,1,38.1,3,TTT,Yes,No,
TATGGGTTTAGGTTTTCGTCG,21,1,42.9,4,TTTT,Yes,No,
TCTTCTAATTGGACTAATACT,21,1,28.6,2,TT,Yes,No,
TGTAATTGTTCTAATTCGGCT,21,1,33.3,2,AA,Yes,No,
ACTAAGCTTACTCCGGCTAAT,21,1,42.9,2,AA,Yes,No,
CCTTAGAAGATGTATGGGTGT,21,1,42.9,3,GGG,Yes,Yes,TAG
TATCGTTCGTATAGGCCGCTG,21,1,52.4,2,TT,Yes,No,
CGTGTTGTTCATGCGCTGATT,21,1,47.6,2,TT,Yes,No,
GATAAGGCTTAGGCTAATTAG,21,1,38.1,2,AA,Yes,Yes,"TAG,TAG"
CGTCCTTTGAATTGTTCTATT,21,1,33.3,3,TTT,Yes,No,
TTGACGAATATTTCGGTTAAG,21,1,33.3,3,TTT,Yes,No,
AATGCTATTATTGAGATGGAT,21,1,28.6,2,AA,Yes,No,
CTTAGTAATCCGATGAAGACG,21,1,42.9,2,TT,Yes,No,
CATTTGAATAGGGCTATTCAG,21,1,38.1,3,TTT,Yes,No,
GCTAGTCGGAGTCGTCATTTT,21,1,47.6,4,TTTT,Yes,No,
AAGATGTTTGTTCAGGAGCAG,21,1,42.9,3,TTT,Yes,No,
AGTGTTGATCTGGCTAGCCG,20,1,55.0,2,TT,NA,NA,NA
CCTTATACTAGGCGTATTATT,21,1,33.3,2,CC,Yes,No,
TTTCCTGTTGAGTCTAAGACG,21,1,42.9,3,TTT,Yes,No,
TGTATTCGTTGGCAGTATGAT,21,1,38.1,2,TT,Yes,No,
CGGACTCCTACGCTGAGGCCT,21,1,66.7,2,GG,Yes,No,
TTTGAGCATCCGTTTGCGGTT,21,1,47.6,3,TTT,Yes,No,
AATCGGTATCCGAGGGATTCT,21,1,47.6,3,GGG,Yes,No,
CTTTTGAAGATTCCTCGGTCT,21,1,42.9,4,TTTT,Yes,No,
TAGCCTTTGCTGCCTCATGTT,21,1,47.6,3,TTT,Yes,Yes,TAG
CCGCAGTGTTATAATTTGAAT,21,1,33.3,3,TTT,Yes,No,
CGGGAGGTTAAGAGTTTTCTT,21,1,42.9,4,TTTT,Yes,No,
AATCCGAAGCCTCATAAGATT,21,1,38.1,2,AA,Yes,No,
CCGTAGCCTGCTGTTAATAGG,21,1,52.4,2,CC,Yes,Yes,TAG
ACTGGTATGACGCAGATTATG,21,1,42.9,2,GG,Yes,No,
TTTCTTAGTATTTTGGTTCCT,21,1,28.6,4,TTTT,Yes,No,
CAGAAGCAGCGTTGTCATGAT,21,1,47.6,2,AA,Yes,No,
CTGCAGATGGGGACGAATAAG,21,1,52.4,4,GGGG,Yes,No,
GATACTCCTGGTAGTCATAAG,21,1,42.9,2,CC,Yes,No,
ACGGTTAGGATGGTTGTTTAT,21,1,38.1,3,TTT,Yes,No,
AGTGATCTTTTGTGTAATCTG,21,1,33.3,4,TTTT,Yes,No,
TCGTTGATTGTGCCTGGTGGG,21,1,57.1,3,GGG,Yes,No,
GAGTTGCATAATTCGTGGATG,21,1,42.9,2,TT,Yes,No,
CTTTGTATGAAGCTGAATACT,21,1,33.3,3,TTT,Yes,No,
GGTCTTGTGTGGGATAGTTCT,21,1,47.6,3,GGG,Yes,No,
GCTTAGCGGATTGAGGTTTCAG,22,1,50.0,3,TTT,NA,NA,NA
ATTGATATTGATGCTACGCAT,21,1,33.3,2,TT,Yes,No,
CGTTTGTATGATTATCGTCTT,21,1,33.3,3,TTT,Yes,No,
GCGCGTCCGCATTATTAGGAT,21,1,52.4,2,CC,Yes,Yes,TAG
CAGGAGTGTCATAATAGTCAT,21,1,38.1,2,GG,Yes,No,
GCTTATAGTATTTTGCTAATG,21,1,28.6,4,TTTT,No,No,
ACGGCTCATCCGAGGCTGGCG,21,1,71.4,2,GG,Yes,No,
CCTAGGCTGCATTCGTATGGT,21,1,52.4,2,CC,Yes,No,
ACGAATGATTCGAGTGGGAAT,21,1,42.9,3,GGG,Yes,No,
CGTGATACTCATACGACTTAG,21,1,42.9,2,TT,Yes,Yes,TAG
TGGTCTAGGTAGAATAGTGTT,21,1,38.1,2,GG,Yes,Yes,TAG
CGGACGAGTTATACGTATATT,21,1,38.1,2,GG,Yes,No,
ATTAGGATTAATGAGTTTACG,21,1,28.6,3,TTT,Yes,No,
TTTCCTCCGTGTGATAATCCT,21,1,42.9,3,TTT,Yes,No,
AGTGATATGCATTTTTGGCAT,21,1,33.3,5,TTTTT,Yes,No,
ATGGTCGCATTTGGTTCATACG,22,1,45.5,3,TTT,NA,NA,NA
GGGCTGCCTCAGGCGATGAAT,21,1,61.9,3,GGG,Yes,No,
ACTGATTTTCGTCCGTATGGT,21,1,42.9,4,TTTT,Yes,No,
GATATGGATCATGGGAATATT,21,1,33.3,3,GGG,Yes,No,
CCTGGTATGTTTAATTAGCGT,21,1,38.1,3,TTT,Yes,Yes,TAG
TGTACTAAGGCTCGTACTCGG,21,1,52.4,2,AA,Yes,No,
TCTTAGAATGTTACTATTTAT,21,1,19.0,3,TTT,Yes,Yes,TAG
GAGGGCGGGAGCTGTTTCCT,20,1,65.0,3,GGG,NA,NA,NA
CGGGCTAATAGGGTTTAGACT,21,1,47.6,3,GGG,Yes,Yes,TAG
TCTGAGATGGGGGATGCTGTT,21,1,52.4,5,GGGGG,Yes,No,
CCGACGCTCGCGGTAGACTCAT,22,1,63.6,2,CC,NA,NA,NA
GGAATAGTTATTGTTATAGT,20,1,25.0,2,GG,NA,NA,NA
CCTGAGATGCGGTTGCTGTGT,21,1,57.1,2,CC,Yes,No,
AGGTATATTGTTTTGAATTAT,21,1,19.0,4,TTTT,Yes,No,
AAGTGGGATTGTATTATTATG,21,1,28.6,3,GGG,Yes,No,
CTGCTTCATAGGTGTGTTACT,21,1,42.9,2,TT,Yes,No,
GATTTGGACGCGGAATCTGTCG,22,1,54.5,3,TTT,NA,NA,NA
CCTTATTTTCTTGGTTCGTAT,21,1,33.3,4,TTTT,Yes,No,
CTTATTACTTCTGTGGAGATG,21,1,38.1,2,TT,Yes,No,
TAGATGAGGATGAAGCATGGG,21,1,47.6,3,GGG,Yes,Yes,TAG
TCGTCTAAGCATACTGGGGCT,21,1,52.4,4,GGGG,Yes,No,
TATCGGTTTAGGCTTTCGAGT,21,1,42.9,3,TTT,Yes,No,
TATAATCGTTATAGTCCGTAG,21,1,33.3,2,AA,Yes,Yes,TAG
ATTCGGTAGACTAGGAAGACG,21,1,47.6,2,TT,Yes,Yes,TAG
CTGAAGATGAGGTATGATAAT,21,1,33.3,2,AA,Yes,No,
CGGATGTCTAATGCTTGGGAG,21,1,52.4,3,GGG,Yes,No,
AAGTTGTGTAGTGTGTTTTCT,21,1,33.3,4,TTTT,Yes,No,
ACGTGTTTTATGCCGGTTCAT,21,1,42.9,4,TTTT,Yes,No,
CTTTTTACTCATGTTTTTGCT,21,1,28.6,5,TTTTT,Yes,No,
CCTTGTCGGACTTGGACT,18,1,55.6,2,CC,NA,NA,NA
GCTTATTCGGGGTAGGATAAT,21,1,42.9,4,GGGG,Yes,Yes,TAG
CGGAATTAGCAGGTGCTTCTG,21,1,52.4,2,GG,Yes,Yes,TAG
ATTATGGGGCTTGGTACGAAG,21,1,47.6,4,GGGG,Yes,No,
TAGTCGCAGCGGTGGCCGCGT,21,1,71.4,2,GG,Yes,Yes,TAG
TCTGCGAATCTGCTTCTGACT,21,1,47.6,2,AA,Yes,No,
GATTGGCATGTTTCGAATTGT,21,1,38.1,3,TTT,Yes,No,
CTTAGTCAGTCTCATATTGGG,21,1,42.9,3,GGG,Yes,No,
CTTCGGGTTAATCATGGGAGT,21,1,47.6,3,GGG,Yes,No,
TCTATTAGTCATACTCGTACT,21,1,33.3,2,TT,Yes,No,
AGGCTTGTTGTTACGTGGCGG,21,1,57.1,2,GG,Yes,No,
GAGTATTATGATGATCTTGTT,21,1,28.6,2,TT,Yes,No,
TAGCCTTAGGGGTCTTATTAT,21,1,38.1,4,GGGG,Yes,Yes,"TAG,TAG"
TCTACGCATTGGGATTATACT,21,1,38.1,3,GGG,Yes,No,
TGGACGGATATTTGTTGGGCT,21,1,47.6,3,TTT,Yes,No,
ATGGTTACTCGTCGTGCTACT,21,1,47.6,2,GG,Yes,No,
TCTGGTAGGACTCCGCTTTCT,21,1,52.4,3,TTT,Yes,No,
CGTTGGACGGTGTATCTTTAT,21,1,42.9,3,TTT,Yes,No,
GTTGATACGTTTCATTGTCAT,21,1,33.3,3,TTT,Yes,No,
CTGCGTGTGGATTATAAGAGT,21,1,42.9,2,GG,Yes,No,
TTTTAGACTAGGGCTGGTAAT,21,1,38.1,4,TTTT,Yes,Yes,TAG
TGTACTCATTAGGCTACGTAG,21,1,42.9,2,TT,Yes,Yes,"TAG,TAG"
GAGTCGAGGAATTCTGGGCTT,21,1,52.4,3,GGG,Yes,No,
CCGATGTGTGCGAATACTGAT,21,1,47.6,2,CC,Yes,No,
ATGCGGTCTGTTTTGTCGTAG,21,1,47.6,4,TTTT,Yes,Yes,TAG
CTGGTTGTGTATATTTTTATT,21,1,23.8,5,TTTTT,Yes,No,
CGGACTTAGAGTGTGTATAAT,21,1,38.1,2,GG,Yes,Yes,TAG
CGGAATGTTATGAATTGGTAT,21,1,33.3,2,GG,Yes,No,
GCTATTTAGAGGGAGTAGGGT,21,1,47.6,3,TTT,Yes,Yes,"TAG,TAG"
CGGACTTTTCATTAGCTCAT,20,1,40.0,4,TTTT,NA,NA,NA
ACTAGGTGTTATGGATGAAGCTG,23,1,43.5,2,GG,NA,NA,NA
CTAGGGTTCAGGATTTGTAT,20,1,40.0,3,GGG,NA,NA,NA
GCTAAGAGGTCGCTTGGTTCT,21,1,52.4,2,AA,Yes,No,
TCTAGTTCGGGGAGTACGAGT,21,1,52.4,4,GGGG,Yes,No,
TAGATTTATACTTGGACTCGT,21,1,33.3,3,TTT,Yes,Yes,TAG
CTGATTCCTTGGACTTCGATT,21,1,42.9,2,TT,Yes,No,
TCGTCGCCGGATATGTTGGCG,21,1,61.9,2,CC,Yes,No,
AAGTGTCTTGCTACGCGGCGT,21,1,57.1,2,AA,Yes,No,
ATTTTGGCTTGGAAGAGGAGT,21,1,42.9,4,TTTT,Yes,No,
AGTACTATTTCGCTTAATCGG,21,1,38.1,3,TTT,Yes,No,
TATGCTAAGACTCCTGAGTGG,21,1,47.6,2,AA,Yes,No,
TTGATGTCGGAGCTGATTACT,21,1,42.9,2,TT,Yes,No,
TAGAATAAGTATCGGAATTAT,21,1,23.8,2,AA,Yes,Yes,TAG
CCTATTCTTGTGGTGTCTCAT,21,1,42.9,2,CC,Yes,No,
ACGCCGAGTTTGCCTTTTAAT,21,1,42.9,4,TTTT,Yes,No,
AGTGTTATGGATACTTGTAATG,22,1,31.8,2,TT,NA,NA,NA
AGGATGTCTTCTTAGTTGTAG,21,1,38.1,2,GG,Yes,Yes,"TAG,TAG"
CATACGCCGACTTCTTAGATG,21,1,47.6,2,CC,Yes,Yes,TAG
GGGTCTAGGTTGAATACGTTG,21,1,47.6,3,GGG,Yes,No,
TTTCATATGTCTTTGTGGAGT,21,1,33.3,3,TTT,Yes,No,
TATTCGGTTCTTAAGACTTTT,21,1,28.6,4,TTTT,Yes,No,
GTGTAGCAGCTTCGTTATGTT,21,1,42.9,2,TT,Yes,Yes,TAG
GATAATTCGATGACTTATACG,21,1,33.3,2,AA,Yes,No,
ATTTCGTTTCGTGATGTGATT,21,1,33.3,3,TTT,Yes,No,
AATTGTAATACTGAGGGTCTT,21,1,33.3,3,GGG,Yes,No,
CATAAGGGTTTGGCGCCGAGG,21,1,61.9,3,GGG,Yes,No,
GCTTGGAGTAATGAGAATGTG,21,1,42.9,2,TT,Yes,No,
CCTGAGCGTTATCATTAGCAG,21,1,47.6,2,CC,Yes,Yes,TAG
CATCGGAGGGATTTTCTG,18,1,50.0,4,TTTT,NA,NA,NA
CTTTATATTAATACTGGTTAG,21,1,23.8,3,TTT,Yes,Yes,TAG
ATTGTTATTTCTTTGGATAGG,21,1,28.6,3,TTT,Yes,No,
AGGTATAGTTTGTCGCTTCAT,21,1,38.1,3,TTT,Yes,No,
AGTGATGAGAATACTACGTAG,21,1,38.1,2,AA,Yes,Yes,TAG
TTTGGTTCTATTTAGAATTGT,21,1,23.8,3,TTT,Yes,Yes,TAG
CTTGTTACGCATGCGTAGTAT,21,1,42.9,2,TT,Yes,Yes,TAG
AAGAATTAGGCGAAGAGTACT,21,1,38.1,2,AA,Yes,Yes,TAG
TCTGATGAGAGTGCGTTTATG,21,1,42.9,3,TTT,Yes,No,
TCGTTTCAATGG,12,1,41.7,3,TTT,NA,NA,NA
ATGAATTTTAATTTTAAGGTG,21,1,19.0,4,TTTT,Yes,No,
GAGAGTAGTTATTCGGATTAG,21,1,38.1,2,TT,Yes,Yes,TAG
CGGCAGAGGAAGACGCTTTTT,21,1,52.4,5,TTTTT,Yes,No,
AATGTTTCTAATGCGCGTGTG,21,1,42.9,3,TTT,Yes,No,
TAGCTTAAGCAGACTGTTAGT,21,1,38.1,2,TT,Yes,Yes,TAG
ACTAGTATGTATATGAGTCCT,21,1,33.3,2,CC,Yes,No,
TGTATTGATACGACGTAGAAT,21,1,33.3,2,TT,Yes,Yes,TAG
TGTGGGATGCAGACGGATTGT,21,1,52.4,3,GGG,Yes,No,
AAGCGTCATCCGCATCGTAAT,21,1,47.6,2,AA,Yes,No,
CATAGTGAGGTGCTGCCGTTT,21,1,52.4,3,TTT,Yes,No,
CATAGTGAGGTGCTGCCGTTG,21,1,57.1,2,GG,Yes,No,
ATTTGTTGCTCTGTTTTAG,19,1,31.6,4,TTTT,NA,NA,NA
CTTTCTATGTAGAACACGGTTTC,23,1,39.1,3,TTT,NA,NA,NA
AGTGTTCCGACTATTTATACT,21,1,33.3,3,TTT,Yes,No,
AGTCTTAAGGATATGGTTACG,21,1,38.1,2,TT,Yes,No,
TCTGAGAGTGATCGGTGTAAG,21,1,47.6,2,GG,Yes,No,
ACTGATCTGCATTATATGATG,21,1,33.3,2,TT,Yes,No,
ATTAGGACTCATCTTTTTCAT,21,1,28.6,5,TTTTT,Yes,No,
TTGGTTTGTCAGAATACTCTG,21,1,38.1,3,TTT,Yes,No,
CCTAATTGTATTGTGTCTCTT,21,1,33.3,2,CC,Yes,No,
CGGATTTAGCATATTATGCAG,21,1,38.1,3,TTT,Yes,Yes,TAG
AGGACGGCTGTTATTAGGTGG,21,1,52.4,2,GG,Yes,No,
ATTCCTCTTAAGATTAGTGAT,21,1,28.6,2,TT,Yes,No,
CTTATTCTGAATAATTCGATT,21,1,23.8,2,TT,Yes,No,
ATTACGTTTCGGGAGAGTAAT,21,1,38.1,3,TTT,Yes,No,
CGTAGTTCGTCTGCTAATACT,21,1,42.9,2,TT,Yes,No,
TGGGATACTGAGCATCATCCG,21,1,52.4,3,GGG,Yes,No,
ACGACGAATCTTTCGTGTAGG,21,1,47.6,3,TTT,Yes,No,
CATATTAGGATGTGTGAGCAT,21,1,38.1,2,TT,Yes,No,
AGTCTGAATATGTTGGAGCGG,21,1,47.6,2,AA,Yes,No,
CCTCAGGATGTTAAGTTGTGG,21,1,47.6,2,CC,Yes,No,
TTTGCTGGTAGTCTTAGGTCT,21,1,42.9,3,TTT,Yes,No,
CATGTTGGTATGTTTAGTATG,21,1,33.3,3,TTT,Yes,No,
ACTTTTCTGAATTAGAATTCG,21,1,28.6,4,TTTT,Yes,Yes,TAG
ACTTGTGGGTATCCGCGTAAG,21,1,52.4,3,GGG,Yes,No,
TGTTGTGTGCCTTCTGGGCTT,21,1,52.4,3,GGG,Yes,No,
CATTATAATAATTGTGCTGAT,21,1,23.8,2,TT,Yes,No,
TTTAGTTGTGCGTGTCGGGGT,21,1,52.4,4,GGGG,Yes,No,
ACGGTTTTGCTGATTATTAAG,21,1,33.3,4,TTTT,Yes,No,
CATTTGTCTATTCTGACTACT,21,1,33.3,3,TTT,Yes,No,
TGTAGTGTGTGGTAGACGAGT,21,1,47.6,2,GG,Yes,Yes,TAG
ATGAGGTGGGAGGGGCTGCT,20,1,65.0,4,GGGG,NA,NA,NA
CCGTAGATTCGGGGGCTGCTT,21,1,61.9,5,GGGGG,Yes,Yes,TAG
CCTGGTCATGTTGGTTTGAGT,21,1,47.6,3,TTT,Yes,No,
ATTCTTATTTATGAGATGTCT,21,1,23.8,3,TTT,Yes,No,
ACGATGCTTATGGGTCTTGGG,21,1,52.4,3,GGG,Yes,No,
GTTGGGTCTGGTCTGGTGGTT,21,1,57.1,3,GGG,Yes,No,
CGTACGCAGGTGTTTAAGAGG,21,1,52.4,3,TTT,Yes,No,
AGTGATCCTTTGGCGCGGTGG,21,1,61.9,3,TTT,Yes,No,
CTTAGTTCGAAGCATACTACG,21,1,42.9,2,TT,Yes,No,
GTGTCTCCTAAGGCGCCTTTT,21,1,52.4,4,TTTT,Yes,No,
CAGTTTTTGGATATGTTTCGG,21,1,38.1,5,TTTTT,Yes,No,
TCTGATCTGGAGTCTCCGCAT,21,1,52.4,2,GG,Yes,No,
TCTGAGCGGACGCTTAGTGAG,21,1,57.1,2,GG,Yes,No,
ACTCGTAGGTTTGGTGGGAAT,21,1,47.6,3,TTT,Yes,No,
AGGCATCGTAATTATAATGTT,21,1,28.6,2,GG,Yes,No,
CGTTCGCTGACTTATGGTGGAG,22,1,54.5,2,TT,NA,NA,NA
TAGTTTGAGTGGGATGAGTAT,21,1,38.1,3,TTT,Yes,Yes,TAG
ACGCTGTTGCATTCTCCGCTG,21,1,57.1,2,TT,Yes,No,
GGGACTTGTACTGAGTCGCTG,21,1,57.1,3,GGG,Yes,No,
AGTGTTTCTAGTCATTATTCT,21,1,28.6,3,TTT,Yes,No,
CGTCTGGGGTGTTTTTTTAAT,21,1,38.1,7,TTTTTTT,Yes,No,
CTGACGCAGTCGGAGGGTATG,21,1,61.9,3,GGG,Yes,No,
AGGGCGGATTGGTCCTAATATG,22,1,50.0,3,GGG,NA,NA,NA
TCTAGGGTTGTTAGTGCGCTT,21,1,47.6,3,GGG,Yes,No,
TTTTTTTATCGTTAGGCGGTT,21,1,33.3,7,TTTTTTT,Yes,Yes,TAG
CCTTCTAGCTTATGTAGGAT,20,1,40.0,2,CC,NA,NA,NA
GTTGATCAGCATACTTAGTGG,21,1,42.9,2,TT,Yes,Yes,TAG
TATTATCGTTAGCATCAGTGT,21,1,33.3,2,TT,Yes,Yes,TAG
ATTGTGGCGGTTATGTTTTAG,21,1,38.1,4,TTTT,Yes,Yes,TAG
TTGACTAATGGTCTTTCGTTG,21,1,38.1,3,TTT,Yes,No,
GAGCATATTGCTAGTCGTTTT,21,1,38.1,4,TTTT,Yes,No,
TTGCGTTATTATCATAAGAAG,21,1,28.6,2,TT,Yes,No,
TATGGGACGAAGACGCAGAGT,21,1,52.4,3,GGG,Yes,No,
AGGTATCTTTAGCGTTATTAG,21,1,33.3,3,TTT,Yes,Yes,"TAG,TAG"
AAGGTTTGTTATAAGTTGTCT,21,1,28.6,3,TTT,Yes,No,
CGTACTCTGTTGACGTATAAT,21,1,38.1,2,TT,Yes,No,
TGTGTTATTCGTCACTGTA,19,1,36.8,2,TT,NA,NA,NA
GGGTTTCAGCTTGCTTATAAT,21,1,38.1,3,GGG,Yes,No,
CGTTGTTTGCATAGTCGGCTG,21,1,52.4,3,TTT,Yes,No,
CTTCATGTTTAGAGGGCGACG,21,1,52.4,3,TTT,Yes,Yes,TAG
AGTATTTGGAAGAATAGTACT,21,1,28.6,3,TTT,Yes,No,
TGTGATGTGTATATGATTACG,21,1,33.3,2,TT,Yes,No,
CAGTTTCTTGTTCTGTATCGTACT,24,1,37.5,3,TTT,NA,NA,NA
ACGTTGGCGCATATGCCTCTT,21,1,52.4,2,TT,Yes,No,
CTTTGTTTTAGAAGACGTTT,20,1,30.0,4,TTTT,NA,NA,NA
CCGGCTGAGTTTGCGTAGGCT,21,1,61.9,3,TTT,Yes,Yes,TAG
CAGTATTATGTGGAGCTTAAG,21,1,38.1,2,TT,Yes,No,
CAGTGTTATCTGGAGCTTAAG,21,1,42.9,2,TT,Yes,No,
ATTTGTTCTATTCTGATTATT,21,1,19.0,3,TTT,Yes,No,
CTTACGGCTGGTGATTGAG,19,1,52.6,2,TT,NA,NA,NA
TATCAGCCTACTCGTCATTGA,21,1,42.9,2,CC,No,Yes,TGA
CGGGTGTCGGATAAGTCGGTT,21,1,57.1,3,GGG,Yes,No,
CCTACTTTTAAGCCGAATACG,21,1,42.9,4,TTTT,Yes,No,
CTGATTTATCGTATTAAGCGT,21,1,33.3,3,TTT,Yes,No,
CAGGCGTTGGCTCAGGATAAT,21,1,52.4,2,GG,Yes,No,
CCGAGGGCGTATAGTATGGGT,21,1,57.1,3,GGG,Yes,No,
CCGAGGGCGTATAGATGGGT,20,1,60.0,3,GGG,NA,NA,NA
AATATGAATGTGGAGGTGCTG,21,1,42.9,2,AA,Yes,No,
GCTAATGAGCTTTCGAATCAT,21,1,38.1,3,TTT,Yes,No,
CAGGGGTGGTAGAAGTATGGG,21,1,57.1,4,GGGG,Yes,Yes,TAG
ACGTATTCGGCTTCGAAGTTT,21,1,42.9,3,TTT,Yes,No,
CATTGTTAGAATCAGTATAGG,21,1,33.3,2,TT,Yes,Yes,TAG
CAGACGCGTCGTCTGAAGCGT,21,1,61.9,2,AA,Yes,No,
TGTACGCAGCTTGATCAGCGG,21,1,57.1,2,TT,Yes,No,
ATTACGCGTTTTCGTTTTTCT,21,1,33.3,5,TTTTT,Yes,No,
AGGCTTTATCATGAGCGTTAT,21,1,38.1,3,TTT,Yes,No,
TTGAAGTTTTTGTGTATGGTG,21,1,33.3,5,TTTTT,Yes,No,
TTGACTGCGGTGAAGAAGTAT,21,1,42.9,2,TT,Yes,No,
AGGAAGAGGCATCTGGGTGTT,21,1,52.4,3,GGG,Yes,No,
GTTTCGCTGGCTACGGCTGTT,21,1,57.1,3,TTT,Yes,No,
AAGTATTATATTGGGATTAAG,21,1,23.8,3,GGG,Yes,No,
GGTTACACATGGCGGCTG,18,1,61.1,2,GG,NA,NA,NA
AGTTTTTATTTTTAGTTGGGG,21,1,28.6,5,TTTTT,Yes,Yes,TAG
CCTGCGCAGAATTGTGTGATT,21,1,47.6,2,CC,Yes,No,
GTGAAGTTTTATGGTTGTGCG,21,1,42.9,4,TTTT,Yes,No,
CATATGCATCTTTTGCTTTGG,21,1,38.1,4,TTTT,Yes,No,
TTGTTTAGGACTTGTAATTAT,21,1,23.8,3,TTT,Yes,No,
GTTATTCGGTAGATTTCTCAG,21,1,38.1,3,TTT,Yes,Yes,TAG
ACTACGGAGCAGGATACTCCT,21,1,52.4,2,GG,Yes,No,
GAGAGGCATACGATTAATTAT,21,1,33.3,2,GG,Yes,No,
CTTTATTGGATGCCTATGCCG,21,1,47.6,3,TTT,Yes,No,
AATCGGCATAATTCTGGTAAT,21,1,33.3,2,AA,Yes,No,
CTGAGGTTTAGGTCTTGGCCT,21,1,52.4,3,TTT,Yes,No,
CCGACGATGCATGGTGTTCAT,21,1,52.4,2,CC,Yes,No,
ATTCCGCGTGAGTATAAGTCG,21,1,47.6,2,TT,Yes,No,
TTTATTATGAAGCAGAATATG,21,1,23.8,3,TTT,Yes,No,
CTGCAGATTGCTAAGAGGTAT,21,1,42.9,2,TT,Yes,No,
TAGGAGTAGAGTACTAATCTG,21,1,38.1,2,GG,Yes,Yes,"TAG,TAG"
AAGGCTGATATGTTTTATCAG,21,1,33.3,4,TTTT,Yes,No,
CTTAGTGGTGGGCGTACTGTT,21,1,52.4,3,GGG,Yes,No,
GTTTTTTTTTATTGTACGACG,21,1,28.6,9,TTTTTTTTT,Yes,No,
ACGCATGATAGTGTGACGGTG,21,1,52.4,2,GG,Yes,No,
CCTGCTAAGTCGACTTATTAG,21,1,42.9,2,CC,Yes,Yes,TAG
TCGAATACTCTTAGGGGGAAT,21,1,42.9,5,GGGGG,Yes,No,
GTTTAGACGGTGATGCGGGCG,21,1,61.9,3,TTT,Yes,Yes,TAG
ACTAAGGCTATTAATTATCTT,21,1,23.8,2,AA,Yes,No,
GCTCATAATAAGGGGATGTAG,21,1,42.9,4,GGGG,Yes,Yes,TAG
CTGTCGACTCTTAGTGCGTAT,21,1,47.6,2,TT,Yes,No,
AATACTGATAGTACTAAGTAG,21,1,28.6,2,AA,Yes,Yes,TAG
TGGACTTATTTTGAGGCGGGT,21,1,47.6,4,TTTT,Yes,No,
GGTCATCAGACGATTGCGCTT,21,1,52.4,2,GG,Yes,No,
CATCATTTTATTGGGGAGCGG,21,1,47.6,4,TTTT,Yes,No,
CAGGCTCCTATGCGTTTTTTG,21,1,47.6,6,TTTTTT,Yes,No,
ACGGAGACGACTTAGCCGAAG,21,1,57.1,2,GG,Yes,Yes,TAG
TTTTTTATGCCTGCGGATATG,21,1,38.1,6,TTTTTT,Yes,No,
CCGCCTGATTGTCCTGCTACT,21,1,57.1,2,CC,Yes,No,
TAGCAGGCGCCGGAGGGGATG,21,1,71.4,4,GGGG,Yes,Yes,TAG
ATTCGGGTTCAGACTACTGGT,21,1,47.6,3,GGG,Yes,No,
CCGCTTAATAAGACGCATAGT,21,1,42.9,2,CC,Yes,No,
CGTTATAATGTTGCTAAGATT,21,1,28.6,2,TT,Yes,No,
GGTTTGCATGTCAGCATATA,20,1,40.0,3,TTT,NA,NA,NA
GCTTAGCAGCTTCAGGTTACT,21,1,47.6,2,TT,Yes,Yes,TAG
GATAATGATGGTTCTATGGAT,21,1,33.3,2,AA,Yes,No,
GGTCCTAATGTGATGAGTCTT,21,1,42.9,2,GG,Yes,No,
TGTGGGAATGTGCGTATGACG,21,1,52.4,3,GGG,Yes,No,
TGGCTTTATGCGAAGCATCCT,21,1,47.6,3,TTT,Yes,No,
TATGGTAAGATTCATAGGATG,21,1,33.3,2,GG,Yes,No,
TATATTCGGAAGAAGTATAAG,21,1,28.6,2,TT,Yes,No,
TTTGCTTAGCGTACGTCGAAT,21,1,42.9,3,TTT,Yes,Yes,TAG
CAGTTTATTTTGCGGTCGTTG,21,1,42.9,4,TTTT,Yes,No,
ACTATGGATTATGTGACTGCT,21,1,38.1,2,GG,Yes,No,
TATCTGGCTGATCCTAGGTTG,21,1,47.6,2,GG,Yes,No,
GAGACTAAGATGAAGCAGAGG,21,1,47.6,2,AA,Yes,No,
CGTCATGGGTATGATGGTTGG,21,1,52.4,3,GGG,Yes,No,
CAGAATAATGACCGAGGAATCAT,23,1,39.1,2,AA,NA,NA,NA
AAGAGTAGGAATTTGCTTGCG,21,1,42.9,3,TTT,Yes,No,
AATATGTTTAGGAGTAAGACG,21,1,33.3,3,TTT,Yes,No,
CTGCCGCAGTTGCTTTATAAT,21,1,42.9,3,TTT,Yes,No,
AGTCCGCTTTATTATCATCCG,21,1,42.9,3,TTT,Yes,No,
CATCTGTTTTCGTCTAATGGT,21,1,38.1,4,TTTT,Yes,No,
TGTACGCTGCCTTCGTCTGAT,21,1,52.4,2,CC,Yes,No,
AAGGTTGTTCATGGTCCTAGT,21,1,42.9,2,AA,Yes,No,
GATCAGACTATTTATCTTTGG,21,1,33.3,3,TTT,Yes,No,
AAGTCTCGTGCTACTACTGTT,21,1,42.9,2,AA,Yes,No,
ATGCTTTTGTTTGTGACACTT,21,1,33.3,4,TTTT,No,No,
ATGCTTTTGTTTGTGACGCTT,21,1,38.1,4,TTTT,Yes,No,
ACTCAGTATTGGACGTATATG,21,1,38.1,2,TT,Yes,No,
TTGATGGGTTCGACGTCGTAT,21,1,47.6,3,GGG,Yes,No,
GTGTCGTTGCATCTTTGGTAT,21,1,42.9,3,TTT,Yes,No,
ACGTGTATGAATGTTTTTATT,21,1,23.8,5,TTTTT,Yes,No,
GTGCATCATAATAGGAGGAGT,21,1,42.9,2,AA,Yes,No,
GGTGAGCGGTATTTTAGTTGT,21,1,42.9,4,TTTT,Yes,No,
AGTTGGTATGATTATATGATT,21,1,23.8,2,TT,Yes,No,
CGTCCGGCGGAGACGAGTGAG,21,1,71.4,2,CC,Yes,No,
TAGTCGTAGAGTCGTAATATT,21,1,33.3,2,AA,Yes,Yes,"TAG,TAG"
GCGCACGGTGGAAGGCTCAT,20,1,65.0,2,GG,NA,NA,NA
ACGGTTGGTCCTCTTTCTATT,21,1,42.9,3,TTT,Yes,No,
AATACTCCTCCGTAGCAGAAT,21,1,42.9,2,AA,Yes,Yes,TAG
CGGGTTCGAATTGGATGAGG,20,1,55.0,3,GGG,NA,NA,NA
GATGTTGATAGGTATAGTCGG,21,1,42.9,2,TT,Yes,No,
CATACGTAGCTGGAGTCTTGG,21,1,52.4,2,GG,Yes,Yes,TAG
ACTTAGGATAATCGTAATTCG,21,1,33.3,2,TT,Yes,Yes,TAG
ATTCAGAAGTTGAATATGAAT,21,1,23.8,2,TT,Yes,No,
TCGCGTGAGAATGTTGCGTTG,21,1,52.4,2,AA,Yes,No,
ATTCTTTAGCCGATGAGGAAT,21,1,38.1,3,TTT,Yes,Yes,TAG
CTGTAGTTGCCTTTGTTGATT,21,1,38.1,3,TTT,Yes,Yes,TAG
GTTATGAGAATAGGCTTCGG,20,1,45.0,2,TT,NA,NA,NA
TATATGAGTGATACTGAGTTT,21,1,28.6,3,TTT,Yes,No,
TATAGGCCGGATACTACTGAT,21,1,42.9,2,GG,Yes,No,
GATAGTTCTATGGAGTTTAAT,21,1,28.6,3,TTT,Yes,No,
CGTCAGCCGATTTATCATGAG,21,1,47.6,3,TTT,Yes,No,
ACGCCGGCGCCTGGTGAT,18,1,72.2,2,CC,NA,NA,NA
AGGGATAGGTAGTGGCATCAG,21,1,52.4,3,GGG,Yes,Yes,TAG
CATTTTTAGTTTAATGATAAG,21,1,19.0,5,TTTTT,Yes,Yes,TAG
CATTTTTAGTTTAATTATAAG,21,1,14.3,5,TTTTT,Yes,Yes,TAG
TGGTGTAATGGGAATTCTATT,21,1,33.3,3,GGG,Yes,No,
AGTGATTAGTATTAAGGAGATG,22,1,31.8,2,TT,NA,NA,NA
CAGCCGTATAATGTTCATTGG,21,1,42.9,2,CC,Yes,No,
TTTGGCAATATTTTTCCGAAG,21,1,33.3,5,TTTTT,No,No,
GATTAGAGGCGTTAGGCTGTG,21,1,52.4,2,TT,Yes,Yes,"TAG,TAG"
CCGAATGCTGGTAATCTGCCTG,22,1,54.5,2,CC,NA,NA,NA
CATGTTGCGCGGGTTTTTTTT,21,1,42.9,8,TTTTTTTT,Yes,No,
TAGCGGTGTATGCTGAGAAT,20,1,45.0,2,GG,NA,NA,NA
TATAGGCCTGGTAATTATGAT,21,1,33.3,2,GG,Yes,No,
ACGCCGGAGCGGCTTATGTAT,21,1,57.1,2,CC,Yes,No,
ATGAGTTTTGATTGTTAGCCG,21,1,38.1,4,TTTT,Yes,Yes,TAG
GTTCAGACTTTTATGGGTTCG,21,1,42.9,4,TTTT,Yes,No,
TTGAATACTCTTGAGTGTGGG,21,1,42.9,3,GGG,Yes,No,
GATATTATGCAGAAGAATATT,21,1,23.8,2,TT,Yes,No,
GCGAATGTGATTCGTGGTGTT,21,1,47.6,2,AA,Yes,No,
GATAATGCGTATCTTCTGATT,21,1,33.3,2,AA,Yes,No,
TAGCGTGATCGTGATGGTTGT,21,1,47.6,2,GG,Yes,Yes,TAG
CGTGAGAATGTTTCGAGAGTG,21,1,47.6,3,TTT,No,No,
TTTACTGAGCGTTATCTGAGT,21,1,38.1,3,TTT,Yes,No,
ATTATGACTTCTTCTCGTATG,21,1,33.3,2,TT,Yes,No,
GAGATGGATGATGTTAATATT,21,1,28.6,2,GG,Yes,No,
CCTTAGGATAATAAGGGTTGG,21,1,42.9,3,GGG,Yes,Yes,TAG
CAGAGGTTTGGTTAGGCGTTG,21,1,52.4,3,TTT,Yes,Yes,TAG
CAGACTACGTTTAAGTGTCTT,21,1,38.1,3,TTT,Yes,No,
CTGTTGACGAATGAGATTAAG,21,1,38.1,2,TT,Yes,No,
TAGTAGCCTTTTCTGCTTAGT,21,1,38.1,4,TTTT,Yes,Yes,"TAG,TAG"
TATGTTAGGTCTTGTACGGGG,21,1,47.6,4,GGGG,Yes,No,
TTTTAGTAGCTTAAGTATTAG,21,1,23.8,4,TTTT,Yes,Yes,"TAG,TAG,TAG"
AGTGTTATTCAGCCGAAACT,20,1,40.0,3,AAA,NA,NA,NA
CTGATTTTGTAGTTTTTGATT,21,1,23.8,5,TTTTT,Yes,Yes,TAG
GAGGTTAATTATGTAGCGTAGG,22,1,40.9,2,GG,NA,NA,NA
TAGTAGATGGATTTGAAGTAG,21,1,33.3,3,TTT,Yes,Yes,"TAG,TAG,TAG"
ACTTAGCCGGATCATACTTTT,21,1,38.1,4,TTTT,Yes,Yes,TAG
AATCATCGTGCTTATCGTTCT,21,1,38.1,2,AA,Yes,No,
CCGCCTTAGCAGGGTGTTAGG,21,1,61.9,3,GGG,Yes,Yes,TAG
ACGCAGAATACTCTTCCTCCG,21,1,52.4,2,AA,Yes,No,
GAGCAGTATATTAAGATTGAT,21,1,28.6,2,TT,Yes,No,
CTTCTTTTTTGGGTTCTCAGTTT,23,1,34.8,6,TTTTTT,NA,NA,NA
CCGGTGCTGCGTGAGATTATT,21,1,52.4,2,CC,Yes,No,
TGTCAGGAGAAGGGGCCTATT,21,1,52.4,4,GGGG,Yes,No,
ACTAAGAATTGGAGGTGTAAAG,22,1,36.4,3,AAA,NA,NA,NA
CATGCTATGTCGATTCAGCTG,21,1,47.6,2,TT,Yes,No,
CATGATCTTTAGACGAATTAG,21,1,33.3,3,TTT,Yes,Yes,"TAG,TAG"
CGTAAGTCGGCTGCTCATAAT,21,1,47.6,2,AA,Yes,No,
TCGTAGCAGACTGAGACTTCT,21,1,47.6,2,TT,Yes,Yes,TAG
GGGTGTTGGGCTAATTCGTAG,21,1,52.4,3,GGG,Yes,Yes,TAG
CTGATGCAGATTCAGCATCG,20,1,50.0,2,TT,NA,NA,NA
CTGATGCAGATTCAGCATCGG,21,1,52.4,2,TT,Yes,No,
CCTTCTAAGTGGCCGGTGGAT,21,1,57.1,2,CC,Yes,No,
AAGCGGGGTATCAAGATGACT,21,1,47.6,4,GGGG,No,No,
ACTTTGGTTACGGGTATGATG,21,1,42.9,3,TTT,Yes,No,
CCTTTTGTGCCTGAGTTTAAG,21,1,42.9,4,TTTT,Yes,No,
ATTTGTTCGGCTACGCGTAGT,21,1,47.6,3,TTT,Yes,No,
CGTCCTTTGCTTGATAGGTTT,21,1,42.9,3,TTT,Yes,No,
GAGTGTAGTCGTTTTAATTTT,21,1,28.6,4,TTTT,Yes,No,
CCTGTGACTCATGGTTAGCTG,21,1,52.4,2,CC,Yes,Yes,TAG
GTGGATTATTGGTGGCATGCT,21,1,47.6,2,GG,Yes,No,
CGTTCTTATATGCCTCAGCAG,21,1,47.6,2,TT,Yes,No,
ACTAATTGGACTAAGACTCAG,21,1,38.1,2,AA,Yes,No,
TCGTATTCTATGTTTCATACG,21,1,33.3,3,TTT,Yes,No,
GCTGTTATTATGCGTTAGAAT,21,1,33.3,2,TT,Yes,Yes,TAG
TAGTTTTATTCTAAGGAGCGT,21,1,33.3,4,TTTT,Yes,Yes,TAG
ATGTCGGAGCCGGATTTGTCT,21,1,52.4,3,TTT,Yes,No,
AATTGGCGTCTTGATAGTGCT,21,1,42.9,2,AA,Yes,No,
CAGATTGCTTCTGAGTCTCTT,21,1,42.9,2,TT,Yes,No,
GACATCGTAGGTTTAGAAAATCCGA,25,1,40.0,4,AAAA,NA,NA,NA
CATGTTCGTACTACGTGGTCG,21,1,52.4,2,TT,Yes,No,
GAGTCTCATAGGTTTCATTAG,21,1,38.1,3,TTT,Yes,Yes,TAG
ATTCAGTATTCTGATAATGTT,21,1,23.8,2,TT,Yes,No,
TTTCATGATTGTTGTTATCTG,21,1,28.6,3,TTT,Yes,No,
ATGAATCCTCTGGGGACGCTT,21,1,52.4,4,GGGG,Yes,No,
TAGTGGTGGCAGGTTTTTGGG,21,1,52.4,5,TTTTT,Yes,Yes,TAG
CCTACTCGTACGTATTATGAG,21,1,42.9,2,CC,Yes,No,
ACGCAGGGGCCGGGGCATCAT,21,1,71.4,4,GGGG,Yes,No,
GGTGAGTAGTCTCAGTAGCTG,21,1,52.4,2,GG,Yes,Yes,"TAG,TAG"
TCTAGTGTGGTTAATATTAAG,21,1,28.6,2,GG,Yes,No,
ATGGAAGTCCAGGGTATTAAG,21,1,42.9,3,GGG,No,No,
CTGATTGGGATGTTGGGTTAG,21,1,47.6,3,GGG,Yes,Yes,TAG
TGGACGACGCGGGTGGCGTGT,21,1,71.4,3,GGG,Yes,No,
CATAATACTCTTACGGTGCGT,21,1,42.9,2,AA,Yes,No,
TGGTTGAATACTGGTGATATG,21,1,38.1,2,GG,Yes,No,
TGTTAGAGTAATTATCATTTT,21,1,19.0,4,TTTT,Yes,Yes,TAG
CAGTCTACTACTATGCATTGT,21,1,38.1,2,TT,Yes,No,
ACTCAGATTTTGTGTGTTGCT,21,1,38.1,4,TTTT,Yes,No,
CTTATTTTTATGTTTGGTCCG,21,1,33.3,5,TTTTT,Yes,No,
TATAAGAATCGCGTCAGTTG,20,1,40.0,2,AA,NA,NA,NA
TCTGTTTATACTCCTTGTGGAT,22,1,36.4,3,TTT,NA,NA,NA
TCGGTTTCTCGGCGCATAAG,20,1,55.0,3,TTT,NA,NA,NA
CGGGTTTATACTTATCAGCGG,21,1,47.6,3,GGG,Yes,No,
AGTATTTATCATTCGCTGTAT,21,1,28.6,3,TTT,Yes,No,
AGGGGTCATTTGATGAAGGTG,21,1,47.6,4,GGGG,Yes,No,
GCTCGTACTTTGACTACTAAG,21,1,42.9,3,TTT,Yes,No,
CATAGTGCTGTTTCGGGTCAG,21,1,52.4,3,TTT,Yes,No,
CAGCCGATTTTGCGTCCTAAT,21,1,47.6,4,TTTT,Yes,No,
TGGATGATGCATCATTATGAT,21,1,33.3,2,GG,Yes,No,
GCGCCGATGAGTTAGGTTTAG,21,1,52.4,3,TTT,Yes,Yes,"TAG,TAG"
CTTATGACTATTTGTATGATG,21,1,28.6,3,TTT,Yes,No,
ACGGTGCTTAGTATTGAGCTT,21,1,42.9,2,GG,Yes,No,
CTGGATCCTTATAGGCCGGCT,21,1,57.1,2,GG,Yes,No,
AATTCTCCTCATCTGAATAAT,21,1,28.6,2,AA,Yes,No,
TCTATGATTGTGTGGGTGACT,21,1,42.9,3,GGG,Yes,No,
TCGAATTAGTCTTTTAATAAG,21,1,23.8,4,TTTT,Yes,Yes,TAG
CTGAATTTTACTTCTGGTGAG,21,1,38.1,4,TTTT,Yes,No,
TCGTCGTTGATGGCGCAGTTT,21,1,52.4,3,TTT,Yes,No,
GTTTTTACTAATTTGCCGCCG,21,1,42.9,5,TTTTT,Yes,No,
CGTCCGGCGTCGTCGAAGAAG,21,1,66.7,2,CC,Yes,No,
ACTCGGCAGGCGTCTCCTGAT,21,1,61.9,2,GG,Yes,No,
CGTCAGGTGTCGAATCTGTCT,21,1,52.4,2,GG,Yes,No,
GTGCGTTGGCGTAATCAGCAT,21,1,52.4,2,TT,Yes,No,
GAGCTTTCTTATAGGTCGATT,21,1,38.1,3,TTT,Yes,No,
CGTGAGTATGATAATAAGATT,21,1,28.6,2,AA,Yes,No,
ATTATTTAGGATGCGTTGAAT,21,1,28.6,3,TTT,Yes,Yes,TAG
ATGTAGACGAGGATTATTCAG,21,1,38.1,2,GG,Yes,Yes,TAG
CTGGTTAATAATTACCGGCTTAAT,24,1,33.3,2,GG,NA,NA,NA
TATGATGTTATTCTTTTTTCG,21,1,23.8,6,TTTTTT,Yes,No,
TCTCCTATGGGTTTTCCGAAT,21,1,42.9,4,TTTT,Yes,No,
AATGGTATTCCGCATGAGAAT,21,1,38.1,2,AA,Yes,No,
ACTGTGAATAATATGTGGCGC,21,1,42.9,2,AA,No,No,
CTTGCGCTTTTTGGTTGGTAG,21,1,47.6,5,TTTTT,Yes,Yes,TAG
ATGCATCTTAGGGATGGTGGG,21,1,52.4,3,GGG,Yes,No,
CTGCCTACGAAGTAGAATCAT,21,1,42.9,2,CC,Yes,Yes,TAG
ATTGCGTTGTATGAGATGGCG,21,1,47.6,2,TT,Yes,No,
CATACGAGGCGGTATCCGTGT,21,1,57.1,2,GG,Yes,No,
TGGATTGATCGTAATCGGAAT,21,1,38.1,2,GG,Yes,No,
GATCGGATTGTTCCTTTGCTT,21,1,42.9,3,TTT,Yes,No,
GAGCTTTGTTTGTATAGTCAG,21,1,38.1,3,TTT,Yes,No,
TCTAGTAGTATGCCGGAGGTT,21,1,47.6,2,CC,Yes,No,
TCGCCTTGTCTTCGGATTGTG,21,1,52.4,2,CC,Yes,No,
AGAGGATTTATAATTTGCAT,20,1,25.0,3,TTT,NA,NA,NA
CGTCGTGCTATGTCTCGTGCT,21,1,57.1,1,C,Yes,No,
CGGCGGAGTTGTAAGAATCAT,21,1,47.6,2,GG,Yes,No,
GCGTAGTTTTTGTTGGCGAAT,21,1,42.9,5,TTTTT,Yes,Yes,TAG
AAGCTTTGGCTTGATTGTAGT,21,1,38.1,3,TTT,Yes,No,
ACGACTGCTAATACGACTAAT,21,1,38.1,2,AA,Yes,No,
GTTTTGGCTAGTCTGGCGCCT,21,1,57.1,4,TTTT,Yes,No,
GTGAAGGCTTTGACTAATTCG,21,1,42.9,3,TTT,Yes,No,
AGGAGTACTATGAAGCGGCTT,21,1,47.6,2,GG,Yes,No,
TTTCATTCGATTAGTAATGAT,21,1,23.8,3,TTT,Yes,No,
GAGTGTGTGCCTCGTTTGATG,21,1,52.4,3,TTT,Yes,No,
CCGGAGGATTTGAATGATCTT,21,1,42.9,3,TTT,Yes,No,
GTGAATGCGAATACTTCGTTG,21,1,42.9,2,AA,Yes,No,
CTTTTTATTCAGACTTTGCAT,21,1,28.6,5,TTTTT,Yes,No,
TGTCTTTTTCTGGCGCCGATG,21,1,52.4,5,TTTTT,Yes,No,
TGTGGGAGGTGTCAGGAGGCT,21,1,61.9,3,GGG,Yes,No,
TCTTATTTTGCTCCTAGTAAT,21,1,28.6,4,TTTT,Yes,No,
CTTCTTGCGATGTTCAATATT,21,1,33.3,2,TT,No,No,
CGTCCGGCTCGGGCTTTTAAG,21,1,61.9,4,TTTT,Yes,No,
CGGTTTGTTAATTCGTATCGT,21,1,38.1,3,TTT,Yes,No,
CATTAGATTCAGAGTGATAGT,21,1,33.3,2,TT,Yes,Yes,TAG
GAAGCTGCCGGGGACTCCGATGTTT,25,1,60.0,4,GGGG,NA,NA,NA
CTGCTTGTTTTTCAGTCTCAG,21,1,42.9,5,TTTTT,Yes,No,
TCTGAGGCGTAGAATAATCAT,21,1,38.1,2,GG,Yes,Yes,TAG
CGGAATGAGAGTCAGCTTTGG,21,1,52.4,3,TTT,Yes,No,
ACTCTTTCGTGTCATAGTTGT,21,1,38.1,3,TTT,Yes,No,
TGTGGTTGGGCCAGAATAAT,20,1,45.0,3,GGG,NA,NA,NA
GTTCTTTAGCATCGTAAGTAT,21,1,33.3,3,TTT,Yes,Yes,TAG
GTGCGTACTCATGCGTGGAATAAT,24,1,45.8,2,GG,NA,NA,NA
TAGCATGCTAAGCTTAAGGGG,21,1,47.6,4,GGGG,Yes,Yes,TAG
ATGAATACGAATACGAAGTGT,21,1,33.3,2,AA,Yes,No,
GGTATGGGGAAGTGTTAGTGG,21,1,52.4,4,GGGG,Yes,Yes,TAG
ACGCAGGTTTGTATGCATCAG,21,1,47.6,3,TTT,Yes,No,
TATTTGACTACTGCTGCTCGG,21,1,47.6,3,TTT,Yes,No,
AGTGGTGGGATGGATAGGAAT,21,1,47.6,3,GGG,Yes,No,
TTTTATCTTACGGTTACTACG,21,1,33.3,4,TTTT,Yes,No,
CTTCATTCGTAGGTTGAGTTG,21,1,42.9,2,TT,Yes,Yes,TAG
GAGATTCATTAGATTTCTGGG,21,1,38.1,3,TTT,Yes,Yes,TAG
GTTCCTAATTAGAATGAGACT,21,1,33.3,2,TT,Yes,Yes,TAG
AAGTTGACGCTGGCGTCTTGG,21,1,57.1,2,AA,Yes,No,
GATGCTTCTAAGGCTCATAGT,21,1,42.9,2,TT,Yes,No,
ATGGCTTTTACTCATAGGAGT,21,1,38.1,4,TTTT,Yes,No,
ATGATGTTTAATAGTCCTTAG,21,1,28.6,3,TTT,Yes,Yes,TAG
CGGACGCTGATTCTTGTTAGT,21,1,47.6,2,GG,Yes,No,
AATGTTTATGATGCGGAGTTGAGTA,25,1,36.0,3,TTT,NA,NA,NA
GCTGCGGAGCCTTGTGTGGAT,21,1,61.9,2,GG,Yes,No,
CATTCGTATCATTCTCGTATT,21,1,33.3,2,TT,Yes,No,
GGGAATCATTTGGCTTATTCT,21,1,38.1,3,GGG,Yes,No,
TGGAATGATCTGGGTAATCAG,21,1,42.9,3,GGG,Yes,No,
CTTAGGGATAGGAGTATTTAG,21,1,38.1,3,GGG,Yes,Yes,TAG
TATGATGATGTTGTTGCGTAG,21,1,38.1,2,TT,Yes,Yes,TAG
TATGTTAGTTTTATGTTTCCG,21,1,28.6,4,TTTT,Yes,No,
TTGACTTCTCGTTTTAATTAT,21,1,23.8,4,TTTT,Yes,No,
AAGCAGCCGACTCCTGATAAG,21,1,52.4,2,AA,Yes,No,
TATCCGAGGGATTGGGGGGTT,21,1,57.1,6,GGGGGG,Yes,No,
CTTATGCATCTTTATTAGCTT,21,1,28.6,3,TTT,Yes,Yes,TAG
AATGGGTTTTAGTGGGTGAAG,21,1,42.9,4,TTTT,Yes,Yes,TAG
GCGAATAGTCGTGGTGATCTT,21,1,47.6,2,AA,Yes,No,
CGTAGTAATCTTAATAATCTT,21,1,23.8,2,AA,Yes,No,
ACGGGGGTTCATGCTGAGTCT,21,1,57.1,5,GGGGG,Yes,No,
GATATGTGGTAGTAGATGATG,21,1,38.1,2,GG,Yes,Yes,"TAG,TAG"
AATGAGAATTCTTCTGATCGT,21,1,33.3,2,AA,Yes,No,
AGGAGGTGTCAGGCTAATCTG,21,1,52.4,2,GG,Yes,No,
ACTTGGCCGCATACGTGTCAT,21,1,52.4,2,TT,Yes,No,
AATAAGAATGAGGCTTAGCGG,21,1,42.9,2,AA,Yes,Yes,TAG
TTGTCGTCGGATTATCCTATT,21,1,38.1,2,TT,Yes,No,
ACGTTTAATAATTGTAATGCG,21,1,28.6,3,TTT,Yes,No,
CAGTTTATTTCTACTTAGGTG,21,1,33.3,3,TTT,Yes,Yes,TAG
TGTTCTAGGTCTATTATGCTG,21,1,38.1,2,TT,Yes,No,
CATATGTCTTATAATGATCCT,21,1,28.6,2,TT,Yes,No,
CTTCTGCGGCTTTACGAATTTCCG,24,1,50.0,3,TTT,NA,NA,NA
CTGTTTGCGCGTGCGGGTGGG,21,1,71.4,3,TTT,Yes,No,
CAGATTCCTTGGAATAAGTTG,21,1,38.1,2,TT,Yes,No,
CTGGATAAGCATAGGCAGTGG,21,1,52.4,2,GG,Yes,No,
CAGCAGCCGCGTCATTCGTAG,21,1,61.9,2,CC,Yes,Yes,TAG
TGTGGGGATAAGCATCATACG,21,1,47.6,4,GGGG,Yes,No,
CTTTTTGCTTCTGGTACTATT,21,1,33.3,5,TTTTT,Yes,No,
TTGACTAATTAGCCGCTTTAG,21,1,38.1,3,TTT,Yes,Yes,"TAG,TAG"
AAGATGGAGAGTCCTTATATG,21,1,38.1,2,AA,Yes,No,
GCGGCTTTTTTGATGGCTCTT,21,1,47.6,6,TTTTTT,Yes,No,
GCGCATTGTTTTCGTGATGTT,21,1,42.9,4,TTTT,Yes,No,
CATGCGTCTTAGGTGGGTTAG,21,1,52.4,3,GGG,Yes,Yes,"TAG,TAG"
TATTATGTGCATGATTGTCAT,21,1,28.6,2,TT,Yes,No,
GAGGTGCTTACGAGTCATAAG,21,1,47.6,2,GG,Yes,No,
TTGCGTACTGGTGAGATGCGT,21,1,52.4,2,TT,Yes,No,
CAGATTTCGCATTCGTTTTGT,21,1,38.1,4,TTTT,Yes,No,
AGTTCGCCGTCGAATTTGTAG,21,1,47.6,3,TTT,Yes,Yes,TAG
TAGGTGCGTAGGGAGTCGACT,21,1,57.1,3,GGG,Yes,Yes,TAG
CATGTGTGGCATCATGCTATG,21,1,47.6,2,GG,Yes,No,
TAGTAGAAGAGTCTGACGACT,21,1,42.9,2,AA,Yes,Yes,"TAG,TAG"
GGGATGCGTCGTTATAAGCCT,21,1,52.4,3,GGG,Yes,No,
ACTAATTATGATTCTAAGACG,21,1,28.6,2,AA,Yes,No,
TAGAAGGTTATTACATCG,18,1,33.3,2,AA,NA,NA,NA
CGTAATTGTCTGGTGTCGCCG,21,1,57.1,2,AA,Yes,No,
GATGTGAGGAATTTTCTGACT,21,1,38.1,4,TTTT,Yes,No,
GTATGTATCAGTTGCAG,17,1,41.2,2,TT,NA,NA,NA
AGTCAGGATATGACTAATAGT,21,1,33.3,2,GG,Yes,No,
GATGCGTTGAAGGGTACTTTG,21,1,47.6,3,GGG,Yes,No,
CTGGGGTGGACTTAGTGGAGT,21,1,57.1,4,GGGG,Yes,Yes,TAG
CTTGATGAGGATCTTGTTATG,21,1,38.1,2,TT,Yes,No,
TTGTGTGATTCTGCGGTTACT,21,1,42.9,2,TT,Yes,No,
GAGGATGCAAGGGTTGTTTT,20,1,45.0,4,TTTT,NA,NA,NA
AATTCGCTTACTAATCAGTAT,21,1,28.6,2,AA,Yes,No,
TATAGTCCGTTGAGGTTGCTT,21,1,42.9,2,CC,Yes,No,
TGTACGGGTAGGGCTGCTGTT,21,1,57.1,3,GGG,Yes,No,
GTTGTTAAGCTTAAAGAGAAT,21,1,28.6,3,AAA,No,No,
GATTGGAATTATAGTAAGAAG,21,1,28.6,2,TT,Yes,No,
ATGGCGCTGTCGAAGAAGTAG,21,1,52.4,2,GG,Yes,Yes,TAG
CGTGATCTTAAGTGTCAGTAG,21,1,42.9,2,TT,Yes,Yes,TAG
CATTCGGCGACGCAGTATACT,21,1,52.4,2,TT,Yes,No,
CCGTGTGGTCATTGGGATCC,20,1,60.0,3,GGG,NA,NA,NA
GCTGGTACGATGCTTCATACG,21,1,52.4,2,GG,Yes,No,
ATGGTGTAGCTTCAGGGT,18,1,50.0,3,GGG,NA,NA,NA
ATTTTGAAGTTTGGTCCGTTG,21,1,38.1,4,TTTT,Yes,No,
CGGCATCCGCATGCGACGTGT,21,1,66.7,2,GG,Yes,No,
GTTCTGGAGTCTACGACTATT,21,1,42.9,2,TT,Yes,No,
CAGACTGGTGATCTGATTACG,21,1,47.6,2,GG,Yes,No,
TGGGAGGCGAAGGATTGTACT,21,1,52.4,3,GGG,Yes,No,
TATGCGGGGCGTCATTCGAAT,21,1,52.4,4,GGGG,Yes,No,
ATGAGGTTTGTGAAGGCTTGA,21,1,42.9,3,TTT,No,Yes,TGA
TTGTTTCTTATGCATATGCAG,21,1,33.3,3,TTT,Yes,No,
CAGGATGGGTCTCCTTGGGAAG,22,1,59.1,3,GGG,NA,NA,NA
TTTTCGGGGCAGCTTAATTAT,21,1,38.1,4,TTTT,Yes,No,
AGGCCGGTGAAGCCTTTGACT,21,1,57.1,3,TTT,Yes,No,
ACGGGTATTGATTGAAGTTG,20,1,40.0,3,GGG,NA,NA,NA
CCTAATTTTCTTGCTTTTATT,21,1,23.8,4,TTTT,Yes,No,
CCGCAGGGGCGGACGGTTAAG,21,1,71.4,4,GGGG,Yes,No,
TCCTTTGTATAAAATACGTGGTAT,24,1,29.2,4,AAAA,NA,NA,NA
GCGGTGTAGCGTTCTATGGTG,21,1,57.1,2,GG,Yes,Yes,TAG
ATGTCGTGGAGAATTGTTTG,20,1,40.0,3,TTT,NA,NA,NA
GATGAGGGTAAGAATGGGAAG,21,1,47.6,3,GGG,Yes,No,
TATTTTTTTGCTACGTTTTAG,21,1,23.8,7,TTTTTTT,Yes,Yes,TAG
CTTACTTCTAGGGTTCGGGGT,21,1,52.4,4,GGGG,Yes,No,
AATGGTCATTCGTGGAGGGAT,21,1,47.6,3,GGG,Yes,No,
ATGCTGGGTTGTTTTTATCAG,21,1,38.1,5,TTTTT,Yes,No,
CGTACTGGTGTTCTTATGAGT,21,1,42.9,2,GG,Yes,No,
ACTAATGGTCGGTATTTTTCG,21,1,38.1,5,TTTTT,Yes,No,
TATATTAAGCCGCGTTATCGT,21,1,38.1,2,TT,Yes,No,
TTGCCTAAGAATCGGAGGACT,21,1,47.6,2,TT,Yes,No,
GGTAATTAGTGTGATAGGCTG,21,1,42.9,2,GG,Yes,Yes,TAG
GCGTAGCCGTCGCCGACGGAG,21,1,76.2,2,CC,Yes,Yes,TAG
GATAAGTATTAGCTTACTTCG,21,1,33.3,2,AA,Yes,Yes,TAG
CCGTTTCTTAGGTATATTATG,21,1,33.3,3,TTT,Yes,No,
CGTAAGTTTATGTCTGATAAG,21,1,33.3,3,TTT,Yes,No,
AGTGAGACTAGTTATGCTACT,21,1,38.1,2,TT,Yes,No,
CGTGATGATACGAAGAGTCTG,21,1,47.6,2,AA,Yes,No,
ATGAAGCTGATTTTTGTGATT,21,1,28.6,5,TTTTT,Yes,No,
TCGGATGTTGTGTATTTTAAT,21,1,28.6,4,TTTT,Yes,No,
TCGTAGTGGCATGTGGGTATT,21,1,47.6,3,GGG,Yes,Yes,TAG
TATAATCCGATGTATGATGAT,21,1,28.6,2,AA,Yes,No,
GGTTAGTTGATTCTGATGACG,21,1,42.9,2,GG,Yes,Yes,TAG
CATATTTTGCGTACTCAGTAT,21,1,33.3,4,TTTT,Yes,No,
TCGTGTGATACGCATGTTGTT,21,1,42.9,2,TT,Yes,No,
ATTCAGTTTCTTTATAATAAG,21,1,19.0,3,TTT,Yes,No,
GCTTGTAAGTGGGAGCCTCTG,21,1,57.1,3,GGG,Yes,No,
ACTTTTATGAGGAATATTAGG,21,1,28.6,4,TTTT,Yes,No,
AATAGTAATAGTCGTATTACG,21,1,28.6,2,AA,Yes,No,
TTGCTTTTTCTGGATTCGGTT,21,1,38.1,5,TTTTT,Yes,No,
GATATTTAGTATCGTGGTCCG,21,1,42.9,3,TTT,Yes,Yes,TAG
CGTTCGGCGATTCCTGAGCAG,21,1,61.9,2,TT,Yes,No,
CAGTCGTCTGGGAATCTACAATG,23,1,47.8,3,GGG,NA,NA,NA
CGGAGTGATGATTGTAGTTAG,21,1,42.9,2,GG,Yes,Yes,TAG
AATATTTCGGTGGCTATTCCG,21,1,42.9,3,TTT,Yes,No,
GGTTATAATGTTGATGTTCCT,21,1,33.3,2,GG,Yes,No,
GAGCCTTATTCGAGTTTGACT,21,1,42.9,3,TTT,Yes,No,
ATGTGGCGTTGGATGCTTATT,21,1,42.9,2,GG,Yes,No,
ATTGCGGAGAGGCCGCCTACT,21,1,61.9,2,TT,Yes,No,
GGAGTGTCATGCGCCG,16,1,68.8,2,GG,NA,NA,NA
GGGGAGGAGTCTCATGCGCCG,21,1,71.4,4,GGGG,Yes,No,
ACTTTGCATTGTGGTACGGTT,21,1,42.9,3,TTT,Yes,No,
CTTAATTATAATTGTGTTCAG,21,1,23.8,2,TT,Yes,No,
CAGAATTTGGATCGTCCTGTG,21,1,47.6,3,TTT,Yes,No,
TTGCAGTTTCCTCCGATTTCT,21,1,42.9,3,TTT,Yes,No,
TAGCAGTCGCATAATGCTAGT,21,1,42.9,2,AA,Yes,Yes,TAG
GTGAATAATATTTGGACTCTG,21,1,33.3,3,TTT,Yes,No,
CATACTGATACGGAGCGTCAT,21,1,47.6,2,GG,Yes,No,
GGGGCTTCGAAGTTGCGGCAG,21,1,66.7,4,GGGG,Yes,No,
AAGCCTATGCCGCATGATAAT,21,1,42.9,2,AA,Yes,No,
GAGTTTTCTCTTGATGCGGTG,21,1,47.6,4,TTTT,Yes,No,
GTGAATCCGTAGCTGCATAGT,21,1,47.6,2,AA,Yes,Yes,TAG
AGTGGTGTGGATTGTGCGGCCAG,23,1,60.9,2,GG,NA,NA,NA
ATGGATAAGGTGAATCCTCGT,21,1,42.9,2,GG,Yes,No,
CATTGTATGTCGAAGCCTTAT,21,1,38.1,2,TT,Yes,No,
GGGAGTACGGGGGTTTCGTGT,21,1,61.9,5,GGGGG,Yes,No,
TAGCTTCTTCTTAAGTTGAAG,21,1,33.3,2,TT,Yes,Yes,TAG
ACGCTGTTTGTGAGGCTTGTG,21,1,52.4,3,TTT,Yes,No,
TTGGAGACTAGTAAGGTGCCT,21,1,47.6,2,TT,Yes,No,
AGTCCTTCGGAGATTTAGAAG,21,1,42.9,3,TTT,Yes,Yes,TAG
GGTGGTAATTTTAATAATAAG,21,1,23.8,4,TTTT,Yes,No,
GAGACGAGGGATGAGAAGTGT,21,1,52.4,3,GGG,Yes,No,
TTTGAGATTCGTGGGCGTTAT,21,1,42.9,3,TTT,Yes,No,
GGTATGTAGGGTCCGAAGACT,21,1,52.4,3,GGG,Yes,Yes,TAG
CATGTTCTGAGGTTTTAGTAG,21,1,38.1,4,TTTT,Yes,Yes,"TAG,TAG"
GCTTCGCTTAAGCTGTATATT,21,1,38.1,2,TT,Yes,No,
GTGGATGAGAGTTGGATGTAG,21,1,47.6,2,GG,Yes,Yes,TAG
CATTTGAGTCATGTGAAGAGT,21,1,38.1,3,TTT,Yes,No,
ATTTGTTTTGCTAGGTAGGAT,21,1,33.3,4,TTTT,Yes,Yes,TAG
CAGTATTAGTTTTCGACTCGT,21,1,38.1,4,TTTT,Yes,Yes,TAG
ATTTAGACTGTGGTGATGCCG,21,1,47.6,3,TTT,Yes,Yes,TAG
GATACGATGGGTAAGCTTTAT,21,1,38.1,3,GGG,Yes,No,
ACTGATGTGTCTATTCAGCTT,21,1,38.1,2,TT,Yes,No,
CTTCTTGATTGTGATACTTCT,21,1,33.3,2,TT,Yes,No,
ATGCAGAGTCATGAGAATTTT,21,1,33.3,4,TTTT,Yes,No,
TTGATTCCGGCTGATCATAGG,21,1,47.6,2,TT,Yes,No,
TTGTGGGCTAATACGCGTACT,21,1,47.6,3,GGG,Yes,No,
CGTGAGTTTCAGTCGAATCCG,21,1,52.4,3,TTT,Yes,No,
ATGTTTCCTCCTGATGAGGGT,21,1,47.6,3,TTT,Yes,No,
CGTTTTTGTGGGCAGTTAAG,20,1,45.0,5,TTTTT,NA,NA,NA
ACTCGTCTTATGCAGATTTTG,21,1,38.1,4,TTTT,Yes,No,
GGTGTGGCGAAGTCGCAG,18,1,66.7,2,GG,NA,NA,NA
TCTTATTATTAGATTTGGATG,21,1,23.8,3,TTT,Yes,Yes,TAG
GCTATGGTGCTTTATCCTCGT,21,1,47.6,3,TTT,Yes,No,
GTTGATTGTAGGTTTTGTCTT,21,1,33.3,4,TTTT,Yes,No,
TTGGATGAGCTGATTGGTAT,20,1,40.0,2,TT,NA,NA,NA
ATTTTGACTAGGCTTGATCAG,21,1,38.1,4,TTTT,Yes,No,
ACTTCTCGTCCTTCGTGTCTT,21,1,47.6,2,TT,Yes,No,
GGGGCTTTTCTTCCTCGGGGG,21,1,66.7,5,GGGGG,Yes,No,
TGTAGTTATATTATGGGGAAT,21,1,28.6,4,GGGG,Yes,No,
ATTCTTACTTCTCGGACTTAG,21,1,38.1,2,TT,Yes,Yes,TAG
ATTAATTGGAATGAGGGTAAT,21,1,28.6,3,GGG,Yes,No,
CCTTATTAGCCTTTTGATAGG,21,1,38.1,4,TTTT,Yes,Yes,TAG
ACGGTGTCTTATACGTAGGAG,21,1,47.6,2,GG,Yes,Yes,TAG
CAGCTGACTTAGTTTACGTTT,21,1,38.1,3,TTT,Yes,Yes,TAG
AAGATTCATCATTCTAGTTTG,21,1,28.6,3,TTT,Yes,No,
GCGTCTCGGAGGAATACTTTT,21,1,47.6,4,TTTT,Yes,No,
CGGCATGAGGGTATTAGTAAG,21,1,47.6,3,GGG,Yes,No,
CAGTCTTATATGCAGACTATG,21,1,38.1,2,TT,Yes,No,
AATTCTTTGTATACGGCGACG,21,1,42.9,3,TTT,Yes,No,
GGTCCGACTCCGCGGGTGGAT,21,1,71.4,3,GGG,Yes,No,
TCTTTTGATAAGTTGACTTGT,21,1,28.6,4,TTTT,Yes,No,
AATCGTATTTCGAAGTGTTTC,21,1,33.3,3,TTT,No,No,
ATGGCTGCGAGTAGGAGGCTT,21,1,57.1,2,GG,Yes,No,
GTGCGTTATAATTGTCCTAAT,21,1,33.3,2,TT,Yes,No,
TAGATGTAGTTTATGAAGTGT,21,1,28.6,3,TTT,Yes,Yes,"TAG,TAG"
CAGCTTATTGATTCTAAGGCG,21,1,42.9,2,TT,Yes,No,
TAGGTGATGAGTACGAGGTGT,21,1,47.6,2,GG,Yes,Yes,TAG
GTGTGTGTTTTGTCTACGAAT,21,1,38.1,4,TTTT,Yes,No,
CGTGTTTTGATGCCGTATAAT,21,1,38.1,4,TTTT,Yes,No,
GAGGATAGTAATCCTATGGGT,21,1,42.9,3,GGG,Yes,No,
TAGTAGAATAGGTAGATTAAT,21,1,23.8,2,AA,Yes,Yes,"TAG,TAG,TAG"
GCGGGTAATACGACTAGTTAT,21,1,42.9,3,GGG,Yes,No,
TTTTATCTGCGGGTTGAGCGT,21,1,47.6,4,TTTT,Yes,No,
TTTACGGTGTCGGATCAGATG,21,1,47.6,3,TTT,Yes,No,
GTGACGGATTTGACTGATTCT,21,1,42.9,3,TTT,Yes,No,
AGGACTGATGGTGTGCCGAAT,21,1,52.4,2,GG,Yes,No,
CGTACTATGTTTTATCATTGT,21,1,28.6,4,TTTT,Yes,No,
CCGGCTAGGATGCATAATATT,21,1,42.9,2,CC,Yes,No,
CGTTGTTAGTGTTTGAATACG,21,1,38.1,3,TTT,Yes,Yes,TAG
GCTCTTTCTGCCACGGGTGCTTCG,24,1,62.5,3,TTT,NA,NA,NA
GTTAATGAGCAGGATTTTTCT,21,1,33.3,5,TTTTT,Yes,No,
AGTATTAGTTGTATTCTGATG,21,1,28.6,2,TT,Yes,No,
TTTAGTACGATGATGTGGCAG,21,1,42.9,3,TTT,Yes,No,
CTTGATGGTACGAATTATCAT,21,1,33.3,2,TT,Yes,No,
TATCATCATGGGGTGAGTATT,21,1,38.1,4,GGGG,Yes,No,
GATCAGTTTAATAATTGGAAT,21,1,23.8,3,TTT,Yes,No,
TCGTATAAGAGGCATCACGT,20,1,45.0,2,AA,NA,NA,NA
ACTTATAGTGTGCAGTATAAG,21,1,33.3,2,TT,Yes,No,
CCGTATGATAATACTGGTAAG,21,1,38.1,2,CC,Yes,No,
AATCCGAGGAATAATCTGAAG,21,1,38.1,2,AA,Yes,No,
CCGCATTATCCGAATTTTTTG,21,1,38.1,6,TTTTTT,Yes,No,
ATTTTTAAGGTTCTTAGTATT,21,1,19.0,5,TTTTT,Yes,No,
CTGCAGGGGCATCGGCAGAGT,21,1,66.7,4,GGGG,Yes,No,
CCGAGGCAGATGACGGGGGTT,21,1,66.7,5,GGGGG,Yes,No,
AGTGTGAAGACTAATCTGACG,21,1,42.9,2,AA,Yes,No,
CTTAATGATCTGCGTCCGCAG,21,1,52.4,2,TT,Yes,No,
CAGTTTACTTATCCTACGTAG,21,1,38.1,3,TTT,Yes,Yes,TAG
CGGCAGTAGACTAGTTATTCG,21,1,47.6,2,GG,Yes,Yes,TAG
TATACTGGTAAGACTCGGCAT,21,1,42.9,2,GG,Yes,No,
GTGACTCAGCTGATTTCGTCT,21,1,47.6,3,TTT,Yes,No,
TATAAGTGTAATGGTGGGCAG,21,1,42.9,3,GGG,Yes,No,
GTTGCGGTGGGTATGTATCAT,21,1,47.6,3,GGG,Yes,No,
CAGTATCTTCCTGCTGTTGAG,21,1,47.6,2,TT,Yes,No,
TTTGAGGGTAATCAGAGTTAG,21,1,38.1,3,TTT,Yes,Yes,TAG
AATCTTGATCATAATACTCTG,21,1,28.6,2,AA,Yes,No,
AGGTCGCGTACTAATTTGATT,21,1,38.1,3,TTT,Yes,No,
AAGAATATTATAGAGGCGTTAT,22,1,27.3,2,AA,NA,NA,NA
TGTTGGCGGGCTATTAATCAG,21,1,47.6,3,GGG,Yes,No,
ATTCAGCCTCAGTCTCATGGT,21,1,47.6,2,TT,Yes,No,
ACTTATTATCATAAGAATCAT,21,1,19.0,2,TT,Yes,No,
GAGATTATGCATAATCCGTAT,21,1,33.3,2,TT,Yes,No,
CTGACTATTCGTGAGATGCGT,21,1,47.6,2,TT,Yes,No,
TCGTTGTATGTTGGGAATTGG,21,1,42.9,3,GGG,Yes,No,
TTTAGTAAGCGTCGTGCTACT,21,1,42.9,3,TTT,Yes,No,
TTGTTGGGGACTCGTCGTTCT,21,1,52.4,4,GGGG,Yes,No,
GGGGAGGGTGGGTAATTTGTGG,22,1,59.1,4,GGGG,NA,NA,NA
CTTCCTAAGACTCGGAATCGT,21,1,47.6,2,TT,Yes,No,
AATATTACGTAGTTGCGTCTT,21,1,33.3,2,AA,Yes,Yes,TAG
AGTGGGATTTCGACGTGTAGG,21,1,52.4,3,GGG,Yes,No,
CCTTGTACTAAGTATATGAAT,21,1,28.6,2,CC,Yes,No,
ATGAGTTATAATCCTGCTGTT,21,1,33.3,2,TT,Yes,No,
CTTGCGTAGCGTACTTTTCTT,21,1,42.9,4,TTTT,Yes,Yes,TAG
GCTGATTAGTTTATGCTGATG,21,1,38.1,3,TTT,Yes,Yes,TAG
TTTCGTGAGAAGAAGGATTTG,21,1,38.1,3,TTT,Yes,No,
AGTGAGTCGAATGTTAATTTT,21,1,28.6,4,TTTT,Yes,No,
TTTGGGGAGTATCTTTGTCCT,21,1,42.9,4,GGGG,Yes,No,
CAGGCTTATACGCTGTCTAAT,21,1,42.9,2,GG,Yes,No,
ATTGAGTTAGGAGTATATGCTG,22,1,36.4,2,TT,NA,NA,NA
TCGTCGGTTCTTACTAATGAT,21,1,38.1,2,GG,Yes,No,
GTGAATGAGGTTATGCTTCCT,21,1,42.9,2,AA,Yes,No,
GCGCTGAATAAGTGTTTGAAG,21,1,42.9,3,TTT,Yes,No,
GGTTGGATTTCTAAGAAGCGT,21,1,42.9,3,TTT,Yes,No,
CCTGTTCCGCAGATTAATCGT,21,1,47.6,2,CC,Yes,No,
AAGCAGATTAATATGATTTAG,21,1,23.8,3,TTT,Yes,Yes,TAG
CAGTGGACTGTTGCTGCGGAT,21,1,57.1,2,GG,Yes,No,
TTGCATATGGGTCGGCCTATG,21,1,52.4,3,GGG,Yes,No,
TCGTTGAGTACGTATGGTGTT,21,1,42.9,2,TT,Yes,No,
GGGTTTGATTCGACGAAGGCT,21,1,52.4,3,GGG,Yes,No,
CCTGATAGGACGGCGATTATT,21,1,47.6,2,CC,Yes,No,
CGTGAGTCTTCTGTGATGCCT,21,1,52.4,2,TT,Yes,No,
TTTCGGCATATTACTTCTAAG,21,1,33.3,3,TTT,Yes,No,
CTTGTGCATCATAGGAGGTGT,21,1,47.6,2,TT,Yes,No,
ACGTTTAATTCTGAGAAGCTT,21,1,33.3,3,TTT,Yes,No,
AAGCGGCATAGGTATCATTTG,21,1,42.9,3,TTT,Yes,No,
CCGGGTATGATTGGGATTAAT,21,1,42.9,3,GGG,Yes,No,
TAGCTTTTTGTGATTAGTCGT,21,1,33.3,5,TTTTT,Yes,Yes,TAG
AATATTAATAGTTATGAGGCG,21,1,28.6,2,AA,Yes,No,
GATTATTATAGGCGTTGTCCG,21,1,42.9,2,TT,Yes,No,
GTGGCGTGTCAGGCTGCGGTG,21,1,71.4,2,GG,Yes,No,
CTTCTTCAGACTGTGCCTATG,21,1,47.6,2,TT,Yes,No,
GCTCGTGATTATCAGCTGTGG,21,1,52.4,2,TT,Yes,No,
GGGAAGTATCCGCATAATTGG,21,1,47.6,3,GGG,Yes,No,
GATCTTACTGATAAGATTCTT,21,1,28.6,2,TT,Yes,No,
ATTGCTCAGCCTGGTTTGTCT,21,1,47.6,3,TTT,Yes,No,
TCGGGGTGTCTTATTTTTGAT,21,1,38.1,5,TTTTT,Yes,No,
AGTCATCGTAGTATGCGTCAT,21,1,42.9,1,A,Yes,No,
GCGCGGATTACTGTTGGGTGG,21,1,61.9,3,GGG,Yes,No,
ACTTGTGAGACGTGGACTCTG,21,1,52.4,2,TT,Yes,No,
GCGGCGGGGAATTTTTTTCGT,21,1,52.4,7,TTTTTTT,Yes,No,
AAGACTAGGCAGACTGATAGG,21,1,47.6,2,AA,Yes,No,
GAGTAGTATTGTGATACTCAT,21,1,33.3,2,TT,Yes,Yes,TAG
CATTAGTGGGATATGACTAGT,21,1,38.1,3,GGG,Yes,Yes,TAG
ACGCGGGCTAGGGGTCAGTGT,21,1,66.7,4,GGGG,Yes,No,
GGTATGGAGCTGATTAGTCAT,21,1,42.9,2,GG,Yes,No,
TCTACGGGGCATCCGCTTTCG,21,1,61.9,4,GGGG,Yes,No,
GGTCCTACTATGTGGGCTC,19,1,57.9,3,GGG,NA,NA,NA
AGGCTGCCGACTCGTGTGTTT,21,1,57.1,3,TTT,Yes,No,
GATCGGTTCAGTTAGGGGACG,21,1,57.1,4,GGGG,No,Yes,TAG
CATACGAATCTGACTGAGACT,21,1,42.9,2,AA,Yes,No,
AGTAGTAATATTTTCGACTGT,21,1,28.6,4,TTTT,No,No,
ACGGATGTTATTAATACGAAT,21,1,28.6,2,GG,Yes,No,
CAGTATCAGCAGAATAAGTGT,21,1,38.1,2,AA,Yes,No,
CGTTCGCCTAAGGCGTCTGAT,21,1,57.1,2,TT,Yes,No,
GAGCTGTTGAGGCGGACGTTT,21,1,57.1,3,TTT,Yes,No,
TATATGTGGATGTTTGGGACG,21,1,42.9,3,TTT,Yes,No,
AGTAATAGTAAGCATATTGAT,21,1,23.8,2,AA,Yes,No,
CCGGAGTGGTATCTTCGGAGT,21,1,57.1,2,CC,Yes,No,
CTTATGCTTTGGAATGGGCGT,21,1,47.6,3,TTT,Yes,No,
ATGCGTTAGACGGGGAATTTT,21,1,42.9,4,GGGG,Yes,Yes,TAG
AGGGCCTATGGTGCAGTTTGTT,22,1,50.0,3,GGG,NA,NA,NA
CCGCCGGCTCGGCAGCCTGTG,21,1,81.0,2,CC,Yes,No,
GATTGGCATACGTAGTCTACG,21,1,47.6,2,TT,Yes,Yes,TAG
ATGACTAGGGCGTTGGATCTG,21,1,52.4,3,GGG,Yes,No,
CGGAGGTGGACTAATTTGTCG,21,1,52.4,3,TTT,Yes,No,
TATAGTGTTAAGACGAGGGAT,21,1,38.1,3,GGG,Yes,No,
CTTGATAGGACTATTGTGTGT,21,1,38.1,2,TT,Yes,No,
ACGGTGTCGATTGATGATCGG,21,1,52.4,2,GG,Yes,No,
TCTAGGAATGCTTATGAGTAG,21,1,38.1,2,GG,Yes,Yes,TAG
TCGCTTGCGCTGGTGACTGAG,21,1,61.9,2,TT,Yes,No,
GGTAATATGGTTTAGTATATT,21,1,23.8,3,TTT,Yes,Yes,TAG
ACTACGGAGAAGATTACGTCG,21,1,47.6,2,GG,Yes,No,
GATATGCATTCTCCTCCTGAG,21,1,47.6,2,TT,Yes,No,
ACGTTTGATAATGCTATTATG,21,1,28.6,3,TTT,Yes,No,
ATTAGTGCGCATTAGATGTGT,21,1,38.1,2,TT,Yes,Yes,TAG
GATACGACGCTTAATTATGGG,21,1,42.9,3,GGG,Yes,No,
ATTCATGTGCAGCATTGTCTG,21,1,42.9,2,TT,Yes,No,
ACGCCTTGTGCTTGGGGGGCT,21,1,66.7,6,GGGGGG,Yes,No,
GGTTGGCCTTATTATACGCGG,21,1,52.4,2,GG,Yes,No,
TGTATTAGGGTTGGGACTAAG,21,1,42.9,3,GGG,Yes,No,
TTTGCTATGACGAATTGTTAG,21,1,33.3,3,TTT,Yes,Yes,TAG
GATATGGATCATAATGATAAG,21,1,28.6,2,GG,Yes,No,
TGTCCTAGTCTTGTTCGGCGAT,22,1,50.0,2,CC,NA,NA,NA
TTTCGTCCTAAGGTGAATGTT,21,1,38.1,3,TTT,Yes,No,
TTGAAGTCGAAGGGGATGGGT,21,1,52.4,4,GGGG,Yes,No,
TATTAGAGTACGGCGATTGGT,21,1,42.9,2,TT,Yes,Yes,TAG
CGGTCGACGACTAAGAATTTT,21,1,42.9,4,TTTT,Yes,No,
CCTTCGGGTGGTGAGCGTTCT,21,1,61.9,3,GGG,Yes,No,
AAGAATAAGACTGATAAGAAG,21,1,28.6,2,AA,Yes,No,
GATTGTTGTGCTAGTATGCAG,21,1,42.9,2,TT,Yes,No,
CCTGTGCCGAGTCTTCGGCGT,21,1,66.7,2,CC,Yes,No,
TCGACGCTTGAGAAGATTTGG,21,1,47.6,3,TTT,Yes,No,
ACTCAAGGAGCCTCTTTGG,19,1,52.6,3,TTT,NA,NA,NA
CCGTTTGGGTTTGGCTTGAT,20,1,50.0,3,TTT,NA,NA,NA
GATCCTTTGGATAAGAATGTT,21,1,33.3,3,TTT,Yes,No,
TTTCGGACTATGATGCGGTAT,21,1,42.9,3,TTT,Yes,No,
GTGCCGGAGAATTCGTGGGCG,21,1,66.7,3,GGG,Yes,No,
CCTGTTAGGTATTATGCGCCT,21,1,47.6,2,CC,Yes,No,
CGTGGTAGGAGTACTGCGCGG,21,1,66.7,2,GG,Yes,No,
CATACGCTGCAGTCGGATGAT,21,1,52.4,2,GG,Yes,No,
CGGACGAAGAACTTTTTAGG,20,1,45.0,5,TTTTT,NA,NA,NA
CCGCATAAGAATGATTAGCTT,21,1,38.1,2,CC,Yes,Yes,TAG
CCTCAGTAGTGGTCGAGTGGG,21,1,61.9,3,GGG,Yes,Yes,TAG
GATATGATTGCTATTTAGTAG,21,1,28.6,3,TTT,Yes,Yes,"TAG,TAG"
GTGAGGGTGGTTAAGGAGTTG,21,1,52.4,3,GGG,Yes,No,
TTTACTAGTACTAAGAGTCAG,21,1,33.3,3,TTT,Yes,No,
CAGGAGACGCATCGGAGGTCG,21,1,66.7,2,GG,Yes,No,
GCGCATTTTAGGTAGTGTGAG,21,1,47.6,4,TTTT,Yes,Yes,TAG
TGGCTTGTGATTGAGCTGCGG,21,1,57.1,2,GG,Yes,No,
ATTTCGGAGATTTTTATTCCT,21,1,28.6,5,TTTTT,Yes,No,
ACTATTGAGGGGCTGTTGGAT,21,1,47.6,4,GGGG,Yes,No,
GGTGATTATCCTGGTTGGCGT,21,1,52.4,2,GG,Yes,No,
ATGGAGGCGTTTCATACGAAT,21,1,42.9,3,TTT,Yes,No,
TATAAGACTTTGGATGGTAAT,21,1,28.6,3,TTT,Yes,No,
TTTTGGCTGATTTCGTTTAAT,21,1,28.6,4,TTTT,Yes,No,
CAGTGGTGGTTTACTTTTCGT,21,1,42.9,4,TTTT,Yes,No,
ATTAGGCTTTCGGTGCCGGAT,21,1,52.4,3,TTT,Yes,No,
AAGTTGTATCATACTTATTTG,21,1,23.8,3,TTT,Yes,No,
AATAATGGTAATGAGGTGCCG,21,1,42.9,2,AA,Yes,No,
CCTCCTGATTCGACTTGGAGG,21,1,57.1,2,CC,Yes,No,
AATTGTAAGAGTTGTTAGCCT,21,1,33.3,2,AA,Yes,Yes,TAG
CATGCGCATCATGATACTTTT,21,1,38.1,4,TTTT,Yes,No,
TTGCGGTCTTGTTGGGTGTAT,21,1,47.6,3,GGG,Yes,No,
CCTCGTACTCATGCGAATGAT,21,1,47.6,2,CC,Yes,No,
GTTTTTGGTTAGCCTCCTCCG,21,1,52.4,5,TTTTT,Yes,Yes,TAG
ACTTGGCCTAAGCGTCATACT,21,1,47.6,2,TT,Yes,No,
GTTCTTAATATTAGGACGCT,20,1,35.0,2,TT,NA,NA,NA
CCTCTGGGTTTGACGTGTATT,21,1,47.6,3,GGG,Yes,No,
CCTTCTATTGGTGATAGTTAG,21,1,38.1,2,CC,Yes,Yes,TAG
TTGCCTAATGATAAGTATACT,21,1,28.6,2,TT,Yes,No,
TTGTGTATGCTTGGTTTGTCT,21,1,38.1,3,TTT,Yes,No,
ACTGCTAATTATACTCTGAAG,21,1,33.3,2,AA,Yes,No,
CGGGATTCTTCGTATCTGAAG,21,1,47.6,3,GGG,Yes,No,
AATCGGATGTGTGTTTGTAGT,21,1,38.1,3,TTT,Yes,No,
TGGCCTAATGCTGTGTATGAT,21,1,42.9,2,GG,Yes,No,
CCTGATCTTCGTCCTAGTTAT,21,1,42.9,2,CC,Yes,No,
CAGCCGTGTCAGAGGTTTGGG,21,1,61.9,3,TTT,Yes,No,
GGGAATTGTGTTATGTTTCAT,21,1,33.3,3,GGG,Yes,No,
AGTATTACTTTTCCGATTGAG,21,1,33.3,4,TTTT,Yes,No,
ATGGTGATTACGAATGAGGAT,21,1,38.1,2,GG,Yes,No,
ACTAATTTTGATACTACTCTT,21,1,23.8,4,TTTT,Yes,No,
ATGTTGGCGAGTCATAATCTT,21,1,38.1,2,TT,Yes,No,
ATTTAGATTTCGCCTAGGTAT,21,1,33.3,3,TTT,Yes,Yes,TAG
ACTCAGTAGGATCCTCATCTG,21,1,47.6,2,GG,Yes,Yes,TAG
TTTGTTTTGTTTGAGTATTCG,21,1,28.6,4,TTTT,Yes,No,
TATACTACGAATCATGCGTCT,21,1,38.1,2,AA,Yes,No,
TTGATGACGAATAGGGGTGAT,21,1,42.9,4,GGGG,Yes,No,
TATTCGACTTCGCATTAGGCG,21,1,47.6,2,TT,Yes,Yes,TAG
GATGTTGATTTGGCGCGTCTG,21,1,52.4,3,TTT,Yes,No,
TTTAGTGAGTTTCCTTGTGTT,21,1,33.3,3,TTT,Yes,No,
CTGGGGCATTCTTAGAATCTG,21,1,47.6,4,GGGG,Yes,Yes,TAG
TATAGGCCGCCTCAGTGTAGG,21,1,57.1,2,GG,Yes,No,
TATGTTCCTACGGATGCTTAG,21,1,42.9,2,TT,Yes,Yes,TAG
GGTAGGCGTTGGTAGATTATG,21,1,47.6,2,GG,Yes,Yes,TAG
TTTGCTATGTCTTTTGCGTAG,21,1,38.1,4,TTTT,Yes,Yes,TAG
ACTCCGAGGTCTCCTGATG,19,1,57.9,2,CC,NA,NA,NA
CCTCTTACTAATTTTCTTAAG,21,1,28.6,4,TTTT,Yes,No,
TGGCCGAAGGCTTAGATGCAT,21,1,52.4,2,GG,Yes,Yes,TAG
CTTAATCTTGGGATGCATTAT,21,1,33.3,3,GGG,Yes,No,
CGGTCGTGTCCTTGTCGTCCG,21,1,66.7,2,GG,Yes,No,
GTTCCTGCGCATGTGACTTTT,21,1,47.6,4,TTTT,Yes,No,
TGGCGGAGTACTATGATGTAG,21,1,47.6,2,GG,Yes,Yes,TAG
TATATGCGTTAGTGGCTTTTG,21,1,38.1,4,TTTT,Yes,Yes,TAG
CTGTTGATGGAGACTACGCAG,21,1,52.4,2,TT,Yes,No,
GAGTGGAAGGGTGTGGGTGGT,21,1,61.9,3,GGG,Yes,No,
ATTAATGTGAATAATATGATT,21,1,14.3,2,TT,Yes,No,
CTTTATGATATGAGTTAGGGG,21,1,38.1,4,GGGG,Yes,Yes,TAG
ATGCATAATTATCATAGGAAG,21,1,28.6,2,AA,Yes,No,
GATTATTATGGTTCTTTGTAT,21,1,23.8,3,TTT,Yes,No,
ATGTTTAATTATAAGAGGATT,21,1,19.0,3,TTT,Yes,No,
AAGACTCAGCTGGAGCGGAAT,21,1,52.4,2,AA,Yes,No,
CCGTGTGAGGTGGGGCCGAAT,21,1,66.7,4,GGGG,Yes,No,
CGTAGGATGCATAATAATTAG,21,1,33.3,2,GG,Yes,Yes,TAG
GATTTGACGCCTATTAATTAT,21,1,28.6,3,TTT,Yes,No,
TGTAAGGCTGTTGTTGAAG,19,1,42.1,2,AA,NA,NA,NA
TTTACGCTGATTTTGAATGCT,21,1,33.3,4,TTTT,Yes,No,
AATAATATGGTGTATTTGTCG,21,1,28.6,3,TTT,Yes,No,
AAGTTTAGTAAGACGAAGCCG,21,1,42.9,3,TTT,Yes,No,
AATGCTGTGAATACTGCGAAG,21,1,42.9,2,AA,Yes,No,
GATGCGGATGGTCAGAGGTTT,21,1,52.4,3,TTT,Yes,No,
AATAAGTGTTCGTTTAATGAT,21,1,23.8,3,TTT,Yes,No,
GAGCCTTGGCTTAGTAATGAG,21,1,47.6,2,CC,Yes,No,
GTTTCTCGTAATGATCAGCTG,21,1,42.9,3,TTT,Yes,No,
TTTAATTTTGATCATCATATT,21,1,14.3,4,TTTT,Yes,No,
TCGATTGATTGGTCGATTGTG,21,1,42.9,2,TT,Yes,No,
CTTGTTAATTATTTTTCACTG,21,1,23.8,5,TTTTT,No,No,
GATCCTCTTCGGTCGTAGACG,21,1,57.1,2,CC,Yes,Yes,TAG
CCTGAGGATTATTCGCGTGCG,21,1,57.1,2,CC,Yes,No,
CAGCCGTATTTGGCTACGATT,21,1,47.6,3,TTT,Yes,No,
TTGTGGTTTCTTATTGATAAT,21,1,23.8,3,TTT,Yes,No,
ACGCTGTCTAAGCGGCAGCAT,21,1,57.1,2,AA,Yes,No,
CCGAATGGGGTGTATAGTGTG,21,1,52.4,4,GGGG,Yes,No,
CAGACGACTTTTTATGTGGTT,21,1,38.1,5,TTTTT,Yes,No,
GAGTCGCCGTTTCAGAAGGTG,21,1,57.1,3,TTT,Yes,No,
CGTGTTTATCTTCAGTCGCTT,21,1,42.9,3,TTT,Yes,No,
TGTAAGTGTGTTTATCCTATT,21,1,28.6,3,TTT,Yes,No,
CCTAGGCCTCGTCTTGTGCTG,21,1,61.9,2,CC,Yes,No,
TTTTTTTGTAAGTGTATTCTG,21,1,23.8,7,TTTTTTT,Yes,No,
TTTTTTTCTAAGTGTATTCTG,21,1,23.8,7,TTTTTTT,Yes,No,
TGTTCTTATAAGCAGGGGATG,21,1,42.9,4,GGGG,Yes,No,
ACTCGTGGGTATCCTAGTGCG,21,1,57.1,3,GGG,Yes,No,
TTTACTTATTATGATTGGAAT,21,1,19.0,3,TTT,Yes,No,
CTGAATGTGATTCATCGTCCT,21,1,42.9,2,AA,Yes,No,
CTGCATCGGTATCGGTAGCGT,21,1,57.1,2,GG,Yes,Yes,TAG
ATGACTAAGCGTAGTACTACG,21,1,42.9,2,AA,Yes,No,
TCGTATCAGGCGCGGAATACG,21,1,57.1,2,GG,Yes,No,
TATTAGATGACTAGGTATTTG,21,1,28.6,3,TTT,Yes,Yes,TAG
CCTCGTGGTGTTGAGCATGCT,21,1,57.1,2,CC,Yes,No,
ACGCGGGTGAATTTTACTGTG,21,1,47.6,4,TTTT,Yes,No,
ATTAAGGGGTCTCATCCGCAT,21,1,47.6,4,GGGG,Yes,No,
TTTGGGTGGTCTGTGATGGAT,21,1,47.6,3,TTT,Yes,No,
TTTAAGCAGCATGCTGATTCG,21,1,42.9,3,TTT,Yes,No,
CCGGTTGATAATACTATTATT,21,1,28.6,2,CC,Yes,No,
TAGAATCCTCATGATCATGTG,21,1,38.1,2,AA,Yes,Yes,TAG
ACGTAGATGATTTCTAATAAG,21,1,28.6,3,TTT,Yes,Yes,TAG
TCGTATATGCGTGGGATTTCT,21,1,42.9,3,GGG,Yes,No,
CCTAATAATCGTCCTTATAAT,21,1,28.6,2,CC,Yes,No,
TGGTTGTATCTTGCTATTATT,21,1,28.6,2,GG,Yes,No,
TTGCGTATGCTGACTACTGGG,21,1,52.4,3,GGG,Yes,No,
GCGGCGCTTAATTTTCATATG,21,1,42.9,4,TTTT,Yes,No,
TTTCAGGTTAAGAGGCATCCG,21,1,47.6,3,TTT,Yes,No,
TTTTGGACGGGTTCGAATGGG,21,1,52.4,4,TTTT,Yes,No,
TTTGTTCCTACTTAGCGTTCT,21,1,38.1,3,TTT,Yes,Yes,TAG
GATAATTAGTATGTTAATGAAT,22,1,18.2,2,AA,NA,NA,NA
TTGAAGCATTATTTTCATCAT,21,1,23.8,4,TTTT,Yes,No,
TATACTGATCGTATTCATAAT,21,1,23.8,2,TT,Yes,No,
TGTGCGGGTCAGAATGCTTTT,21,1,47.6,4,TTTT,Yes,No,
CGTGTTGGAGGCATTTGTATTCGC,24,1,50.0,3,TTT,NA,NA,NA
TTTCAGAGTGTGATGAAGATT,21,1,33.3,3,TTT,Yes,No,
CTGGATCCTGCTGATCTTCAG,21,1,52.4,2,GG,Yes,No,
CAGGGGCATGGTCAGCAGCGG,21,1,71.4,4,GGGG,Yes,No,
TAGATTGTTTGTGTTTAGAAT,21,1,23.8,3,TTT,Yes,Yes,"TAG,TAG"
TATCGGAGGAATTATAAGCGT,21,1,38.1,2,GG,Yes,No,
ATGGTGCATTATGCTATGCGT,21,1,42.9,2,GG,Yes,No,
GCTGATACGAATTATGATTGG,21,1,38.1,2,AA,Yes,No,
CCGTTTAAGTAGGTTAGTTTT,21,1,33.3,4,TTTT,Yes,Yes,TAG
TCTCATGCTGGGCTTGCGATT,21,1,52.4,3,GGG,Yes,No,
ACTGTTGCGGATACTAGTTTT,21,1,38.1,4,TTTT,Yes,No,
CATGGAGGAGATTTAGAAGGCG,22,1,50.0,3,TTT,NA,NA,NA
TAGATTCATGTTTTGACTCAG,21,1,33.3,4,TTTT,Yes,Yes,TAG
CCTAATAATACTCCTACGGGT,21,1,42.9,3,GGG,Yes,No,
TTTCCTTTTTTTCCTCGTAAT,21,1,28.6,7,TTTTTTT,Yes,No,
GATCTTCCTTAGCATACTCGT,21,1,42.9,2,TT,Yes,Yes,TAG
CTTAAGGTTCTTCCTAAGTAT,21,1,33.3,2,TT,Yes,No,
TTTAAGATGAATGATTGGCAG,21,1,33.3,3,TTT,Yes,No,
TGTAGTCCTGTGAATCGTTAT,21,1,38.1,2,CC,Yes,No,
AATAGTCAGGAGCTTTAGTTT,21,1,33.3,3,TTT,Yes,Yes,TAG
CAGATGGTTATTCCTCTTTTT,21,1,33.3,5,TTTTT,Yes,No,
AAGCGTCCGATTGCGGTTAAG,21,1,52.4,2,AA,Yes,No,
TCGTAGATTGTGGTCTAG,18,1,44.4,2,TT,NA,NA,NA
AAGGGTAGGGATAATCTTATG,21,1,38.1,3,GGG,Yes,No,
CAGTAGTCTTATCTGTCTGAT,21,1,38.1,2,TT,Yes,Yes,TAG
TCTTTTTGGCGTCTGATTTAG,21,1,38.1,5,TTTTT,Yes,Yes,TAG
AATTATCAGGTGTTGCCGCTG,21,1,47.6,2,AA,Yes,No,
TCTTCGCGGGATATTTAGATG,21,1,42.9,3,GGG,Yes,Yes,TAG
AAGAATCGTCGGCTGATTGCT,21,1,47.6,2,AA,Yes,No,
ATGCGTCATAGGATGCCTCTT,21,1,47.6,2,GG,Yes,No,
ATTTTGGATGCGGATATTCGG,21,1,42.9,4,TTTT,Yes,No,
AAGACGCTGGAGTATAAGTCG,21,1,47.6,2,AA,Yes,No,
GGTTAGGTGGATTGTTAGCTG,21,1,47.6,2,GG,Yes,Yes,"TAG,TAG"
AGGGGGACTTAGAATAGTAAG,21,1,42.9,5,GGGGG,Yes,Yes,TAG
AATCATTAGTCTTAGAAGTTT,21,1,23.8,3,TTT,Yes,Yes,"TAG,TAG"
GTGTAGTATGTTAATGTGGCT,21,1,38.1,2,TT,Yes,Yes,TAG
TTGAAGCAGAGGCATTTGCCG,21,1,52.4,3,TTT,Yes,No,
CGTATGACGTGTTCGAATGTT,21,1,42.9,2,TT,Yes,No,
CTTGTAGTTTATTCCGATT,19,1,31.6,3,TTT,NA,NA,NA
TCGCCGACTCAGCGTTTGAAT,21,1,52.4,3,TTT,Yes,No,
GGTCAGTCGACGGCTGGTT,19,1,63.2,2,GG,NA,NA,NA
GCGCCGTGGGAGTATTTTGCT,21,1,57.1,4,TTTT,Yes,No,
GTGTTTGTTGGGCGTTAGAAT,21,1,42.9,3,TTT,Yes,Yes,TAG
CGTATGAAGAGTCATTCTATT,21,1,33.3,2,AA,Yes,No,
CAGCGTACGGATCCTACTCGG,21,1,61.9,2,GG,Yes,No,
CATTGGGGTTTTAAGATAGT,20,1,35.0,4,GGGG,NA,NA,NA
CATTGGACGCGTAAGCAGTTG,21,1,52.4,2,TT,Yes,No,
ATTGCTGATTCGGCGTCGGAT,21,1,52.4,2,TT,Yes,No,
TCGATGCTTAATTGTATTAAT,21,1,23.8,2,TT,Yes,No,
GATTAGCCGTATAGGAATATT,21,1,33.3,2,TT,Yes,Yes,TAG
ATTGTGATTAATTCGAGGTGT,21,1,33.3,2,TT,Yes,No,
TATATTAGTCAGCATAGTTTT,21,1,23.8,4,TTTT,Yes,No,
CATCTTGGTGCGTCTTCTGATT,22,1,45.5,2,TT,NA,NA,NA
CAGACGTGGAATACGACGCTT,21,1,52.4,2,GG,Yes,No,
GTTCTGAAGAAGTATAGGGTG,21,1,42.9,3,GGG,Yes,No,
TGGTGTAGCTTCCGAGGGCT,20,1,60.0,3,GGG,NA,NA,NA
AGGGATCTTCTTAGGATGTTT,21,1,38.1,3,GGG,Yes,No,
ATGCATCCTCTGGCTAATCGG,21,1,52.4,2,CC,Yes,No,
TTTCGGCTTCCTACGGATCAT,21,1,47.6,3,TTT,Yes,No,
CATAGGTGTCGTAGGCTTTTT,21,1,42.9,5,TTTTT,Yes,No,
AGTAAGTTTACTTCGCAGAAT,21,1,33.3,3,TTT,Yes,No,
CCTGCGCAGATTATGCCTACG,21,1,57.1,2,CC,Yes,No,
CTGTAGAATGATGGCGGAG,19,1,52.6,2,AA,NA,NA,NA
CTGCCTTATAGTATTAGTTGT,21,1,33.3,2,CC,Yes,No,
TATGATACGTGTATTTCGATT,21,1,28.6,3,TTT,Yes,No,
AGTAATGATTGGTGGAATCTT,21,1,33.3,2,AA,Yes,No,
CTGAATTTTTGTTATCTTAGT,21,1,23.8,5,TTTTT,Yes,No,
CATACGCAGCATGTTGCTGGTT,22,1,50.0,2,TT,NA,NA,NA
AATTCGCATTCTCTGGCGGTTG,22,1,50.0,2,AA,NA,NA,NA
TCGTATACTTGGTGGTTCTAT,21,1,38.1,2,TT,No,No,
CCGGGTCGTCGTAGGGGTTAG,21,1,66.7,4,GGGG,Yes,Yes,TAG
CCGAATAAGATGTCGCTTAGT,21,1,42.9,2,CC,Yes,No,
TGTCGTATTAATCTTATGACT,21,1,28.6,2,TT,Yes,No,
TAGCGTCCTAGTGGGAATAAT,21,1,42.9,3,GGG,Yes,Yes,TAG
CTGACTCGGCCGCCTTAGACT,21,1,61.9,2,GG,Yes,Yes,TAG
CCGTATCTGTTGCGTACTAAT,21,1,42.9,2,CC,Yes,No,
ACTATTCGTTGGTGTATTAGT,21,1,33.3,2,TT,Yes,No,
TTTTCTCCGCATCATTAGTCT,21,1,38.1,4,TTTT,Yes,Yes,TAG
ATTGTTGCGTATATTGATTAT,21,1,23.8,2,TT,Yes,No,
CCTTAGCTTTTGCTTGTGCCT,21,1,47.6,4,TTTT,Yes,Yes,TAG
ACGAATACGACGCCGGTTACG,21,1,57.1,2,AA,Yes,No,
AGGGTCCGTTGTGGGCGGCG,20,1,75.0,3,GGG,NA,NA,NA
GTGATGTTGGAGGTGAATGGG,21,1,52.4,3,GGG,Yes,No,
CTGTGGGATGCGGGGTGGTAT,21,1,61.9,4,GGGG,Yes,No,
CATGATAGTATTCGGATGTAG,21,1,38.1,2,TT,Yes,Yes,TAG
GTGTGTCTGTCTACGGGGACT,21,1,57.1,4,GGGG,Yes,No,
TCGTAGAGTCTGCATTAGGGT,21,1,47.6,3,GGG,Yes,Yes,"TAG,TAG"
GGTCCTGGTACTGCTTAGAAT,21,1,47.6,2,GG,Yes,Yes,TAG
TCTCAGGATGTGAGGAGTCAG,21,1,52.4,2,GG,Yes,No,
CGTATTAAGCATACTAGTGAG,21,1,38.1,2,TT,Yes,No,
CATTAGAGGGTGAGGGTGTCG,21,1,57.1,3,GGG,Yes,Yes,TAG
ATTAATTCTAATCATCATCTT,21,1,19.0,2,TT,Yes,No,
CTGGTGTCTGAGTGTATGGCT,21,1,52.4,2,GG,Yes,No,
ACTAATTCTGCTGTTTATCCT,21,1,33.3,3,TTT,Yes,No,
CATCATTTGACGGGGCCTCTG,21,1,57.1,4,GGGG,Yes,No,
ACGTTTATTCGTTCTAAGAGG,21,1,38.1,3,TTT,Yes,No,
TTTTTTGCGAGGGATACTAAG,21,1,38.1,6,TTTTTT,Yes,No,
CCGTGGCTGCAGCCTATGGAG,21,1,66.7,2,CC,Yes,No,
TTGAATCAGAAGATTAGTACG,21,1,33.3,2,TT,Yes,No,
ACGTTTTAGCAGTGTCCTGAT,21,1,42.9,4,TTTT,Yes,Yes,TAG
TATATTAATATGGTGCTGCTG,21,1,33.3,2,TT,Yes,No,
CCTCCTCCGTGGCGTTGTTGG,21,1,66.7,2,CC,Yes,No,
ACGTTTTTTACTCTGAGTCAT,21,1,33.3,6,TTTTTT,Yes,No,
AAGAAGATGTTGCTTAAGTAT,21,1,28.6,2,AA,Yes,No,
CATACTAGGACGAATTCTGGT,21,1,42.9,2,GG,Yes,No,
CATGTTACGTTTGTTAATGTT,21,1,28.6,3,TTT,Yes,No,
ATTTGTGCGTATTGTTTGTTT,21,1,28.6,3,TTT,Yes,No,
CATCAGCCTTGTTGGACTAAG,21,1,47.6,2,CC,Yes,No,
CGTAGGGGGGCTAATCTTCAG,21,1,57.1,6,GGGGGG,Yes,No,
CGGAAGCAGTATTATAGAAT,20,1,35.0,2,GG,NA,NA,NA
CTTCCTCCTTAGTGGTCGGGG,21,1,61.9,4,GGGG,Yes,Yes,TAG
TCGCATGAGAATTATTCTGTG,21,1,38.1,2,AA,Yes,No,
GGTCGTCGTTGTAGTTTTCTT,21,1,42.9,4,TTTT,Yes,No,
GTGATTTATCTTTATGCTTGT,21,1,28.6,3,TTT,Yes,No,
ATGCTTACGCTTACTTATGGT,21,1,38.1,2,TT,Yes,No,
TCGAATAGTTATAATATTCCT,21,1,23.8,2,AA,Yes,No,
CTTATGCTTCCGAATCAGTTT,21,1,38.1,3,TTT,Yes,No,
TGGCGTGTTACGTATATTGAG,21,1,42.9,2,GG,Yes,No,
GATTTTGGGGGGGACTTAGTTCG,23,1,52.2,7,GGGGGGG,NA,NA,NA
GCTCCTAAGAGTAATCATAAT,21,1,33.3,2,CC,Yes,No,
TTTATTTTGTATATTCTGTAT,21,1,14.3,4,TTTT,Yes,No,
TAGGCTTGCTTGTTTTTAGCAAT,23,1,34.8,5,TTTTT,NA,NA,NA
TATGAGGCTCATGGGGGTACT,21,1,52.4,5,GGGGG,Yes,No,
GTTGCTTAGGCTATTAAGCGT,21,1,42.9,2,TT,Yes,Yes,TAG
ATGAGTCATTGGCTTGATGAT,21,1,38.1,2,TT,Yes,No,
CATTAGCTTCTGAGTTGGTAG,21,1,42.9,2,TT,Yes,Yes,"TAG,TAG"
CGGAAGATGTCTAGTGATGAT,21,1,42.9,2,GG,Yes,No,
TGGAAGTCTTTTATGCCGATT,21,1,38.1,4,TTTT,Yes,No,
TAGTGTTAGATTGATTAGACT,21,1,28.6,2,TT,Yes,Yes,"TAG,TAG,TAG"
GTTTCTTTGTTTAAGGTTAAT,21,1,23.8,3,TTT,Yes,No,
TCGAAGAAGGGTAGTTAGTGT,21,1,42.9,3,GGG,Yes,Yes,TAG
AATTTTCTTGGGTGGAATTAG,21,1,33.3,4,TTTT,Yes,Yes,TAG
CCGATTCCTAATCGGACTTGG,21,1,52.4,2,CC,Yes,No,
TATGTTTATATTATTCATCGT,21,1,19.0,3,TTT,Yes,No,
CTGCCGATGCGGCGGGCTGTG,21,1,76.2,3,GGG,Yes,No,
CTGAGGTAGTAGGCATGAGGAG,22,1,54.5,2,GG,NA,NA,NA
CTGAGGTGGTGGGTGGAGGAG,21,1,66.7,3,GGG,Yes,No,
ATGTCGATGATTGATCTGTTG,21,1,38.1,2,TT,Yes,No,
AGGCCTTAGCGGTCTACTCAT,21,1,52.4,2,GG,Yes,Yes,TAG
CATATTCATTTTGTGATGCAT,21,1,28.6,4,TTTT,Yes,No,
TGGAGTGGGTCGGTGAAGCGG,21,1,66.7,3,GGG,Yes,No,
AGTACTGTTCTTGTTGGGGGT,21,1,47.6,5,GGGGG,Yes,No,
GATCCCATTCGGCTTTTCCGCTT,23,1,52.2,4,TTTT,NA,NA,NA
AGAGAATTTTGATAAGAGGAGT,22,1,31.8,4,TTTT,NA,NA,NA
CTGGCTGCGGATTGTAATAAT,21,1,42.9,2,GG,Yes,No,
AATAATCTTTCGTCGCGTCTT,21,1,38.1,3,TTT,Yes,No,
TATTGTAGTAGGCTTAGTAAG,21,1,33.3,2,TT,Yes,No,
GTTTTGCTGCCTTTGCTTTCG,21,1,47.6,4,TTTT,Yes,No,
CCTGGTGCGAATGCTTTGTCG,21,1,57.1,3,TTT,Yes,No,
TCGACTTGGGAGTTGATGATG,21,1,47.6,3,GGG,Yes,No,
TCGGCTGATCATTGGACGTCG,21,1,57.1,2,GG,Yes,No,
ATGATTTTGCATGGGCCGGTG,21,1,52.4,4,TTTT,Yes,No,
AAGAAGGCGCTGATTGGGCAT,21,1,52.4,3,GGG,Yes,No,
GGGAGTAATTATAATACTGCT,21,1,33.3,3,GGG,Yes,No,
TCGAATAAGCTTTTTAATTAT,21,1,19.0,5,TTTTT,Yes,No,
GAGATTGGTTTTAAGCCTATG,21,1,38.1,4,TTTT,Yes,No,
CATGGTCTGGGTGAGGATCGG,21,1,61.9,3,GGG,Yes,No,
AAGGTTCGTTATCATATTTTTG,22,1,27.3,5,TTTTT,NA,NA,NA
AATAGGGATTGTGGGAGTAAG,21,1,42.9,3,GGG,Yes,No,
TCTTTGGCCTACGGGGTGTGAG,22,1,59.1,4,GGGG,NA,NA,NA
TATGAGTATAATGTTTCGAGG,21,1,33.3,3,TTT,Yes,No,
TCTGAGAAGTATCATGTGAAG,21,1,38.1,2,AA,Yes,No,
ATTGCGCCGGGTATTCGGAAG,21,1,57.1,3,GGG,Yes,No,
GTTTTGTTTGGTCCTGCGCTG,21,1,52.4,4,TTTT,Yes,No,
AGGCAGTATTTGTTGCAGGTT,21,1,42.9,3,TTT,Yes,No,
AAGTTCGAGGTGGCTGCATCCG,22,1,59.1,2,AA,NA,NA,NA
AAGTAGAGGTGGCTGCATCCG,21,1,57.1,2,AA,Yes,Yes,TAG
TGGCTGTATGTTTATACTGCT,21,1,38.1,3,TTT,Yes,No,
ATGTGGGATTGTCCTTATTAG,21,1,38.1,3,GGG,Yes,Yes,TAG
TGTTTGCATAATTTTAGGAAG,21,1,28.6,4,TTTT,Yes,No,
TTTTCTTTTTATTTGAATACT,21,1,14.3,5,TTTTT,Yes,No,
ATTAGTGAGCCTTTGGATATT,21,1,33.3,3,TTT,Yes,No,
TATGATTAGGCTTAGACGCTG,21,1,42.9,2,TT,Yes,Yes,"TAG,TAG"
ACTTATTAGAATATTTTGCGT,21,1,23.8,4,TTTT,Yes,Yes,TAG
ATGAATAGTTGGCTGGTTACT,21,1,38.1,2,AA,Yes,No,
ACTAATGATTATGTTGATGTG,21,1,28.6,2,AA,Yes,No,
CCTTCGCATGTTTTGAATGTT,21,1,38.1,4,TTTT,Yes,No,
TGTGGTCTGCTGCCTACTATT,21,1,47.6,2,GG,Yes,No,
AGTCTTGATCGTAATTCTTCG,21,1,38.1,2,TT,Yes,No,
TTGAGTAGAGTTCGCATTAT,20,1,35.0,2,TT,NA,NA,NA
TTGGCGTGTAGGGGGTATCTT,21,1,52.4,5,GGGGG,Yes,No,
CCGGTTATGTAGCTTACGTTT,21,1,42.9,3,TTT,Yes,Yes,TAG
CATAGGACTAGGTCGATGTTG,21,1,47.6,2,GG,Yes,No,
ACGTATCTTAGGCATAATAAT,21,1,28.6,2,TT,Yes,No,
TCTTTGTTTAATCCTATTGCG,21,1,33.3,3,TTT,Yes,No,
GAGTGTACTCCGATTTGTGGG,21,1,52.4,3,TTT,Yes,No,
GAGATTTCGGAGCATATGCAT,21,1,42.9,3,TTT,Yes,No,
GCGGGGCCTATGTCTTAGATG,21,1,57.1,4,GGGG,Yes,Yes,TAG
CGGAGGCAGATTCATTCTTGG,21,1,52.4,2,GG,Yes,No,
GTTAATTATTTTTAGTAGAGG,21,1,23.8,5,TTTTT,Yes,Yes,"TAG,TAG"
ATGTATACGCTTTTTTGTTCG,21,1,33.3,6,TTTTTT,Yes,No,
AAGGCTGAGAGTGGTCGGGTT,21,1,57.1,3,GGG,Yes,No,
AGGAATGCGTAGACTCTTGGG,21,1,52.4,3,GGG,Yes,Yes,TAG
AGCTAGCCCAGAACTTGGG,19,1,57.9,3,CCC,NA,NA,NA
CATCATGGTGCTGGTAATCAT,21,1,42.9,2,GG,Yes,No,
GGTGATCGTGTTTTTGGTAGT,21,1,42.9,5,TTTTT,Yes,No,
AAGTCTACTCAGGTTAAGAAT,21,1,33.3,2,AA,Yes,No,
TTTCGTTCTCCTTATTATCGT,21,1,33.3,3,TTT,Yes,No,
CGGCCGGAGTTTATTGATCGT,21,1,52.4,3,TTT,Yes,No,
AATATTAATAATGTGCCGAGG,21,1,33.3,2,AA,Yes,No,
TGTACGTAGATGGTTGGGCCT,21,1,52.4,3,GGG,Yes,Yes,TAG
ACTCTGTGGATTAATGATAAT,21,1,28.6,2,GG,Yes,No,
TCTGTGAGGCCTAGGCCTACT,21,1,57.1,2,GG,Yes,No,
AATGATTTGATTATTGATGGT,21,1,23.8,3,TTT,Yes,No,
GCTTTGCTGGTTAGCCGCGT,20,1,60.0,3,TTT,NA,NA,NA
CCGGTGTAGTGTTATTAGAAT,21,1,38.1,2,CC,Yes,Yes,"TAG,TAG"
GCTGGGGGTCAGATTAAGAGG,21,1,57.1,5,GGGGG,Yes,No,
TAGTGTTGTGCTGGTGGGAGG,21,1,57.1,3,GGG,Yes,Yes,TAG
TATCATTAGACGACTCGTC,19,1,42.1,2,TT,NA,NA,NA
CTTTAAGCTCTGAGTGAGGAGGCG,24,1,54.2,3,TTT,NA,NA,NA
CTTATTCTGAGTGAGGAGGCG,21,1,52.4,2,TT,Yes,No,
AAGGGTACTCTGATGTTGATT,21,1,38.1,3,GGG,Yes,No,
CATGATGTTTGGCAGACGCTT,21,1,47.6,3,TTT,Yes,No,
AAGCCTCGGTGTGATCAGTTG,21,1,52.4,2,AA,Yes,No,
GATCAGTAGCTGCCGTCTTTT,21,1,47.6,4,TTTT,Yes,Yes,TAG
CGTTATGGTTCGGCTGTGCGG,21,1,61.9,2,TT,Yes,No,
ACTATTAATAATGCGCCTTAG,21,1,33.3,2,TT,Yes,Yes,TAG
GGTGTTAGGCTTATTTATATG,21,1,33.3,3,TTT,Yes,No,
CCTAGGAATGTGGGGACTGCT,21,1,57.1,4,GGGG,Yes,No,
CGGTAAGTGTGAGATTTTGATT,22,1,36.4,4,TTTT,NA,NA,NA
AGGTAGAAGTCTAGGCATGTT,21,1,42.9,2,GG,Yes,Yes,TAG
AATAGGAGGGTATGTTGTGT,20,1,40.0,3,GGG,NA,NA,NA
AATAGGAGGGGTATGTTGTGT,21,1,42.9,4,GGGG,Yes,No,
TATATTGAGGCGTAGATGCTT,21,1,38.1,2,TT,Yes,Yes,TAG
AATTTTATGGCGATGTAGAAT,21,1,28.6,4,TTTT,Yes,Yes,TAG
GGTTATTTTTTTAAGATTGGG,21,1,28.6,7,TTTTTTT,Yes,No,
TCGTTGTTTACTCGGGTTACT,21,1,42.9,3,TTT,Yes,No,
GAGAATTTTCAGCCTTATTCT,21,1,33.3,4,TTTT,Yes,No,
TATTATATGGGTTCTTTTATG,21,1,23.8,4,TTTT,Yes,No,
GAGGCTCGTGTGAGGTGGTGG,21,1,66.7,2,GG,Yes,No,
GATTATAAGACTCAGAATTAG,21,1,28.6,2,TT,Yes,Yes,TAG
TGTTATTTTCATACGCTTAAG,21,1,28.6,4,TTTT,Yes,No,
AAAAGACTTAGGAGCATCTTACT,23,1,34.8,4,AAAA,NA,NA,NA
ATTTGTACGCGTACTCCTTAG,21,1,42.9,3,TTT,Yes,Yes,TAG
GGGAAGTCGCATAAGATTAGT,21,1,42.9,3,GGG,Yes,No,
CCGATTGCTCAGTGGGGTTGT,21,1,57.1,4,GGGG,Yes,No,
TTTATGGCTAATCATCAGAAT,21,1,28.6,3,TTT,Yes,No,
ATTCGTGAGAAGTGGGCTTCT,21,1,47.6,3,GGG,Yes,No,
GGTTTTCCTTATTAGTGGCTT,21,1,38.1,4,TTTT,Yes,Yes,TAG
CATGCTACTAATCCGATTATT,21,1,33.3,2,AA,Yes,No,
TGTGGGTTTCCGCGGGGTTTAG,22,1,59.1,4,GGGG,NA,NA,NA
ACGGATTTGACGATTTAGCTT,21,1,38.1,3,TTT,Yes,Yes,TAG
CATAATCATGATCTGAGGACG,21,1,42.9,2,AA,Yes,No,
CCGAGTTTGTTTACGCGGCAT,21,1,52.4,3,TTT,Yes,No,
CTTTCGGTTATTAATTGGCCT,21,1,38.1,3,TTT,Yes,No,
TCGAGTCTTATGAATTGTACT,21,1,33.3,2,TT,Yes,No,
AGTGTGAGTAATGTTGCTGAG,21,1,42.9,2,AA,Yes,No,
ATGCGGATGATTTATTCGATT,21,1,33.3,3,TTT,Yes,No,
CTGATGTCGGATGGTCCGAGT,21,1,57.1,2,GG,Yes,No,
AAGCATCATGATGCTTTTTTT,21,1,28.6,7,TTTTTTT,Yes,No,
GCTCCTCAGCATACGTGTTTTT,22,1,45.5,5,TTTTT,NA,NA,NA
GATTTGAAGGCTCCGAGTGGG,21,1,57.1,3,TTT,Yes,No,
GCTTGTCGTTATACGGTTCAG,21,1,47.6,2,TT,Yes,No,
AAGCCTATTCCGTCTGATGGT,21,1,47.6,2,AA,Yes,No,
GTTGATTATTCAGATAGTTGT,21,1,28.6,2,TT,No,No,
CAGGAGAAGCGGTTGAAGAAG,21,1,52.4,2,GG,Yes,No,
TAGGCGGCTTGTGATTCTACG,21,1,52.4,2,GG,Yes,Yes,TAG
GTTAGGTCTTAGGGGCAGATG,21,1,52.4,4,GGGG,Yes,Yes,TAG
CTGCCGATTATTAGTTGTCAT,21,1,38.1,2,CC,Yes,No,
TCTGTGCGGGCTTATGCGTGG,21,1,61.9,3,GGG,Yes,No,
TTTAATTCGCATAATTATATT,21,1,14.3,3,TTT,Yes,No,
CTTTAGAGTAAGTGTCGTTAT,21,1,33.3,3,TTT,Yes,Yes,TAG
CCTATTGATATTTCGTGGGGT,21,1,42.9,4,GGGG,Yes,No,
AAGAATAAGTATATTGCTGAT,21,1,23.8,2,AA,Yes,No,
TATATGGGGGTTAATGCGCAT,21,1,42.9,5,GGGGG,Yes,No,
CGTTCGCTTGAGCTTAAGAGG,21,1,52.4,2,TT,Yes,No,
GGGTATGGGATGCAGGCTCCG,21,1,66.7,3,GGG,Yes,No,
AGTCATGGGCAGTTGCTTTTG,21,1,47.6,4,TTTT,Yes,No,
GAGATTAATTTGATTACTAAG,21,1,23.8,3,TTT,Yes,No,
GATCTTTAGGTGGATCATAAT,21,1,33.3,3,TTT,Yes,Yes,TAG
CTGTAGGTTCATCTTACTTAT,21,1,33.3,2,GG,Yes,Yes,TAG
TAGCATTGGGTGGCTGTATAGGCCG,25,1,56.0,3,GGG,NA,NA,NA
CCTAATCGGAATGTTTTTTCT,21,1,33.3,6,TTTTTT,Yes,No,
TGTTTTTTTCAGTAGCCTGTG,21,1,38.1,7,TTTTTTT,Yes,Yes,TAG
GTTAAGGTTTAGAATCCGCCT,21,1,42.9,3,TTT,Yes,Yes,TAG
GTGTTGATTGAGGAGGGTAAG,21,1,47.6,3,GGG,Yes,No,
CCGAGTAATGTTATTGCGTGG,21,1,47.6,2,CC,Yes,No,
ATGTCTGATAGTCCTGCGTTG,21,1,47.6,2,CC,Yes,No,
TTAGTATTAGTTTGATCAT,19,1,21.1,3,TTT,NA,NA,NA
CGTAATCCGGGTTATTTTGAG,21,1,42.9,4,TTTT,Yes,No,
TCTCTGAGTGGGGTCTTGTT,20,1,50.0,4,GGGG,NA,NA,NA
AATATGTCGTCTCGGATGCCT,21,1,47.6,2,AA,Yes,No,
AGGAATTATCGGATTAATAGT,21,1,28.6,2,GG,Yes,No,
ACGGGGACGCCTGGGCGTGCG,21,1,81.0,4,GGGG,Yes,No,
AATAATCTGACTTGTAGGAAT,21,1,28.6,2,AA,Yes,No,
CATATTAAGCATCAGACTGAG,21,1,38.1,2,TT,Yes,No,
CAGTTTTCTTCGAAGCATTAG,21,1,38.1,4,TTTT,Yes,Yes,TAG
ACTAGTAGGCCTCATGAGAGG,21,1,52.4,2,GG,Yes,No,
ATGCATATTCCGTCGGATAAG,21,1,42.9,2,TT,Yes,No,
CGGACGGGTGTGAGTTATAAAG,22,1,50.0,3,GGG,NA,NA,NA
TAGTCGGCGCGTAGTGTGCTG,21,1,61.9,2,GG,Yes,Yes,TAG
CTTGTTAAGATGGATGGTCAT,21,1,38.1,2,TT,Yes,No,
GATCTTGCGTATACTTATTCT,21,1,33.3,2,TT,Yes,No,
ACTCCGTATTGTTCTGCTGTAT,22,1,40.9,2,CC,NA,NA,NA
GTTACTTTGACTTTTTCGATT,21,1,28.6,5,TTTTT,Yes,No,
AATCCTTTTAATAGTTGGTAT,21,1,23.8,4,TTTT,Yes,No,
CCGGATGTGATTGATAATTAT,21,1,33.3,2,CC,Yes,No,
GAGTAGTGGGCGTAGCTTTAT,21,1,47.6,3,GGG,Yes,Yes,"TAG,TAG"
CTGGTTTTTGAGTCGATTGTT,21,1,38.1,5,TTTTT,Yes,No,
TATTTTTCGAATATGATGTTT,21,1,19.0,5,TTTTT,Yes,No,
TATTGGCCTATGTATTATAGT,21,1,28.6,2,TT,Yes,No,
AAGAGTAAGTTTGTTTGTTG,20,1,30.0,3,TTT,NA,NA,NA
CATATGTATCTGAGGTGTACG,21,1,42.9,2,GG,Yes,No,
GTGTGTAGGATGCTTAATAAG,21,1,38.1,2,GG,Yes,No,
TTTAAGTTTGTTGGTGCTCTG,21,1,38.1,3,TTT,Yes,No,
TAGGATTTGGGGATTACTACT,21,1,38.1,4,GGGG,Yes,Yes,TAG
ACTTGTACTTGGTTTCTTCCT,21,1,38.1,3,TTT,Yes,No,
TTTAGTGCGCATGAGCATGCG,21,1,52.4,3,TTT,Yes,No,
CCGAAGTGTCCTAGGCATCAT,21,1,52.4,2,CC,Yes,No,
CATGCGGATTATATTGAGAGT,21,1,38.1,2,GG,Yes,No,
CCTTGGAAGATTAATTAGGCG,21,1,42.9,2,CC,Yes,Yes,TAG
ACGAGGCTTATTTTTACGCTG,21,1,42.9,5,TTTTT,Yes,No,
CCGGTTACGAATCATCTTGGG,21,1,52.4,3,GGG,Yes,No,
GCTGATGGGTGGAGTAAGTAT,21,1,47.6,3,GGG,Yes,No,
CCGGATCCGTCTGAGCCGTAG,21,1,66.7,2,CC,Yes,Yes,TAG
TATAATCCGGAGCGGGATATT,21,1,42.9,3,GGG,Yes,No,
AGGCATGCTTGTAGTTCTGAT,21,1,42.9,2,GG,Yes,No,
CAGATTAAAGACTGAGGTGTGG,22,1,45.5,3,AAA,NA,NA,NA
ACTGCGTCTAGGTGGATGTAT,21,1,47.6,2,GG,Yes,No,
CATTAGGAGATGTATAGTAGT,21,1,33.3,2,TT,Yes,Yes,TAG
TAGCGTAATGGGTATATTCTG,21,1,38.1,3,GGG,Yes,Yes,TAG
GATAATGCTGGTCAGGCTAAG,21,1,47.6,2,AA,Yes,No,
CATATGACGGTGCCGGAGGAG,21,1,61.9,2,GG,Yes,No,
TTTAGTATTCAGCAGGGGAAG,21,1,42.9,4,GGGG,Yes,No,
CAGATGACTGGTATTCCGGCG,21,1,57.1,2,GG,Yes,No,
CCGCTGAGTTATGCGCATCAT,21,1,52.4,2,CC,Yes,No,
TTGCAGGCTAAGATTGCGAAT,21,1,42.9,2,TT,Yes,No,
GTTGAGTGTACGGGGAATGTT,21,1,47.6,4,GGGG,Yes,No,
ACGTAGTTTACGAATGTGTGG,21,1,42.9,3,TTT,Yes,Yes,TAG
CTGGATGATTTTAATGCGTTG,21,1,38.1,4,TTTT,Yes,No,
AATAAGTAGCTGCGGTTGGGT,21,1,47.6,3,GGG,Yes,Yes,TAG
GATGGTCTGGTCAACGGATCAT,22,1,50.0,2,GG,NA,NA,NA
CTGGATTATAATCCGTTTACT,21,1,33.3,3,TTT,Yes,No,
TTTTCGGTGCGGATGGGGCT,20,1,60.0,4,TTTT,NA,NA,NA
TCTCTTCAGGTTTGTAATCAG,21,1,38.1,3,TTT,Yes,No,
TCTGCTATTACTACTCGGTAT,21,1,38.1,2,TT,Yes,No,
CCGGGTCATCATATGAATTTT,21,1,38.1,4,TTTT,Yes,No,
ATGAGGGATCGTCGGATGCCT,21,1,57.1,3,GGG,Yes,No,
CCTAGTGCGTATCAGTTGGAG,21,1,52.4,2,CC,Yes,No,
CATGTTATTATGGCGATGGGT,21,1,42.9,3,GGG,Yes,No,
CATCAGTTGCATGAGAATAGT,21,1,38.1,2,TT,Yes,No,
GGTAAGCGGGATAGTGATACT,21,1,47.6,3,GGG,Yes,No,
GTTTGTGCGTCTAATAATCCT,21,1,38.1,3,TTT,Yes,No,
TGTTCTCGGTTGTAGGAGTCT,21,1,47.6,2,TT,Yes,Yes,TAG
ATAACTTCTCGGTTGTAGGAGTCT,24,1,41.7,2,AA,NA,NA,NA
AATCTTATGGAGATGTAGAGT,21,1,33.3,2,AA,Yes,Yes,TAG
CCTGCTGGTAGTTAGTAGACT,21,1,47.6,2,CC,Yes,Yes,"TAG,TAG"
TTTTTTTGGGAGTAGCTGTCT,21,1,38.1,7,TTTTTTT,Yes,Yes,TAG
TATGATAGGCATTGTAAGGTG,21,1,38.1,2,GG,Yes,No,
ACTTATAAGCCGTAGAGTAAT,21,1,33.3,2,TT,Yes,Yes,TAG
GTTCAGCATGGTTATCGGAAT,21,1,42.9,2,TT,Yes,No,
TGGTTTCCGTTTGATAAGCAG,21,1,42.9,3,TTT,Yes,No,
TAGTGTCGTCTGGCGGTTACG,21,1,57.1,2,GG,Yes,Yes,TAG
CGTAGGAATAAGCCGACGGAG,21,1,57.1,2,GG,Yes,No,
TTGTAGGGGGAGAAGGTTAAT,21,1,42.9,5,GGGGG,Yes,Yes,TAG
GGGCATGCGGATTCGGTGCCG,21,1,71.4,3,GGG,Yes,No,
TGGGGGGGTGTGTCTGAGTGT,21,1,61.9,7,GGGGGGG,Yes,No,
ACTTTTTACAGAAGTTGAAG,20,1,30.0,5,TTTTT,NA,NA,NA
TGGACTTCTTTTAAGAAGTGG,21,1,38.1,4,TTTT,Yes,No,
TATCATCGGAGTTCTTTTACT,21,1,33.3,4,TTTT,Yes,No,
TATAGTAATGCTCGGTTGCCG,21,1,47.6,2,AA,Yes,No,
TGTTTTCGTAAGATGATTACT,21,1,28.6,4,TTTT,Yes,No,
ACTTGTACGAAGACTTTGTTT,21,1,33.3,3,TTT,Yes,No,
ACGCTAGAGGGAATACTTCG,20,1,50.0,3,GGG,NA,NA,NA
CTGTGTTGTAAGGCTAAGTTG,21,1,42.9,2,TT,Yes,No,
AGTAATTTGTCGTCTCTGAAG,21,1,38.1,3,TTT,Yes,No,
AGTCGGTCTTGTATGTTTAGT,21,1,38.1,3,TTT,Yes,No,
AATAGTGCGTCGACTGCGTGT,21,1,52.4,2,AA,Yes,No,
TTTTTTTTTTCGAGGCAGTGT,21,1,33.3,10,TTTTTTTTTT,Yes,No,
ATTAGTCCTAATAGGCTTGAG,21,1,38.1,2,TT,Yes,No,
CATACGTATATGACGAGGAAT,21,1,38.1,2,GG,Yes,No,
AGTCGGCTGAGTCCTATTATT,21,1,42.9,2,GG,Yes,No,
TATTGTGTTTGGTCTACTCTT,21,1,33.3,3,TTT,Yes,No,
AGGAATTAGTTGTCTGATTTT,21,1,28.6,4,TTTT,Yes,Yes,TAG
CCTTTTCGGCGGCATATGTCG,21,1,57.1,4,TTTT,Yes,No,
CGTTGTATGGCTAGGTATACT,21,1,42.9,2,TT,Yes,No,
GTTAAGGTTGTTTCTGCGATG,21,1,42.9,3,TTT,Yes,No,
GATATTTGTCTTCAGACTTTG,21,1,33.3,3,TTT,Yes,No,
TTTTGTGGGAGTCCGCAGTG,20,1,55.0,4,TTTT,NA,NA,NA
GATTTTAGGACTTATTTGCAT,21,1,28.6,4,TTTT,Yes,No,
CATAATGGGTCTGTTAGTAGT,21,1,38.1,3,GGG,Yes,No,
GTTCGTACTTCTTCTGAGAGT,21,1,42.9,2,TT,Yes,No,
TTGACTAATTATTATAATACT,21,1,14.3,2,TT,Yes,No,
CTGAGTCATGATCTTGAGAAG,21,1,42.9,2,TT,Yes,No,
AATGGTTATCAGTCTTGTATG,21,1,33.3,2,AA,Yes,No,
TTTACGCAGGTTTCTCCGTGT,21,1,47.6,3,TTT,Yes,No,
AATTATAATTGGAGGAGTTTG,21,1,28.6,3,TTT,Yes,No,
TGGAATGCTTCTATGGCTATG,21,1,42.9,2,GG,Yes,No,
ACTAAGGAGAAGAATACTCAG,21,1,38.1,2,AA,Yes,No,
TATAATTTTAAGAGTACGGGG,21,1,33.3,4,TTTT,Yes,No,
AGGCGGAAGTTTTATTCGGAT,21,1,42.9,4,TTTT,Yes,No,
ATTTCTCAAGCGCGTTCCG,19,1,52.6,3,TTT,NA,NA,NA
CTTGGTTCGAATCATTATACT,21,1,33.3,2,TT,Yes,No,
CAGAGTGATGTTGTGAGTACT,21,1,42.9,2,TT,Yes,No,
GAAATTCATAGGTGTTTTATTAAG,24,1,25.0,4,TTTT,NA,NA,NA
TTTATTCCGAAGAAGTGTATG,21,1,33.3,3,TTT,Yes,No,
CATGATCATAATCTTACGCGG,21,1,42.9,2,AA,Yes,No,
TTTCAGGCTGCTACGTATTCG,21,1,47.6,3,TTT,Yes,No,
ACGGGTGTGCCTAGGCAGAAG,21,1,61.9,3,GGG,Yes,No,
TGGCATCGGTCGATTAAGCAG,21,1,52.4,2,GG,Yes,No,
TGTATGACGTTTTATAAGGTT,21,1,28.6,4,TTTT,Yes,No,
GAGAGTCCTTCTAATGATCTT,21,1,38.1,2,CC,Yes,No,
TAGAATCGTATGAGGTATCGT,21,1,38.1,2,AA,Yes,Yes,TAG
GAGAGGCAGTTTTATACGTAG,21,1,42.9,4,TTTT,Yes,Yes,TAG
GTTCAGTAGTGGTGGTAGAGG,21,1,52.4,2,TT,Yes,Yes,"TAG,TAG"
GGTACTTCGGCGATTCTTCCT,21,1,52.4,2,GG,Yes,No,
ATTGCGCGTCTGTGGATTGCT,21,1,52.4,2,TT,Yes,No,
TCGTGGAGGAGTGCGTATCTT,21,1,52.4,2,GG,Yes,No,
ACGCGGGTGAAGACTAAGGTG,21,1,57.1,3,GGG,Yes,No,
CGGAGTATTAAGGATTAGTTG,21,1,38.1,2,GG,Yes,Yes,TAG
GCTTGGGATGATATTAAGGGG,21,1,47.6,4,GGGG,Yes,No,
CATTTTTAGAAGTTTATGCAT,21,1,23.8,5,TTTTT,Yes,Yes,TAG
CGTTATCATTCGCAGTAGCGG,21,1,52.4,2,TT,Yes,Yes,TAG
AATATGAATGTGCATTCTTCA,21,1,28.6,2,AA,No,No,
AATATGAATGTGCATTCTTCG,21,1,33.3,2,AA,Yes,No,
GAGTTGCTGCCGCATACTTTG,21,1,52.4,3,TTT,Yes,No,
TTGCGGGTTACTTGGCCTAGT,21,1,52.4,3,GGG,Yes,No,
ACTGATGTTAGTTATCAGCAT,21,1,33.3,2,TT,Yes,No,
ACGTAGAATGGGAAGTCGCAT,21,1,47.6,3,GGG,Yes,Yes,TAG
ATTACTTTTTTGTATCCTATG,21,1,23.8,6,TTTTTT,Yes,No,
TGTATTCGGGAGACTTTGTTG,21,1,42.9,3,GGG,Yes,No,
AGTACGCCGTTTCCGCGTTGT,21,1,57.1,3,TTT,Yes,No,
AGGCCTCAGGGTCATAAGATG,21,1,52.4,3,GGG,Yes,No,
CCGCTTGTTTGGCCGTAGACG,21,1,61.9,3,TTT,Yes,Yes,TAG
TATTTGACTTCTTATTATAAT,21,1,14.3,3,TTT,Yes,No,
GGGACGTTGTTGTTTGTGGTT,21,1,47.6,3,GGG,Yes,No,
TCGGATCAGGTTGGGATGGCT,21,1,57.1,3,GGG,Yes,No,
CCTCTGGAGCCGTGGTCGATT,21,1,61.9,2,CC,Yes,No,
TTTGTTTATAATCCTAGTAAG,21,1,23.8,3,TTT,Yes,No,
ACGGGTTATGTTGTATGCAT,20,1,40.0,3,GGG,NA,NA,NA
CGGTTGTTTACTCCTTAGGCT,21,1,47.6,3,TTT,Yes,Yes,TAG
AAGAAGCCTTCTGAGGTGCGG,21,1,57.1,2,AA,Yes,No,
TCGGGGTTTTAGATGCATCCT,21,1,47.6,4,GGGG,Yes,Yes,TAG
CCTAAGCATAATGCTCCGCGG,21,1,57.1,2,CC,Yes,No,
GATTTGAATCATATTAAGCAT,21,1,23.8,3,TTT,Yes,No,
AGGCATGATAAGATTGGTATT,21,1,33.3,2,GG,Yes,No,
ATTACTGGTTTTGAGTTTTGG,21,1,33.3,4,TTTT,Yes,No,
AATGTTCATCAGCGTTGGAGG,21,1,47.6,2,AA,Yes,No,
CAGAGTGAGGGTAAGAATTAT,21,1,38.1,3,GGG,Yes,No,
ACTTGTTCTTCTTGGAATGCG,21,1,42.9,2,TT,Yes,No,
ACTTATCCGATTCTGACGCAG,21,1,47.6,2,TT,Yes,No,
CTTGATACGATGCCGTGGACG,21,1,57.1,2,TT,Yes,No,
ACTATGTAGACTACTAAGTTT,21,1,28.6,3,TTT,Yes,Yes,TAG
GATTTTGCGATGGCGCAGTAG,21,1,52.4,4,TTTT,Yes,Yes,TAG
TTGTAGTATTGGAATTCGCATTA,23,1,30.4,2,TT,NA,NA,NA
TTGTAGTATTGGAATTCGCAT,21,1,33.3,2,TT,Yes,Yes,TAG
ATTATTAATAATATTACTATG,21,1,9.5,2,TT,Yes,No,
TTGGTGTATCAGCAGTCTAAT,21,1,38.1,2,TT,Yes,No,
CGTTATTTGCTTACGCCGGAG,21,1,52.4,3,TTT,Yes,No,
GGTATGTATACGTATAGTGAG,21,1,38.1,2,GG,Yes,No,
GCTGCGACTTTTCCGGCTTAT,21,1,52.4,4,TTTT,Yes,No,
TATAATTATAGTTTTATGTAT,21,1,9.5,4,TTTT,Yes,No,
ATGCATCAGATTATGTCTGCG,21,1,42.9,2,TT,Yes,No,
ACTTGTGTGCGTGATTCGAAG,21,1,47.6,2,TT,Yes,No,
ATGGAGCTTTATAAGTTTAGT,21,1,28.6,3,TTT,Yes,No,
ATGAGGCCTCTGTGCCGACT,20,1,60.0,2,GG,NA,NA,NA
ATGAGGCCTACTGTGCCGACT,21,1,57.1,2,GG,Yes,No,
TATGCGCCTCTTTCGGATCGT,21,1,52.4,3,TTT,Yes,No,
TATTTGGGTGAGAATCAGTGT,21,1,38.1,3,TTT,Yes,No,
GATCCTTAGGAGACTATTGAG,21,1,42.9,2,CC,Yes,Yes,TAG
AATTCGTCGGCGGAGCCGGTT,21,1,61.9,2,AA,Yes,No,
GCTGAGCGGATTTTTTGGGAT,21,1,47.6,6,TTTTTT,Yes,No,
CGTCGGTAGGGTTAGCCGGTG,21,1,66.7,3,GGG,Yes,Yes,"TAG,TAG"
AAGTTTAGGATCTTTCGGCT,20,1,40.0,3,TTT,NA,NA,NA
AGGGATACTCCGAGGCATGC,20,1,60.0,3,GGG,NA,NA,NA
AAGTCGCTTCCGGAGAGTACG,21,1,57.1,2,AA,Yes,No,
ACGGTTCATTATGATTTTTAG,21,1,28.6,5,TTTTT,Yes,Yes,TAG
CCAATAATGCATAGGATG,18,1,38.9,2,CC,NA,NA,NA
ATTCGGGCGCTGTTTCGTCAT,21,1,52.4,3,GGG,Yes,No,
TTTTCGGGTCTAAAATACTATG,22,1,31.8,4,TTTT,NA,NA,NA
CTTAGGGCTTTTAATACGTCT,21,1,38.1,4,TTTT,Yes,No,
CGTTATTAGGGGCATCCTCTG,21,1,52.4,4,GGGG,Yes,Yes,TAG
AGTGGGACTCTTCATAGGGAG,21,1,52.4,3,GGG,Yes,No,
GTGAATGTTTATCAGGATGCG,21,1,42.9,3,TTT,Yes,No,
ATGTTGGATAAGGAGTCTGGG,21,1,47.6,3,GGG,Yes,No,
GTTTTGCATCTTACGGATGAT,21,1,38.1,4,TTTT,Yes,No,
TTGCGTCATCCGGATCTGTCT,21,1,52.4,2,TT,Yes,No,
CATTGTCGGTTTACTTCTTAT,21,1,33.3,3,TTT,Yes,No,
TCGACGCCGACTTGTATGGCG,21,1,61.9,2,CC,Yes,No,
TATTCGCGGGATTCGATGCCT,21,1,52.4,3,GGG,Yes,No,
TATATTGGTCATGCTAAGTGG,21,1,38.1,2,TT,Yes,No,
AAGACGCCTAGGCTTTTTACT,21,1,42.9,5,TTTTT,Yes,No,
GATTCGCATAATAATATTCTG,21,1,28.6,2,TT,Yes,No,
CCTCCGGGTTTTTGGCCTAGG,21,1,61.9,5,TTTTT,Yes,No,
GATGCGTGTAGTTTTTGTAGT,21,1,38.1,5,TTTTT,Yes,No,
CTTGCGTTTTTGCCAATTCCG,21,1,47.6,5,TTTTT,No,No,
CGTTCTATGCGTCGGCGTTCT,21,1,57.1,2,TT,Yes,No,
ATTATTTCGCATCGGAGTCTG,21,1,42.9,3,TTT,Yes,No,
CTTTCGAGGTTGCTTATTGAT,21,1,38.1,3,TTT,Yes,No,
TAGTATGATCAGGATTTTTAT,21,1,23.8,5,TTTTT,Yes,Yes,TAG
CGGCCGCCGTATGCTAAGGCT,21,1,66.7,2,GG,Yes,No,
ATGTATTCTCGTGGTCTTGGG,21,1,47.6,3,GGG,Yes,No,
ACAGAAGGTTCTTAAGTTGAGG,22,1,40.9,2,AA,NA,NA,NA
CAGACGTGGGCTCCGTCTCAG,21,1,66.7,3,GGG,Yes,No,
CTTCATTGGCGTACTAAGCCT,21,1,47.6,2,TT,Yes,No,
AGGGCTCCGATGCGTCGTAGT,21,1,61.9,3,GGG,Yes,No,
CGGGCTGCTCGTTTGACTTCG,21,1,61.9,3,GGG,Yes,No,
AAGTTGGTGAAGGCGATTCCT,21,1,47.6,2,AA,Yes,No,
CCGACTGTATTGCGATGGTT,20,1,50.0,2,CC,NA,NA,NA
CGGGTTTGGAATCTTAGGTAT,21,1,42.9,3,GGG,Yes,No,
CGTACGAGTTCGCCTAGGGCG,21,1,66.7,3,GGG,Yes,No,
CTATTGGCGGTATGCTCGGGTG,22,1,59.1,3,GGG,NA,NA,NA
GAGGATTAGTTTCCTACTGTT,21,1,38.1,3,TTT,Yes,Yes,TAG
TGGCATCGTCAGGCTCCTATT,21,1,52.4,2,GG,Yes,No,
AAGTATACGACGCCTCCGTACT,22,1,50.0,2,AA,NA,NA,NA
AAGTATACGACGCCTCCGTCT,21,1,52.4,2,AA,Yes,No,
GGGTTTTATATGGGGTATCCG,21,1,47.6,4,TTTT,Yes,No,
CCTTTGTCTAGACTCTTTTT,20,1,35.0,5,TTTTT,NA,NA,NA
TGGACGTATCGGTAGTAGCGG,21,1,57.1,2,GG,Yes,Yes,"TAG,TAG"
TCTTTGAAGAAGGCTGGTATG,21,1,42.9,3,TTT,Yes,No,
TTTCGTGGGGCGATGTAGTCT,21,1,52.4,4,GGGG,Yes,Yes,TAG
CTGAATTAGGCGAGGCTGCAT,21,1,52.4,2,AA,Yes,Yes,TAG
TTTTCTGCTTTTAAGGCGTGT,21,1,38.1,4,TTTT,Yes,No,
ATTTGTCATTTTGATATTAGG,21,1,23.8,4,TTTT,Yes,No,
AGTATTTATAATTTTAGGGCG,21,1,28.6,4,TTTT,Yes,No,
CGGGAGCGTCAGTGGGCTGCT,21,1,71.4,3,GGG,Yes,No,
TCTCATGGTCGGATGCTTACG,21,1,52.4,2,GG,Yes,No,
CTTTGGGTTGCTTCTCTGATG,21,1,47.6,3,TTT,Yes,No,
AATACTAGTTCGCATATGATG,21,1,33.3,2,AA,Yes,No,
ATTACGAATATTCAGTATGTT,21,1,23.8,2,TT,Yes,No,
TGTTGGCATTTTAGTGTGATT,21,1,33.3,4,TTTT,Yes,No,
ATGCCGTAGAATGATGAGTAT,21,1,38.1,2,CC,Yes,Yes,TAG
CCTTTTTTTACACAGATTTTT,21,1,23.8,7,TTTTTTT,No,No,
GCGAGGGTGGGTAAGCTGATT,21,1,57.1,3,GGG,Yes,No,
CGTAATTAGCGGGTGCATGAG,21,1,52.4,3,GGG,Yes,Yes,TAG
CGGGATAGTCGGCCTAATATG,21,1,52.4,3,GGG,Yes,No,
GCTCAGTTTACTCCTGCGAGT,21,1,52.4,3,TTT,Yes,No,
CCGAAGTTTGTTACGTTTGCT,21,1,42.9,3,TTT,Yes,No,
TGTGTGTAGCTGATTATGCGT,21,1,42.9,2,TT,Yes,Yes,TAG
GGTACTCGTTATCCGCATGTT,21,1,47.6,2,GG,Yes,No,
CCTAAGTATAGGACGCGGAAT,21,1,47.6,2,CC,Yes,No,
TTGATTAAGACGAATATGCGG,21,1,38.1,2,TT,Yes,No,
AAGAGGCGTAATGAGCGGTAT,21,1,47.6,2,AA,Yes,No,
TTGCATCCTTAGACGATTGTG,21,1,42.9,2,TT,Yes,Yes,TAG
CTGTCGGGTTGTGATTCTGAG,21,1,52.4,3,GGG,Yes,No,
AGTAATTCGTGGCTGGAGTGT,21,1,47.6,2,AA,Yes,No,
CAGCGTTTTTCTAATCATAAG,21,1,33.3,5,TTTTT,Yes,No,
ATGCGGGTGACTAAGAAGTAT,21,1,42.9,3,GGG,Yes,No,
CCTTCTATGATTTTTAATAAG,21,1,23.8,5,TTTTT,Yes,No,
CGTATGGAGGCGCGTCCTGTG,21,1,66.7,2,GG,Yes,No,
CCTCATTCTAATAATTGGGAT,21,1,33.3,3,GGG,Yes,No,
ATGCCTCAGTTTACGAAGAAT,21,1,38.1,3,TTT,Yes,No,
CAGGTGAATCATGAGTCTGCT,21,1,47.6,2,GG,Yes,No,
GTGTCGCTTTGTTTTATGCGT,21,1,42.9,4,TTTT,Yes,No,
AATAAGCATTGGCTTGAGGTG,21,1,42.9,2,AA,Yes,No,
CGGTCGTGTGTTATTGCTCGG,21,1,57.1,2,GG,Yes,No,
TGGATTGGTTAGACTTTGATG,21,1,38.1,3,TTT,Yes,Yes,TAG
CTGCGTGCGATTGCGCTTCGT,21,1,61.9,2,TT,Yes,No,
AATATGCGGGGGGATACGCCG,21,1,61.9,6,GGGGGG,Yes,No,
CTGTGAGTCGTGATTATGGG,20,1,50.0,3,GGG,NA,NA,NA
CCGAATGGTATGTATGGTGAT,21,1,42.9,2,CC,Yes,No,
CGGCGGAATGGTAGTGGTATG,21,1,57.1,2,GG,Yes,No,
GGTTCTTGGATTGAGAAGAAG,21,1,42.9,2,GG,Yes,No,
CGGTGGGAGAAGTATATTTGT,21,1,42.9,3,GGG,Yes,No,
TGGTTGGGTATGCTTAGGTTT,21,1,42.9,3,GGG,Yes,No,
CATATTAAGAATTTTATGACG,21,1,23.8,4,TTTT,Yes,No,
ATGAATGTGCTTCGGAATTTT,21,1,33.3,4,TTTT,Yes,No,
GCTGCGAAGGAGTATATGCAG,21,1,52.4,2,AA,Yes,No,
TCTTGTCCGAATCTGCAGAAT,21,1,42.9,2,TT,Yes,No,
TTTTACGTAAGTAGGATCTT,20,1,30.0,4,TTTT,NA,NA,NA
GAGTATAATCCGTAGTTGGTG,21,1,42.9,2,AA,Yes,Yes,TAG
CTTTCTAGGGATTATAATAAT,21,1,23.8,3,TTT,Yes,No,
TTGGGTCAGTTTTCGTATTTT,21,1,33.3,4,TTTT,Yes,No,
TATCAGAGTGTGGAGCGGTAG,21,1,52.4,2,GG,Yes,Yes,TAG
CTTATGCGGCATTTGGATATT,21,1,38.1,3,TTT,Yes,No,
AGGCGGTATTCTAGGAAATTA,21,1,38.1,3,AAA,No,No,
CGGTGGGAGAGTATATTGT,19,1,47.4,3,GGG,NA,NA,NA
TCGCCGGGGAGGGTTGTTACT,21,1,61.9,4,GGGG,Yes,No,
TATACGAATCGGGATCGGGTT,21,1,47.6,3,GGG,Yes,No,
CAGTAGGCTAAGCGGTTTCCT,21,1,52.4,3,TTT,Yes,Yes,TAG
AGTGCTTATGTTTGTCATTAG,21,1,33.3,3,TTT,Yes,Yes,TAG
GTGCGGAATCGGAGTAGGACT,21,1,57.1,2,GG,Yes,No,
GTTTTGTATTCTTAGACTGGT,21,1,33.3,4,TTTT,Yes,Yes,TAG
TGGCTGAGGCTGGCTTCTAAT,21,1,52.4,2,GG,Yes,No,
TATTTGAGTAGTTATCTGAAT,21,1,23.8,3,TTT,Yes,No,
ACTTATTCAGAATATTTCTCAG,22,1,27.3,3,TTT,NA,NA,NA
TAGTGGGTGGATAGCTTTTG,20,1,45.0,4,TTTT,NA,NA,NA
CGGAATCCGACGTGTCTTTGG,21,1,57.1,3,TTT,Yes,No,
AAGCTTTGTTTTACTTCTGGT,21,1,33.3,4,TTTT,Yes,No,
AGTAAGAAGATTGCTAGTATT,21,1,28.6,2,AA,Yes,No,
GCGTTCTTTCAGCGTTTTAAG,21,1,42.9,4,TTTT,No,No,
CGGATGATTGCTGTTGATGAG,21,1,47.6,2,GG,Yes,No,
GTGTATGCGCTGGCGACTACT,21,1,57.1,2,GG,Yes,No,
CAGATTAAGCATAAGCCGACG,21,1,47.6,2,TT,Yes,No,
ACGGTTCAGTTTCAGAATATG,21,1,38.1,3,TTT,Yes,No,
CTGAAGTGTATTTTGTCTAAG,21,1,33.3,4,TTTT,Yes,No,
AATTGTGGGAATACTTATACG,21,1,33.3,3,GGG,Yes,No,
ATGTGGATGAGTTTAGCTTCTT,22,1,36.4,3,TTT,NA,NA,NA
CAGATTATTAGTCTTTATAAG,21,1,23.8,3,TTT,Yes,No,
AGTGATGTTTTGGAGAATGTT,21,1,33.3,4,TTTT,Yes,No,
CATTTTTATTCGTGTCGTATG,21,1,33.3,5,TTTTT,Yes,No,
GGCGCTTTTATGATTACGGCG,21,1,52.4,4,TTTT,No,No,
CGGAATAGGACTGAGTAGAGT,21,1,47.6,2,GG,Yes,Yes,TAG
TGGAATGGTACGATTATGGCG,21,1,47.6,2,GG,Yes,No,
CATCCTCTGAAGCGTAATGTG,21,1,47.6,2,CC,Yes,No,
CTGCAGGCTGTGTATCTGGGG,21,1,61.9,4,GGGG,Yes,No,
CCTCCTTATACTATGCTGTTT,21,1,38.1,3,TTT,Yes,No,
GGGACTTGTGATGAGGTGATG,21,1,52.4,3,GGG,Yes,No,
CCTCCGCCTCCTACGCTTTAG,21,1,61.9,3,TTT,Yes,Yes,TAG
TCTGGGTCGGCGCGTCTGTCT,21,1,66.7,3,GGG,Yes,No,
CCTTGGGATGATACTTATCGT,21,1,42.9,3,GGG,Yes,No,
AGGTAGTGTATGTCGATTCTG,21,1,42.9,2,GG,Yes,Yes,TAG
CCTTGTTGGAGTTTTTCTAAT,21,1,33.3,5,TTTTT,Yes,No,
CATGGTTATAAGGATACTAAG,21,1,33.3,2,GG,Yes,No,
GAGATACTTTGATTTGTAGT,20,1,30.0,3,TTT,NA,NA,NA
CGGTTTATGCGGCGTACTACG,21,1,57.1,3,TTT,Yes,No,
AATAAGATTCGATGGATATG,20,1,30.0,2,AA,NA,NA,NA
AATAAGGATTCGATGGATATG,21,1,33.3,2,AA,Yes,No,
GTTATTACTCTTAAGTGTATG,21,1,28.6,2,TT,Yes,No,
CAGCATAAGGTGGATTTTAGT,21,1,38.1,4,TTTT,Yes,No,
CCTTTGAATTAGATTGCTCAG,21,1,38.1,3,TTT,Yes,Yes,TAG
CATTTGAAGTAGGAGTGTACT,21,1,38.1,3,TTT,Yes,Yes,TAG
ATTTTTAGTTTTTTGGTTTCG,21,1,23.8,6,TTTTTT,Yes,No,
TCTAATGTGAATTAGCCGGAG,21,1,42.9,2,AA,Yes,Yes,TAG
CGTTATGGTCATCTTGATCGT,21,1,42.9,2,TT,Yes,No,
CCGGGGATAAGAGGCGTGGT,20,1,65.0,4,GGGG,NA,NA,NA
AATAATTGGCCTTTGAGTATT,21,1,28.6,3,TTT,Yes,No,
ATGTGTAATATGGCTTATGGG,21,1,38.1,3,GGG,Yes,No,
TGTTCGAATTCTTTGAGTATT,21,1,28.6,3,TTT,Yes,No,
TATAAGGATGATACGCTGAGT,21,1,38.1,2,AA,Yes,No,
GATAGTAGTCATGAGAGGGTG,21,1,47.6,3,GGG,Yes,No,
GCGTATAGTATGAATACGAGT,21,1,38.1,2,AA,Yes,No,
AATGATCAGACGCATCTTTGG,21,1,42.9,3,TTT,Yes,No,
CCGGATAATAGGTCGAAGACG,21,1,52.4,2,CC,Yes,No,
ATTTTTCTTCTGGTTGCTGCT,21,1,38.1,5,TTTTT,Yes,No,
CGTAGGAATGCTAAGCCGTAT,21,1,47.6,2,GG,Yes,No,
ACGATGTAGATTCCTGATTCG,21,1,42.9,2,TT,Yes,Yes,TAG
TAGTTTCATCTTGAGAGTTCT,21,1,33.3,3,TTT,Yes,Yes,TAG
GATGACTTGGAGGCAGACT,19,1,52.6,2,TT,NA,NA,NA
CGTACGGCTTTGTCTGAGCCG,21,1,61.9,3,TTT,Yes,No,
ACGCTTGCTCGTAATGTTCTT,21,1,42.9,2,TT,Yes,No,
CCGAGTCAGTTTGTTTCTTGG,21,1,47.6,3,TTT,Yes,No,
GGTATTTTTTTGTGTCGTCTG,21,1,38.1,7,TTTTTTT,Yes,No,
TTGAATACGCTGATTATGAAG,21,1,33.3,2,TT,Yes,No,
ACTTATCTGACTATGTATTAG,21,1,28.6,2,TT,Yes,Yes,TAG
ACTTTTTATCTTAAGTGTGCT,21,1,28.6,5,TTTTT,Yes,No,
ACTGAGCTTTCGACGTTGCGT,21,1,52.4,3,TTT,Yes,No,
TATAGTAATTCGGCGGGGTCT,21,1,47.6,4,GGGG,Yes,No,
TGGTATGCTAAGTGTGATGGT,21,1,42.9,2,GG,Yes,No,
TGGAATGATATTTTTTATCAG,21,1,23.8,6,TTTTTT,Yes,No,
TTGAATTAGGGGCCGGCGCTT,21,1,57.1,4,GGGG,Yes,Yes,TAG
AGGCGTACGCGGATGATGCTT,21,1,57.1,2,GG,Yes,No,
GATCGGCATGATAGTTCTCAG,21,1,47.6,2,GG,Yes,No,
TTGTTGACGTCTGTTTGGGAT,21,1,42.9,3,TTT,Yes,No,
GAGCTGGAGAATATTGCTCAT,21,1,42.9,2,GG,Yes,No,
TAGGTTAGTTGGAATCATAT,20,1,30.0,2,GG,NA,NA,NA
TCGGTGATTTATTATTAGGGG,21,1,38.1,4,GGGG,Yes,Yes,TAG
ACGCGTTGTAGTACGCGGACG,21,1,61.9,2,TT,Yes,No,
TGATCTATAAGTCGAATAT,19,1,26.3,2,AA,NA,NA,NA
TTGGTTAATAAGATTAGGCAG,21,1,33.3,2,TT,Yes,No,
CTGGTGCATAATGCGGATTTT,21,1,42.9,4,TTTT,Yes,No,
CTGGTACGTTTATTTAGGCTGCG,23,1,47.8,3,TTT,NA,NA,NA
GTGATTCCTATTGCTACTACT,21,1,38.1,2,TT,Yes,No,
TATTTGCCGGTTAGGAATGAT,21,1,38.1,3,TTT,Yes,No,
ACTACGATTCATTATAGGCCT,21,1,38.1,2,TT,Yes,No,
CCTTGGCTTGATGCGGATATT,21,1,47.6,2,CC,Yes,No,
AGTCTGTTTCGTGCGAGGGTG,21,1,57.1,3,TTT,Yes,No,
TGGATGGAGTTTAGTATGCGG,21,1,47.6,3,TTT,Yes,No,
GGGTATAGTTATCCTGTGGCG,21,1,52.4,3,GGG,Yes,No,
GTGATTACTCCGAAGATTTTT,21,1,33.3,5,TTTTT,Yes,No,
CTGATTGCGCCGAAGGTTCGT,21,1,57.1,2,TT,Yes,No,
CCTTTTTTGCGTCTTACGTAG,21,1,42.9,6,TTTTTT,Yes,Yes,TAG
CAGGAGTCGCTTCCGTAGACT,21,1,57.1,2,GG,Yes,Yes,TAG
GATCAGATTATGCTTAATATT,21,1,23.8,2,TT,Yes,No,
CTTAATATTACTGAGTTTTAG,21,1,23.8,4,TTTT,Yes,Yes,TAG
CCGACGACTGATAGTACTAGG,21,1,52.4,2,CC,Yes,No,
GATCGTTCGTTGTTTTTGTTT,21,1,33.3,5,TTTTT,Yes,No,
AAAGCATCCGCATCTGGAGAGG,22,1,54.5,3,AAA,NA,NA,NA
TGTCAGACTGCGGCTTTGTCT,21,1,52.4,3,TTT,Yes,No,
CTTATGAAGGCGCGGAGGCAG,21,1,61.9,2,TT,Yes,No,
CTTTTGGCTGATTAGTGTTTT,21,1,33.3,4,TTTT,Yes,Yes,TAG
TGGAGGTAGTATATTTCGCGT,21,1,42.9,3,TTT,Yes,Yes,TAG
TTGGCCTACTTCGTAGGCGCCT,22,1,59.1,2,TT,NA,NA,NA
GTTTCGCGTTATACTAGGTGT,21,1,42.9,3,TTT,Yes,No,
CAGGGTTGTTATTTGCGTCCG,21,1,52.4,3,GGG,Yes,No,
GAGGCGGGTTGTTGTAATCTA,21,1,47.6,3,GGG,No,No,
CTGTGTCTTGCGAAGCCTACT,21,1,52.4,2,TT,Yes,No,
TGGCTGCGTATGGTGTGTTCG,21,1,57.1,2,GG,Yes,No,
ATTTATAAGAATTGCTGTTTG,21,1,23.8,3,TTT,No,No,
CAGAAGAATGGGATGTCGACG,21,1,52.4,3,GGG,Yes,No,
GAGTATAGTCTTGTGGTGTTG,21,1,42.9,2,TT,Yes,No,
ATGAATTATTCGCGTGATACG,21,1,38.1,2,AA,Yes,No,
GTTACGTATCATAAGTTGACG,21,1,38.1,2,TT,Yes,No,
TGTTTGTGGCTTCATTCGCAT,21,1,42.9,3,TTT,Yes,No,
ATTCATCGGATTATGTGTTAT,21,1,28.6,2,TT,Yes,No,
AGTGGTAATCAGAGTAAGTGT,21,1,38.1,2,GG,Yes,No,
CCTTTTTAGAGGTAGGTGACGA,22,1,45.5,5,TTTTT,NA,NA,NA
TAGAGGCATAGGGAGCCGATT,21,1,52.4,3,GGG,Yes,Yes,TAG
GGGGATATGCATGTGTATTCT,21,1,42.9,4,GGGG,Yes,No,
CATTGTGAGATGAATCCTCCG,21,1,47.6,2,TT,Yes,No,
TGTATTCAGTCGTAGTATCAG,21,1,38.1,2,TT,Yes,Yes,TAG
GATCGTCAGTATTATAGTAAT,21,1,28.6,2,TT,Yes,No,
ACTTTGAATAGGTCGTTGATT,21,1,33.3,3,TTT,Yes,No,
TATCCGCAGAATCTTAATATT,21,1,28.6,2,CC,Yes,No,
GGTTGTTCGTTTAAGCGGACG,21,1,52.4,3,TTT,Yes,No,
TAGAGGAGGAAGGTGCTGATT,21,1,47.6,2,GG,Yes,Yes,TAG
CTTAAGTTTGATCTTTT,17,1,23.5,4,TTTT,NA,NA,NA
CCGGCTGAGATTTTTCGTACG,21,1,52.4,5,TTTTT,Yes,No,
GAGCAGCGTTATGGTGAGGGG,21,1,61.9,4,GGGG,Yes,No,
ATTTATGTTAAGATGTTGAAT,21,1,19.0,3,TTT,Yes,No,
TTTAGTTCTTTTTATGGTCAG,21,1,28.6,5,TTTTT,Yes,No,
ATTTATGGGCAGGTGTAGTCG,21,1,47.6,3,TTT,Yes,Yes,TAG
GTGAGTTATCATCAGGATTCT,21,1,38.1,2,TT,Yes,No,
GATAAGAGTACTATTGAGGTG,21,1,38.1,2,AA,Yes,No,
ATTTAGCGTAATTTTTGTCTT,21,1,23.8,5,TTTTT,Yes,Yes,TAG
CTTATGAGTGAGCCTTTGGTT,21,1,42.9,3,TTT,Yes,No,
TATGCGTCTTCTGCGCTGACT,21,1,52.4,2,TT,Yes,No,
CCGCGTAGTTCGCTTAGTGAG,21,1,57.1,2,CC,Yes,No,
CAGAGTCGGCTTTTGGTTGAT,21,1,47.6,4,TTTT,Yes,No,
TGGACGTCGATTATGAGTTAT,21,1,38.1,2,GG,Yes,No,
CGTGCTTCTAATTGGTCTCTG,21,1,47.6,2,TT,Yes,No,
TTGAATAAGATTGTGACTGCT,21,1,33.3,2,TT,Yes,No,
ACTAAGATGCTTATTACTTAG,21,1,28.6,2,AA,Yes,Yes,TAG
TTGGTTAAGAATTCTTATGGT,21,1,28.6,2,TT,Yes,No,
GAGCGGAATTAGTTGACTGAG,21,1,47.6,2,GG,Yes,Yes,TAG
GTGTAGAATACGAAGCATAAT,21,1,33.3,2,AA,Yes,Yes,TAG
ACTTCTACGATTGATAGTGGT,21,1,38.1,2,TT,Yes,No,
ATTGGGAGTCTTATTATTATG,21,1,28.6,3,GGG,Yes,No,
GGGTCGAGTAGGGGGATGAAT,21,1,57.1,5,GGGGG,Yes,No,
AAGGATTGTGTGCATTAGTAG,21,1,38.1,2,AA,Yes,Yes,"TAG,TAG"
AATGTTTCTGATAGTCTGATG,21,1,33.3,3,TTT,Yes,No,
TGTTTGGCTATGAAGTATTGT,21,1,33.3,3,TTT,Yes,No,
ATTAAGCAGGGGCTTACTATG,21,1,42.9,4,GGGG,Yes,No,
ACGGGTGAGGGTACGGCTTTT,21,1,57.1,4,TTTT,Yes,No,
TGTACTAGTTTGTCGGATTAT,21,1,33.3,3,TTT,Yes,No,
ATTACTTCTTATCAGGCGCCG,21,1,47.6,2,TT,Yes,No,
TCGATTAGGAATGATAATGGT,21,1,33.3,2,TT,Yes,No,
CTGACTTTTAATGTGGTTATT,21,1,28.6,4,TTTT,Yes,No,
TTGCAGGGGCCGGCTCATACG,21,1,66.7,4,GGGG,Yes,No,
CCGACGTATCTTGCGTCGTAT,21,1,52.4,2,CC,Yes,No,
GTTCATCATTCAGTGGGTGT,20,1,45.0,3,GGG,NA,NA,NA
CTTTCGAGTGTTGCGCGTCAT,21,1,52.4,3,TTT,Yes,No,
ATTTGGCCTTTTGAGCGGGGG,21,1,57.1,5,GGGGG,Yes,No,
TAGCATGATATTCAGGATTGT,21,1,33.3,2,TT,Yes,Yes,TAG
CTTTTGTGGATGAAGAGTGCT,21,1,42.9,4,TTTT,Yes,No,
TAGCTTTGGACTTGTACTCAG,21,1,42.9,3,TTT,Yes,Yes,TAG
CGGAGGAGGCGTAAGTATATG,21,1,52.4,2,GG,Yes,No,
TAGATTAGGTTTAGGAAGACG,21,1,38.1,3,TTT,Yes,Yes,TAG
ATTAGTATTATTTCGCTTTCT,21,1,23.8,3,TTT,Yes,No,
TATTGTACGCCTTAGCAGGAG,21,1,47.6,2,TT,Yes,Yes,TAG
TTTCAGACTTGTAGACTAATAGT,23,1,30.4,3,TTT,NA,NA,NA
CCTGTGTGGCTGAGTTATTAT,21,1,42.9,2,CC,Yes,No,
CGTGCTGTGACGACGATGACG,21,1,61.9,1,C,Yes,No,
TTTGAGGAGCATTCGAATAAG,21,1,38.1,3,TTT,Yes,No,
TCTTCTGCTGGTTTGGAGCAT,21,1,47.6,3,TTT,Yes,No,
AATTCGCGTGAGTGTCATCCT,21,1,47.6,2,AA,Yes,No,
ATTTGGCTTTATTTGGAT,18,1,27.8,3,TTT,NA,NA,NA
GTTAATGTTTATTTTATGTTG,21,1,19.0,4,TTTT,Yes,No,
ACGCAGTAGAGGGCGTATAAT,21,1,47.6,3,GGG,Yes,Yes,TAG
GCTAGTTATGCGGCTTGGCGT,21,1,57.1,2,TT,Yes,No,
GATATGGTTAGTTGGCTGTTT,21,1,38.1,3,TTT,Yes,No,
TGTTATGAGTATCGGATTTGT,21,1,33.3,3,TTT,Yes,No,
GCGGCTGTTCTGGATAATAGG,21,1,52.4,2,GG,Yes,No,
AATAATAATTATTAGAAGATT,21,1,9.5,2,AA,Yes,Yes,TAG
GCTCCGTATCTTGATGATAAT,21,1,38.1,2,CC,Yes,No,
ATTCGGGATTTTTAGAAGAGT,21,1,33.3,5,TTTTT,Yes,Yes,TAG
GCTTATACTGAGATGGAGCTT,21,1,42.9,2,TT,Yes,No,
GGGGCGACTGCTCCTTTGATT,21,1,57.1,4,GGGG,Yes,No,
ACGAAGACGAGTATGCCTAGT,21,1,47.6,2,AA,Yes,No,
ACGCTGCATCCGAGGTTTCTT,21,1,52.4,3,TTT,Yes,No,
CCGAAGCGGTTGTATGAGACT,21,1,52.4,2,CC,Yes,No,
AATAGGCAGCGTATTGATGCT,21,1,42.9,2,AA,Yes,No,
GGTTAGTATTCTTAGTATGTT,21,1,28.6,2,GG,Yes,Yes,"TAG,TAG"
GTGCATCGGGTAAGGAGCCT,20,1,60.0,3,GGG,NA,NA,NA
CCGAGGATGAGTCTGCGGGAG,21,1,66.7,3,GGG,Yes,No,
TTTTAGTAGATTTGTTCGGCT,21,1,33.3,4,TTTT,Yes,Yes,"TAG,TAG"
ATGGTTAATTTTATTCTTCGG,21,1,28.6,4,TTTT,Yes,No,
ACGTTTTTTGCGTTTAAGCCT,21,1,38.1,6,TTTTTT,Yes,No,
TAGAGTATTTTTAATCATAAT,21,1,14.3,5,TTTTT,Yes,Yes,TAG
TTTTGTCAGCAGCATTATTAG,21,1,33.3,4,TTTT,Yes,Yes,TAG
CAGTTTTTGTTTATTTCTGCT,21,1,28.6,5,TTTTT,Yes,No,
CATTTGCGTCGTGTTACGTTG,21,1,47.6,3,TTT,Yes,No,
ACTCATGAGAACGCGAATAAT,21,1,38.1,2,AA,No,No,
GTGGGTCTGGATTCTGATCTG,21,1,52.4,3,GGG,Yes,No,
AGTATTAATAATACGGTGAGT,21,1,28.6,2,TT,Yes,No,
CCTAATTTTAGGCATAAGACG,21,1,38.1,4,TTTT,Yes,No,
CAGATTATGTTGTCGAAGACG,21,1,42.9,2,TT,Yes,No,
CTTATTAGTATTCGAGAGGTG,21,1,38.1,2,TT,No,No,
AGCTTCACCATCTTGAGCAT,20,1,45.0,2,TT,NA,NA,NA
TATCCTGGTTATTGGGCTCCG,21,1,52.4,3,GGG,Yes,No,
TGGAATCAGTGTTCGTGTACG,21,1,47.6,2,GG,Yes,No,
TTGCTTGCGTTGATTTTTGAG,21,1,38.1,5,TTTTT,Yes,No,
TAGATGACTCAGAAGTTTGTT,21,1,33.3,3,TTT,Yes,Yes,TAG
TGGATTGGTATGTAGCATGAT,21,1,38.1,2,GG,Yes,Yes,TAG
TCTTGGAGGCGTGTTTAGAAT,21,1,42.9,3,TTT,Yes,Yes,TAG
ACGTGTAGGATTTGGAAGTAG,21,1,42.9,3,TTT,Yes,Yes,TAG
TGTTGTTATAAGAGTTGGGAG,21,1,38.1,3,GGG,Yes,No,
TTTCAGGCGCATGTTATGAAG,21,1,42.9,3,TTT,Yes,No,
AGTCTTCCTCTTACTGGTATG,21,1,42.9,2,TT,Yes,No,
GAGTCTGAGAAGGGTCATATT,21,1,42.9,3,GGG,Yes,No,
GCGTATTCTTAGCATTGTTGG,21,1,42.9,2,TT,Yes,Yes,TAG
CGGTTTGGGATTCTGGATTAG,21,1,47.6,3,TTT,Yes,Yes,TAG
CATTTTTTGAGTTTGCGGTAT,21,1,33.3,6,TTTTTT,Yes,No,
CCTCCTGGGGCGTGTGTGAGG,21,1,71.4,4,GGGG,Yes,No,
GGTATTCGTAAGAATCGTCGT,21,1,42.9,2,GG,Yes,No,
AGTAAGATGACTTAGTATATT,21,1,23.8,2,AA,Yes,Yes,TAG
ATGAATCCGATGTGTGAGATG,21,1,42.9,2,AA,Yes,No,
CCGACGAATTATATGCCGTAT,21,1,42.9,2,CC,Yes,No,
ATGTATCTTCTGTATCATTAG,21,1,28.6,2,TT,Yes,Yes,TAG
TCTGTGTAGCAGGCTGTGTGT,21,1,52.4,2,GG,Yes,Yes,TAG
AGGAATGTGGAGTTGCGTTTT,21,1,42.9,4,TTTT,Yes,No,
CATTATCTTCTGTGTCCGACT,21,1,42.9,2,TT,Yes,No,
GTGACTGTTCCTAGTGATACT,21,1,42.9,2,TT,Yes,No,
CATTGTCCGATTTTTCCTAAG,21,1,38.1,5,TTTTT,Yes,No,
TGGCCGAGTAAGGCTTTGAAT,21,1,47.6,3,TTT,Yes,No,
GATCAGCTTTCGCATTGTTTG,21,1,42.9,3,TTT,Yes,No,
GGTAGTTAGATTACTAAGCAT,21,1,33.3,2,GG,Yes,Yes,TAG
ATTATTCATATTGGTAATCAT,21,1,19.0,2,TT,Yes,No,
GTGTCTGCTTTGTGTAATCAG,21,1,42.9,3,TTT,Yes,No,
GATATGCGGGTGTGGGTTTCG,21,1,57.1,3,GGG,Yes,No,
AATGAGGATATGACTCATCTG,21,1,38.1,2,AA,Yes,No,
TCTACTTATTAGTCGCTTGTG,21,1,38.1,2,TT,Yes,Yes,TAG
ATTAGGTATGATTTGTGTCTG,21,1,33.3,3,TTT,Yes,No,
AATCTTTTTTAGACTTCGACT,21,1,28.6,6,TTTTTT,Yes,Yes,TAG
GGGTATGTGTTTCATGGTGAT,21,1,42.9,3,GGG,Yes,No,
TCTTCGCAGACTAGTGATCTG,21,1,47.6,2,TT,Yes,No,
ACTGAGCGGCTGTTGCGTGCT,21,1,61.9,2,GG,Yes,No,
GATTATAGTCTGATGCGGTCT,21,1,42.9,2,TT,Yes,No,
TTTTTTATTTCTCGGATGAAG,21,1,28.6,6,TTTTTT,Yes,No,
TCGATGGGGGTTTTGACGAAAG,22,1,50.0,5,GGGGG,NA,NA,NA
CATCTTCAGATTCAGAATACT,21,1,33.3,2,TT,Yes,No,
ATTTCGAATAATGTTCATTTG,21,1,23.8,3,TTT,Yes,No,
TCTCATGGGTCTTTGAATTCT,21,1,38.1,3,GGG,Yes,No,
CATTCTTATTATTTGAATTTG,21,1,19.0,3,TTT,Yes,No,
TCTACGCATGTGTCTCCGTGT,21,1,52.4,2,CC,Yes,No,
CCTATTACGGTTGATATTGGG,21,1,42.9,3,GGG,Yes,No,
TCGAAGAGGTCTGGTAAGACT,21,1,47.6,2,AA,Yes,No,
CGGGGGCATTAGAATGGTTAT,21,1,47.6,5,GGGGG,Yes,Yes,TAG
TATAATTTTTCGCTGAATCATGGT,24,1,29.2,5,TTTTT,NA,NA,NA
AAGGGTTACTTGCCGG,16,1,56.2,3,GGG,NA,NA,NA
GCTTTTTAGTATGTTATGTTG,21,1,28.6,5,TTTTT,Yes,Yes,TAG
TAGGATTATATTAGGGTGTTT,21,1,28.6,3,GGG,Yes,Yes,TAG
GTTTATTATACGCATGGTCTT,21,1,33.3,3,TTT,Yes,No,
GTGCCGCTTGTTGAGCCTACG,21,1,61.9,2,CC,Yes,No,
CGTTTTAATCTGGAGCGTCTT,21,1,42.9,4,TTTT,Yes,No,
ATGCGGGCTCATAAGCTTCAT,21,1,47.6,3,GGG,Yes,No,
CCGACTATGAGTATGGATCGG,21,1,52.4,2,CC,Yes,No,
AGGCTTTATTTTTGCTTAAG,20,1,30.0,5,TTTTT,NA,NA,NA
CTTACGTATTTTCAGCGTTTG,21,1,38.1,4,TTTT,Yes,No,
CATTCTGGAGGATCAGCAGGAG,22,1,54.5,2,TT,NA,NA,NA
GCGAAGCATCGTAAGGATGCT,21,1,52.4,2,AA,Yes,No,
GTGGATAGGTAGTCTAATTAG,21,1,38.1,2,GG,Yes,Yes,"TAG,TAG"
ATGCCGGAGCATTGTACTAAG,21,1,47.6,2,CC,Yes,No,
TCTACTCATTCTTTTCATCTT,21,1,28.6,4,TTTT,Yes,No,
TGGGAGAGGTATCCTAATTTG,21,1,42.9,3,GGG,Yes,No,
AGTCGTTATCTGTTGATGAGT,21,1,38.1,2,TT,Yes,No,
CATCATAATATTTAGATGCAT,21,1,23.8,3,TTT,Yes,Yes,TAG
CATCGTATTCGTAAGCCTGTG,21,1,47.6,2,TT,Yes,No,
TGTCTGCTGCGTAAGATGACT,21,1,47.6,2,AA,Yes,No,
CCTTCGATGTTGACTTTTGTT,21,1,38.1,4,TTTT,Yes,No,
TTTCGGCCGACGCATCAGCGT,21,1,61.9,3,TTT,Yes,No,
TATTGTCTTACGGCGGCGGCT,21,1,57.1,2,TT,Yes,No,
ATGATGTGTTATACTAAGTGTG,22,1,31.8,2,TT,NA,NA,NA
GAGGGTCTTGTTACTAATAAT,21,1,33.3,3,GGG,Yes,No,
ATTAGTATGCGTGCGTCTAAG,21,1,42.9,2,TT,Yes,No,
ATTGGGGGGGTGGGTAGTAAG,21,1,57.1,7,GGGGGGG,Yes,No,
ACTCGGAATATTATTTATTAG,21,1,23.8,3,TTT,Yes,Yes,TAG
CGGGTTATGAGGGTTAAGATG,21,1,47.6,3,GGG,Yes,No,
CAGTAGGGGCGGATTGAGCCG,21,1,66.7,4,GGGG,Yes,Yes,TAG
CGTTATAAGTGGTCGCGTCCTG,22,1,54.5,2,TT,NA,NA,NA
CAGTTTTCTAATGCTATGATG,21,1,33.3,4,TTTT,Yes,No,
CTGTATACTAGTTTGGAGAAT,21,1,33.3,3,TTT,Yes,No,
TGTAAGATTCGTGCTCTTTTG,21,1,38.1,4,TTTT,Yes,No,
TCTACGGCTTAGAAGGGTGAG,21,1,52.4,3,GGG,Yes,Yes,TAG
CGGAAGCTTCGTGTTTCTCC,20,1,55.0,3,TTT,NA,NA,NA
ACGATTTTTATGATTCCTCTG,21,1,33.3,5,TTTTT,Yes,No,
CCGGATGAGGAGGGTAGGCTT,21,1,61.9,3,GGG,Yes,No,
AATAAGATTCCTTAGATTCTG,21,1,28.6,2,AA,Yes,Yes,TAG
GTTGTTACGGATGTTCCTAGG,21,1,47.6,2,TT,Yes,No,
CATTTGTAGATTCCTGATATG,21,1,33.3,3,TTT,Yes,Yes,TAG
CGTTGTTGTATTGTGAGTCGT,21,1,42.9,2,TT,Yes,No,
ACGCTTAATTGTCGGATGGCT,21,1,47.6,2,TT,Yes,No,
AATGATGCTCAGTTTGCTTAG,21,1,38.1,3,TTT,Yes,Yes,TAG
CATACTGAGAATAAGAAGCGT,21,1,38.1,2,AA,Yes,No,
GCGGAGCGTACGTAGAATCTG,21,1,57.1,2,GG,Yes,Yes,TAG
ACTGTTGTTGATACGTATGCT,21,1,38.1,2,TT,Yes,No,
TTGCGGACGCAGCCTAAGCCT,21,1,61.9,2,TT,Yes,No,
TGGTCTTGTGATACGCTTCCT,21,1,47.6,2,GG,Yes,No,
TGTATTGAGCTTTATAAGCAT,21,1,28.6,3,TTT,Yes,No,
GCTCATTCTGTTTATAGTAAT,21,1,28.6,3,TTT,Yes,No,
CTGTTGGATCATATTGTGCGT,21,1,42.9,2,TT,Yes,No,
CCTGTGATGCAGAATAGTTTG,21,1,42.9,3,TTT,Yes,No,
CATGCTCCTATGTCGGCGAAG,21,1,57.1,2,CC,Yes,No,
CCGGTGGCTGGGTCTCATTTT,21,1,57.1,4,TTTT,Yes,No,
CGTCCGATTAATCATGGTTCAG,22,1,45.5,2,CC,NA,NA,NA
CTTCTTTTTCATACTAGTGCG,21,1,38.1,5,TTTTT,Yes,No,
CGTATTTTGGAGGAGCCGTCT,21,1,52.4,4,TTTT,Yes,No,
GCGCTTATGATTTGTACTTCT,21,1,38.1,3,TTT,Yes,No,
TCTTTGAAGCGTCATGATACT,21,1,38.1,3,TTT,Yes,No,
ACGAGTAAGAGTCTTAGTTAT,21,1,33.3,2,AA,Yes,No,
CTGGATACTTTTGTTCATTGT,21,1,33.3,4,TTTT,Yes,No,
CCGGGGCGTAAGCAGTATGTT,21,1,57.1,4,GGGG,Yes,No,
ACGCGGCTGGTTCATCTGACT,21,1,57.1,2,GG,Yes,No,
AATGAGCCGAATATGAATTTT,21,1,28.6,4,TTTT,Yes,No,
GTGTTGTATTTTCCTTGGGAT,21,1,38.1,4,TTTT,Yes,No,
CCGTTTATTAATTCTAATCTT,21,1,23.8,3,TTT,Yes,No,
TGTTATCAGTTTATTTATGTG,21,1,23.8,3,TTT,Yes,No,
GATGCGAGTGTGAATTGTGCG,21,1,52.4,2,AA,Yes,No,
ATGATTTTGCATAATGCTAGG,21,1,33.3,4,TTTT,Yes,No,
CCGAATGGTGATTCGAATGCG,21,1,52.4,2,CC,Yes,No,
TTGACTGGGAATATTTGGGTT,21,1,38.1,3,GGG,Yes,No,
AGTGTGTTGTAGAGTCCGTTG,21,1,47.6,2,TT,Yes,Yes,TAG
ACTTGGAAGCTGGGTTTTGTT,21,1,42.9,4,TTTT,Yes,No,
CAGTGTGATAATTGGATGGGG,21,1,47.6,4,GGGG,Yes,No,
TTTCTTTAGTTGAATTATACT,21,1,19.0,3,TTT,Yes,Yes,TAG
ATGGCTGATACGAATTGGTAG,21,1,42.9,2,GG,Yes,Yes,TAG
AGTCCTAATGGTCGGATGCAG,21,1,52.4,2,CC,Yes,No,
GCTAATAAGACGAATTCTTAT,21,1,28.6,2,AA,Yes,No,
CAGCTTGCTGTGTTTGCGTAG,21,1,52.4,3,TTT,Yes,Yes,TAG
ACTGCGACGATGATGACGAAG,21,1,52.4,2,AA,Yes,No,
TCGATTGAGACTCCGTGTTAT,21,1,42.9,2,TT,Yes,No,
TGTGAGCAGCCTAGTACGCCG,21,1,61.9,2,CC,Yes,No,
TAGATTAATCTTCGGAGGATG,21,1,38.1,2,TT,Yes,Yes,TAG
CCTATTACTATTTCTTTTCAT,21,1,23.8,4,TTTT,Yes,No,
CCTTTGCCTAATGATAAGCCT,21,1,42.9,3,TTT,Yes,No,
AATTGTACTGCGTGGAGGAAT,21,1,42.9,2,AA,Yes,No,
CTTCTTCGTTATAATGCGCAG,21,1,42.9,2,TT,Yes,No,
TCGGGGCCTCCGACGTTGAAT,21,1,61.9,4,GGGG,Yes,No,
CCGACGGAGATTCGGGGGGAT,21,1,66.7,6,GGGGGG,Yes,No,
TTGCCTTTGAAGGATCTTCGT,21,1,42.9,3,TTT,Yes,No,
GGGCATTGTGTGTATGGGCGT,21,1,57.1,3,GGG,Yes,No,
TAGTGGGCGTTGTAGAATCAG,21,1,47.6,3,GGG,Yes,Yes,"TAG,TAG"
CGTGGGTCGGCGAGTCGTTAT,21,1,61.9,3,GGG,Yes,No,
ATGTATAAGGTTAGGGTGGT,20,1,40.0,3,GGG,NA,NA,NA
TTGACGTCTAAGTGGTTGATG,21,1,42.9,2,TT,Yes,No,
GCGCGTAGGGTTAATTGTCAG,21,1,52.4,3,GGG,Yes,No,
TGTGTTGAGTTTTCTATGCAG,21,1,38.1,4,TTTT,Yes,No,
CGTGATTCTACGTAGTATCTT,21,1,38.1,2,TT,Yes,Yes,TAG
CAGTGGCTTCCGTTGATGTAT,21,1,47.6,2,GG,Yes,No,
CGTAAGATTAATATTGGTCT,20,1,30.0,2,AA,NA,NA,NA
AATATTCAGCGGAATATTGGT,21,1,33.3,2,AA,Yes,No,
ATGTATGATACTAATGTTAAT,21,1,19.0,2,AA,Yes,No,
TCGAGTAATTGTTATCTGTAT,21,1,28.6,2,AA,Yes,No,
AGTGCGCCGTATGATGCTTTG,21,1,52.4,3,TTT,Yes,No,
ACTCGTGCGAGGAATACGAGT,21,1,52.4,2,GG,Yes,No,
CATTCGCAGACTGAGGATTGG,21,1,52.4,2,TT,Yes,No,
CTTTGGGGGTTTAATGTTCGG,21,1,47.6,5,GGGGG,Yes,No,
CCGATTGTGAATTTTCTGTCT,21,1,38.1,4,TTTT,Yes,No,
ATGAGTCAGACTTGGCGGTTG,21,1,52.4,2,TT,Yes,No,
AATGCTAAGGCGATTAGTCAG,21,1,42.9,2,AA,Yes,No,
TCTACGATGCTGTTGAAGGAG,21,1,47.6,2,TT,Yes,No,
GCGATGTTTAATTCTTATTTT,21,1,23.8,4,TTTT,Yes,No,
TCGCATACGCCTTGTGCTAAT,21,1,47.6,2,CC,Yes,No,
ACGAAGGGGCTGTATTAGTCT,21,1,47.6,4,GGGG,Yes,Yes,TAG
TTTTCTTAGTCGTGTTTGGTT,21,1,33.3,4,TTTT,Yes,Yes,TAG
AATTAGGTGAATCTGAATTGT,21,1,28.6,2,AA,Yes,Yes,TAG
TGTTTGCAGGAGCGGTCTTCT,21,1,52.4,3,TTT,Yes,No,
CTTACGGAGCATGTTATTTTT,21,1,33.3,5,TTTTT,Yes,No,
TATGCGAGTTATGTTTGGAAG,21,1,38.1,3,TTT,Yes,No,
GTTCGTATGAAGTAGTCGTAT,21,1,38.1,2,TT,Yes,Yes,TAG
GCTTATATTTGTTTTAATAAGC,22,1,22.7,4,TTTT,NA,NA,NA
CAGAGTGATCGGCAGGATAAT,21,1,47.6,2,GG,Yes,No,
GATAAGCTTCAGTATTCTTAT,21,1,28.6,2,AA,Yes,No,
TAGATGGTGATTTCTCGTAGT,21,1,38.1,3,TTT,Yes,Yes,TAG
CCTAAGAATAAGACGATTATAG,22,1,31.8,2,CC,NA,NA,NA
AGGTTTGATGATCATTAGCGT,21,1,38.1,3,TTT,Yes,Yes,TAG
GCTTCTTAGCGTCAGTGGTAG,21,1,52.4,2,TT,Yes,Yes,"TAG,TAG"
ATGACGCATTATGATCGGATG,21,1,42.9,2,TT,Yes,No,
CCGCTTTTTGATATTGTGAAG,21,1,38.1,5,TTTTT,Yes,No,
AATAATCATGCGATTCCGTCG,21,1,42.9,2,AA,Yes,No,
ATTGCGACTGATTTTTGGACG,21,1,42.9,5,TTTTT,Yes,No,
ATTCTGTTTCATTATTGTGAT,21,1,23.8,3,TTT,Yes,No,
GGTCAGTCTGTGGTTACTAGT,21,1,47.6,2,GG,Yes,No,
GAGAAGTAGATGCGGTGGCAT,21,1,52.4,2,AA,Yes,Yes,TAG
TTGTAGATTCCTTTGGATACT,21,1,33.3,3,TTT,Yes,Yes,TAG
CAGCCGATTTATTCGTCTATG,21,1,42.9,3,TTT,Yes,No,
CCTATTTGGCGGCTGTCTTAT,21,1,47.6,3,TTT,Yes,No,
CTTAAGAGTTTTAGTCGGGAT,21,1,38.1,4,TTTT,Yes,No,
GGGCGGAGTGTGTCTTAGGCT,21,1,61.9,3,GGG,Yes,Yes,TAG
TTTTTTCCTGTGTTTATTGGT,21,1,28.6,6,TTTTTT,Yes,No,
CCGAAGCAGTGTACTTTTTTT,21,1,38.1,7,TTTTTTT,Yes,No,
TCGGCGTATATGACGTGTCCG,21,1,57.1,2,GG,Yes,No,
GAGGCGGTGCCGCCGCATACT,21,1,71.4,2,GG,Yes,No,
ATTGATCCGCCTCCGTTGGAG,21,1,57.1,2,TT,Yes,No,
AGTGGGGATTTTGTTTCGCAT,21,1,42.9,4,GGGG,Yes,No,
GCTTTGATTTTTACTAGTCCT,21,1,33.3,5,TTTTT,Yes,No,
TGTTATTGTATTTTGTATTTG,21,1,19.0,4,TTTT,Yes,No,
CGTCCGGAGGATGTGGTGTAG,21,1,61.9,2,CC,Yes,Yes,TAG
CGGCATTTGCTTGGGTTTCAT,21,1,47.6,3,TTT,Yes,No,
GGTTGGAGTAATGATTAGAGT,21,1,38.1,2,GG,Yes,Yes,TAG
AATATGGTTGAGTGGTTTGAG,21,1,38.1,3,TTT,Yes,No,
AGTGCGACGGCTAGTGAGACT,21,1,57.1,2,GG,Yes,No,
TTGCCTTTGAGTTTGAATAGT,21,1,33.3,3,TTT,Yes,No,
CCGACTGATCCTGATCGTGAT,21,1,52.4,2,CC,Yes,No,
AGTTTTATTGCGTAGTGGTGG,21,1,42.9,4,TTTT,Yes,Yes,TAG
GATCTTTTGCTTGAGTCTCAT,21,1,38.1,4,TTTT,Yes,No,
CGTTATCATAAGGTGGCGCGG,21,1,57.1,2,TT,Yes,No,
TGTATGTAGTTTTGGGATTGT,21,1,33.3,4,TTTT,Yes,Yes,TAG
ACTGAGGTGGAGAAGGGGGACTTAAT,26,1,50.0,5,GGGGG,NA,NA,NA
ACGATGGTGAATTTTTTTCCT,21,1,33.3,7,TTTTTTT,Yes,No,
ATGATTAATCTGATGTATCGG,21,1,33.3,2,TT,Yes,No,
CTGACTAGTGTGGTTTCGTAT,21,1,42.9,3,TTT,Yes,No,
CGGAGTCAGTCGCCTAATCCGT,22,1,59.1,2,GG,NA,NA,NA
GCTACTATTACGACGTTTACG,21,1,42.9,3,TTT,Yes,No,
ACTGATGAGATGGAGTATACT,21,1,38.1,2,GG,Yes,No,
GCGCGTTCTAATTTTCCGCTT,21,1,47.6,4,TTTT,Yes,No,
GGTTTTTGGATGGCGTTGCAG,21,1,52.4,5,TTTTT,Yes,No,
TTGAGTTATCCGTGTAATACT,21,1,33.3,2,TT,Yes,No,
GGTTCTAATAATCCGTCTGAT,21,1,38.1,2,GG,Yes,No,
ACTGTTTGTCCTACGCTTGTT,21,1,42.9,3,TTT,Yes,No,
GAGCGTGAGCGGGATTTTTGG,21,1,57.1,5,TTTTT,Yes,No,
CAGTGTAGTTCTTATCTTCTG,21,1,38.1,2,TT,Yes,No,
CGTAGTGATTGGAATTATACT,21,1,33.3,2,TT,Yes,No,
TTTCTGACTCATTGGCGGTTG,21,1,47.6,3,TTT,Yes,No,
GATTTGGCCAGTATGTGTTCT,21,1,42.9,3,TTT,No,No,
ATTGAGCGTCACTCGG,16,1,56.2,2,TT,NA,NA,NA
GTGTTGCAGTTTTGTACGAAT,21,1,38.1,4,TTTT,Yes,No,
CGTCAGCAGAGTAGTCCTGAT,21,1,52.4,2,CC,Yes,No,
CAGTATAATTAGAGGGGGATG,21,1,42.9,5,GGGGG,Yes,Yes,TAG
CCTAGGTATGCGAAGTGTACT,21,1,47.6,2,CC,Yes,No,
TAGCAGAATTTGTTTAATTAG,21,1,23.8,3,TTT,Yes,Yes,"TAG,TAG"
AGGTCGTCGGTTGGTCGTATT,21,1,52.4,2,GG,Yes,No,
TCTGCGTTTCCTTAGCGGTAT,21,1,47.6,3,TTT,Yes,Yes,TAG
GAGCATTATCCGCGGCTTAG,20,1,55.0,2,TT,NA,NA,NA
CCGCTTGTGCATTTTAATAAG,21,1,38.1,4,TTTT,Yes,No,
ATGTGTCCGGATAATTAGCCT,21,1,42.9,2,CC,Yes,Yes,TAG
TATTGGAGGATGAATCATATG,21,1,33.3,2,TT,Yes,No,
TGGTTTGCTGAAGAATGTTTGG,22,1,40.9,3,TTT,NA,NA,NA
TTTATGGATTTTACGCCTAGG,21,1,38.1,4,TTTT,Yes,No,
GGTAAGTATAATTAGACTCTT,21,1,28.6,2,GG,Yes,Yes,TAG
GTGTCGTCGTAGAAGCATGCT,21,1,52.4,2,AA,Yes,Yes,TAG
TATCTTTGGAGTTGTCTGAGT,21,1,38.1,3,TTT,Yes,No,
CCGATGCAGATGCGTACTAAG,21,1,52.4,2,CC,Yes,No,
CCGGGTATTAATATTATGATG,21,1,33.3,3,GGG,Yes,No,
TATATTTTGTTTTATAAGCCT,21,1,19.0,4,TTTT,Yes,No,
AATTATGGGCATTGTGCGACT,21,1,42.9,3,GGG,Yes,No,
TATGAGAAGTGTCGGGATATT,21,1,38.1,3,GGG,Yes,No,
CAGAGGTGTACTACTAGGCGT,21,1,52.4,2,GG,Yes,No,
GAGCCTGTGTGGAATATTAAG,21,1,42.9,2,CC,Yes,No,
AGTAGGCGGCAGAATTATAAT,21,1,38.1,2,GG,Yes,No,
CTTTAGCGGCTGACGACGGTT,21,1,57.1,3,TTT,Yes,Yes,TAG
CTGGCGAAGGTTTATATTACT,21,1,38.1,3,TTT,Yes,No,
CTTACTTTTCCGGATTATCAG,21,1,38.1,4,TTTT,Yes,No,
TGGGCTGTTGATACTTTTCCT,21,1,42.9,4,TTTT,Yes,No,
CCTACTTTGACGTAGGTGATG,21,1,47.6,3,TTT,Yes,Yes,TAG
ACTAATTAGCATCTTGGGAGT,21,1,38.1,3,GGG,Yes,Yes,TAG
CATCATCTGACGAATAAGGTG,21,1,42.9,2,AA,Yes,No,
CCTTTGCTTTCTGCGCGTGCG,21,1,61.9,3,TTT,Yes,No,
AGGGCGCTGAGGGCTGATAAG,21,1,61.9,3,GGG,Yes,No,
CTGTCTCAGTATGTGAATGAT,21,1,38.1,2,AA,Yes,No,
TTTATGTGGTGGACTATTGCT,21,1,38.1,3,TTT,Yes,No,
CCTAGTATTTGTTTGTCGTGT,21,1,38.1,3,TTT,Yes,No,
TATTATCATTAGATTCATATT,21,1,14.3,2,TT,Yes,Yes,TAG
AATCTTATGGGTTTGTTGTAT,21,1,28.6,3,GGG,Yes,No,
CCGAATGTTGTGCATTAGGTG,21,1,47.6,2,CC,Yes,Yes,TAG
CCGAATGTTGTGCATTAGATG,21,1,42.9,2,CC,Yes,Yes,TAG
CATTAGCGGACGAATATTTAG,21,1,38.1,3,TTT,Yes,Yes,"TAG,TAG"
ACTCAGAGGACTTTTCCGCTT,21,1,47.6,4,TTTT,Yes,No,
TCTTCTTCTAAGGTGCCTTAT,21,1,38.1,2,TT,Yes,No,
CATAATAGTAATTTTTGTTTT,21,1,14.3,5,TTTTT,Yes,No,
AATTAGTTGACTAGTGCTAAG,21,1,33.3,2,AA,Yes,Yes,TAG
AGTAATGCTAAGAAGAGGACT,21,1,38.1,2,AA,Yes,No,
TAGTAGATTGGTGGTTAGCGG,21,1,47.6,2,TT,Yes,Yes,"TAG,TAG,TAG"
GGTTATTCGAATAAGGCGATT,21,1,38.1,2,GG,Yes,No,
ACTACTTGTGGTATGTATAAG,21,1,33.3,2,TT,Yes,No,
ACTGCGTATGTGGGTCGTAGT,21,1,52.4,3,GGG,Yes,No,
GTTGGTTTGTAGTGTCTTGGG,21,1,47.6,3,TTT,Yes,Yes,TAG
GCTATTTGGAGGGTGAGTCCT,21,1,52.4,3,TTT,Yes,No,
CAGGCTGGTTAGGGGACTTCG,21,1,61.9,4,GGGG,Yes,Yes,TAG
TCGAGTGATCATTTGACGACA,21,1,42.9,3,TTT,No,No,
CTTCATCGGGATCAGAATCGT,21,1,47.6,3,GGG,Yes,No,
TGGCGTAATATGGCGTGGTCG,21,1,57.1,2,GG,Yes,No,
TGGTGGGGTCAGCATACTAAT,21,1,47.6,4,GGGG,Yes,No,
CAGAGTTTTAAGAATTGGCCG,21,1,42.9,4,TTTT,Yes,No,
AGTAAGAGGGTTGATCATCGT,21,1,42.9,3,GGG,Yes,No,
GCTAATAATATGTCGTAGGGT,21,1,38.1,3,GGG,Yes,Yes,TAG
TAGGATACGAAGCTTAAGCTT,21,1,38.1,2,GG,Yes,Yes,TAG
CTGCCTTATAAGCATATGACT,21,1,38.1,2,CC,Yes,No,
TCTCCGGAGTATTGGCAGGGT,21,1,57.1,3,GGG,Yes,No,
TGTAGTTTTACTGATAATCCT,21,1,28.6,4,TTTT,Yes,No,
TAGGCGTTTGATTATGAGCAG,21,1,42.9,3,TTT,Yes,Yes,TAG
CAGTATAGTGGTATTGCGAGT,21,1,42.9,2,GG,Yes,No,
CGTGAGAATTATAATACGGAT,21,1,33.3,2,AA,Yes,No,
CGGACGGTTCAGATGGATTTG,21,1,52.4,3,TTT,Yes,No,
TCTGTCGTTCGTGGTCGTCTT,21,1,52.4,2,TT,No,No,
GGGATGCTGATTCATGTTCTT,21,1,42.9,3,GGG,Yes,No,
CCGAATATTTCGACGTATCGG,21,1,47.6,3,TTT,Yes,No,
CCTACGGCTGTGACTAAGTGT,21,1,52.4,2,CC,Yes,No,
TCTCTTTCGAGGACTCGGAGT,21,1,52.4,3,TTT,Yes,No,
GGTGTCTTTCGTATTGGAGT,20,1,45.0,3,TTT,NA,NA,NA
GCTGGGGGGACGGGTCCTTAT,21,1,66.7,6,GGGGGG,Yes,No,
CTTCAGAAGATGCTTCCTGTG,21,1,47.6,2,TT,Yes,No,
GAGCACAGGCTTCTGCTGAT,20,1,55.0,2,GG,NA,NA,NA
TTTTGTAATTATGCGGATGCG,21,1,38.1,4,TTTT,Yes,No,
CTTTGTCATAATTATAAGATG,21,1,23.8,3,TTT,Yes,No,
GGGGATAATCTTGCGCCTATG,21,1,52.4,4,GGGG,Yes,No,
CATCCGTGGACGTATTGTAAT,21,1,42.9,2,CC,Yes,No,
ACTGCGACTGGGTCGGATCTT,21,1,57.1,3,GGG,Yes,No,
ACGGTTGGTTGGGTGTAGTCG,21,1,57.1,3,GGG,Yes,Yes,TAG
CCTAGTTATAATAATCAGCTT,21,1,28.6,2,CC,Yes,No,
CAGACGACGGGTAAGGTTTTT,21,1,47.6,5,TTTTT,Yes,No,
GGGTGGCCTAGGCGTAATACG,21,1,61.9,3,GGG,Yes,No,
CGGCATTGTTTTGTTTTGCGG,21,1,47.6,4,TTTT,Yes,No,
ATGCCGGAGGTTTTTGATATT,21,1,38.1,5,TTTTT,Yes,No,
AAGAGGATGGTGTTTGTGATATA,23,1,34.8,3,TTT,NA,NA,NA
GCTTATACGTTTTCGGTGAAT,21,1,38.1,4,TTTT,Yes,No,
TCGTCTTCGGAGGAGAATACG,21,1,52.4,2,TT,Yes,No,
ATGAGTAATTCTTCTCTGAAT,21,1,28.6,2,AA,Yes,No,
ACTTAGGATTATGAGGCGTCT,21,1,42.9,2,TT,Yes,Yes,TAG
CCGAATTTGAATACGACGTTG,21,1,42.9,3,TTT,Yes,No,
AAGAAGTTTGATGGGCCGTAT,21,1,42.9,3,TTT,Yes,No,
CCTCGTTAGCGGTCGGATCCT,21,1,61.9,2,CC,Yes,Yes,TAG
CTTTAGCATTGGTTTGATACG,21,1,38.1,3,TTT,Yes,Yes,TAG
CATCGTGGGACGAATTTGGGTA,22,1,50.0,3,GGG,NA,NA,NA
ACGAGTTCTTAATGTGTATAGT,22,1,31.8,2,TT,NA,NA,NA
CGTCGTTAGTCTTTTATGTTT,21,1,33.3,4,TTTT,Yes,Yes,TAG
GTTGTTATTGAGTCTGTGTAG,21,1,38.1,2,TT,Yes,Yes,TAG
GGTAAGGGTTGTCCGGGGCTT,21,1,61.9,4,GGGG,Yes,No,
CATGCTTCGCCGCAGTCGTCG,21,1,66.7,2,TT,Yes,No,
GATCAGGTTCTTACTCAGATT,21,1,38.1,2,GG,Yes,No,
GTGGAGCAGGAGAAAAGGCC,20,1,60.0,4,AAAA,NA,NA,NA
CAGGCGATTCTGTAGGAGTAT,21,1,47.6,2,GG,Yes,Yes,TAG
CAGGGTATGGTGAATGATTCT,21,1,42.9,3,GGG,Yes,No,
TGTGTTTGGTCTAGGCCTGAG,21,1,52.4,3,TTT,Yes,No,
TCTATTTCTCAGGTTTTAG,19,1,31.6,4,TTTT,NA,NA,NA
CTTCATGCGCGGAGGCAGGGT,21,1,66.7,3,GGG,Yes,No,
CCTAATTGTAGGCCGATGACT,21,1,47.6,2,CC,Yes,No,
CCGTTGACGCAGGGTCCGAGT,21,1,66.7,3,GGG,Yes,No,
CTGATTTTGCTTGCTTCGACG,21,1,47.6,4,TTTT,Yes,No,
AGTGGTCATAAGTCGACGATG,21,1,47.6,2,GG,Yes,No,
CCTAGGCCGTAGAGTCTTTAG,21,1,52.4,3,TTT,Yes,Yes,"TAG,TAG"
AGTAGTAAGATTAGTATTGCT,21,1,28.6,2,AA,Yes,No,
GCTTGGTTGGGGGCGGTGATT,21,1,61.9,5,GGGGG,Yes,No,
GTTCCTCCTCATTTGCGGCAG,21,1,57.1,3,TTT,Yes,No,
CATCCGGTTACTCTTATTTGG,21,1,42.9,3,TTT,Yes,No,
GCTTCGACTTATCCGTGTTTG,21,1,47.6,3,TTT,Yes,No,
TTGTATGATATTAAGAATTTT,21,1,14.3,4,TTTT,Yes,No,
CAGACTGGGCGGTATTGTAAT,21,1,47.6,3,GGG,Yes,No,
CTTGCGGCGATGTATTATAAG,21,1,42.9,2,TT,Yes,No,
GTTACGCGGGTGCAGCATCCT,21,1,61.9,3,GGG,Yes,No,
TAGAGGGATTGGGAGCTTTGGA,22,1,50.0,3,GGG,NA,NA,NA
GCTTATGTTCGGTCTCCGATG,21,1,52.4,2,TT,Yes,No,
TGTTTGAAGTATATGCCTCCG,21,1,42.9,3,TTT,Yes,No,
AAGGGGGCTAGGGCGATTTCT,21,1,57.1,5,GGGGG,Yes,No,
ATGACTAGTTAGCGGTGTCAG,21,1,47.6,2,TT,Yes,Yes,TAG
AAGTCGCATGGGAGGATGCAG,21,1,57.1,3,GGG,Yes,No,
CTTAATTCTATTAATGGGGAT,21,1,28.6,4,GGGG,Yes,No,
TGTCTGGATCCGTGTTAGCTT,21,1,47.6,2,GG,Yes,Yes,TAG
TTTGGGAAGATCGGCGGCTCAT,22,1,54.5,3,TTT,NA,NA,NA
TTTGCTTGTAGGGCGTGGAAG,21,1,52.4,3,TTT,Yes,No,
TTTGTGATTGCGCCTATTATG,21,1,38.1,3,TTT,Yes,No,
CATAATGGTCATTATAATCAT,21,1,23.8,2,AA,Yes,No,
CAGTATACTGATCTTAAGCCT,21,1,38.1,2,TT,Yes,No,
TTTCGTACTTGTAAGGGTGTT,21,1,38.1,3,TTT,Yes,No,
TTTCCTAATCATACTTCTTCT,21,1,28.6,3,TTT,Yes,No,
GTTAATAATGAGATTTGGCAG,21,1,33.3,3,TTT,Yes,No,
TGGATGACTTGGTATACTTGG,21,1,42.9,2,GG,Yes,No,
AATCATTCTCTGGGGATGGAT,21,1,42.9,4,GGGG,Yes,No,
GCTTCCTCCTAGGTATGTGCTG,22,1,54.5,2,TT,NA,NA,NA
CTTCCTCCTAGGTATGTGCTG,21,1,52.4,2,TT,Yes,No,
GCTCAGTTTGATCAGGGGTTT,21,1,47.6,4,GGGG,Yes,No,
CTGCAGGGGCAGTTGATGACT,21,1,57.1,4,GGGG,Yes,No,
CCGATTGTGCTGATTCGGACT,21,1,52.4,2,CC,Yes,No,
ACTTATATTATTTTTGGTAT,20,1,15.0,5,TTTTT,NA,NA,NA
AGTATGAATCCGAGGCTTTCT,21,1,42.9,3,TTT,Yes,No,
GCAGGGATGTTTCTGTAGCCGCCG,24,1,62.5,3,GGG,NA,NA,NA
TATCATGTGGGTCATCCGTAT,21,1,42.9,3,GGG,Yes,No,
ACGTATCAGGAGATATGCCAGGGT,24,1,50.0,3,GGG,NA,NA,NA
GCGGGGTGTACGCCTAATTAG,21,1,57.1,4,GGGG,Yes,Yes,TAG
CGTAATAATTCGCTGGGTTTG,21,1,42.9,3,GGG,Yes,No,
GATTAGCAGGGTAGGAATTTT,21,1,38.1,4,TTTT,Yes,Yes,TAG
GTGACGCATCAGAGGCAGTTG,21,1,57.1,2,GG,Yes,No,
ATTACTGTGTCGTGGGCGACT,21,1,52.4,3,GGG,Yes,No,
CTATTATTGATGATCAT,17,1,23.5,2,TT,NA,NA,NA
GTTTGGACTCATTCTCATACT,21,1,38.1,3,TTT,Yes,No,
CGTCGGTTTCCGATGTTTGAG,21,1,52.4,3,TTT,Yes,No,
AGGCCTCGTATGAAGCCTAAT,21,1,47.6,2,GG,Yes,No,
GTTGTGGAGTTGGGGAAGTTG,21,1,52.4,4,GGGG,Yes,No,
AATATGCAGGGTAATAAGCGT,21,1,38.1,3,GGG,Yes,No,
CCTCTGGTTCATATTTTGACT,21,1,38.1,4,TTTT,Yes,No,
TATATTTTGTCGGCTCAGGAT,21,1,38.1,4,TTTT,Yes,No,
CATACGTATGAGACTACGCTG,21,1,47.6,1,C,Yes,No,
CCGAATCATAGGAATCTTAAG,21,1,38.1,2,CC,Yes,No,
TGGTAGGTGGGTTAGTTGAGG,21,1,52.4,3,GGG,Yes,Yes,"TAG,TAG"
TGGTAGGTGGGTTAGTTGAGGA,22,1,50.0,3,GGG,NA,NA,NA
GGTATGGGTACGTGGATGGTT,21,1,52.4,3,GGG,Yes,No,
ATGTAGTATATGACGAAGCTT,21,1,33.3,2,AA,Yes,Yes,TAG
GTTTAGACGGCTCTGAATAGT,21,1,42.9,3,TTT,Yes,Yes,TAG
TATTCGGGTCAGCTGACTAGT,21,1,47.6,3,GGG,Yes,No,
TTGACTAAGGCGGCTGTTAAG,21,1,47.6,2,TT,Yes,No,
ATGTGTGAGAATCTGGGGTCG,21,1,52.4,4,GGGG,Yes,No,
GTGCATGGTTATTCTGTTCTT,21,1,38.1,2,GG,Yes,No,
CAGTATACGATGACTTATCCG,21,1,42.9,2,TT,Yes,No,
GGGCTTGTTGGTTCGCCTGCT,21,1,61.9,3,GGG,Yes,No,
CATCGTACTCAGCCGTCGCAT,21,1,57.1,2,CC,Yes,No,
AAGATTTTGATGTAGATGAAT,21,1,23.8,4,TTTT,Yes,Yes,TAG
TATAAGGCTCGGGATCAGAAG,21,1,47.6,3,GGG,Yes,No,
CTTTTTTATTCTATTGGTCCT,21,1,28.6,6,TTTTTT,Yes,No,
GTGATTGGGATGTCGATGATG,21,1,47.6,3,GGG,Yes,No,
ATGAAGTTTTCTAAGTTTACG,21,1,28.6,4,TTTT,Yes,No,
TTTCCGCCGTTTGTGTCTGGT,21,1,52.4,3,TTT,Yes,No,
CCGGAGTGGCGGCTTGATCG,20,1,70.0,2,CC,NA,NA,NA
CATGCGATTACTCCGCCGTAT,21,1,52.4,2,TT,Yes,No,
CATAAGAGGAATCCTAATTCG,21,1,38.1,2,AA,Yes,No,
AGTATGAAGTGGGTGAATCTT,21,1,38.1,3,GGG,Yes,No,
ATGGATTTGGCAAGCGTATTGTG,23,1,43.5,3,TTT,NA,NA,NA
GGTAATAGTAATCGGCGGACG,21,1,52.4,2,GG,Yes,No,
TCTTAGATTTAGAGGACTGAT,21,1,33.3,3,TTT,Yes,Yes,"TAG,TAG"
AGTGGTGATCTTGGGCATAGG,21,1,52.4,3,GGG,Yes,No,
AATAATACGCATCTGACTTGG,21,1,38.1,2,AA,Yes,No,
GTTCTGGGTACGATGATGCCT,21,1,52.4,3,GGG,Yes,No,
CGGAAGTTTCGGATTGTTTAG,21,1,42.9,3,TTT,Yes,Yes,TAG
AGTCGGTGTATGGCGCCGAAT,21,1,57.1,2,GG,Yes,No,
GGGAAGGCTGATTTTTTTACT,21,1,38.1,7,TTTTTTT,Yes,No,
AAGCATAAGGCTTAGCCGTAT,21,1,42.9,2,AA,Yes,Yes,TAG
CATCAGTGGGATCATCGGTAG,21,1,52.4,3,GGG,Yes,Yes,TAG
CTTCCTCATCTTAGGGTTAAG,21,1,42.9,3,GGG,Yes,No,
ACTGAGAATATTGGTTATATG,21,1,28.6,2,AA,Yes,No,
CCTCAGGATCGGTGTAATGAG,21,1,52.4,2,CC,Yes,No,
GAGTTGCAGGATATTGTGTGG,21,1,47.6,2,TT,Yes,No,
GCTGTTCCTAAGGTTAGGCGG,21,1,57.1,2,TT,Yes,No,
GCGAATTCGCGTTCTCATTCT,21,1,47.6,2,AA,Yes,No,
GGTTCGCGGTGGGGTGGTTGT,21,1,66.7,4,GGGG,Yes,No,
ATTAATCATCAGAGTTTGCG,20,1,35.0,3,TTT,NA,NA,NA
TGTTATTGTAATGTTCTGACG,21,1,33.3,2,TT,Yes,No,
CAGACTAATTTTAAGTCGATG,21,1,33.3,4,TTTT,Yes,No,
ACTATGTAGCATGCGGGGTAT,21,1,47.6,4,GGGG,Yes,Yes,TAG
AATTCTCCGATTCAGGTAAAT,21,1,33.3,3,AAA,No,No,
CCTGAGCTTATGAATTATTGG,21,1,38.1,2,CC,Yes,No,
TTGCCTCATTGGTCGTATGCT,21,1,47.6,2,TT,Yes,No,
CGGAGGATGCCTCCGTTGGCT,21,1,66.7,2,GG,Yes,No,
ACAACTATGTGCGTGGG,17,1,52.9,3,GGG,NA,NA,NA
CAGAAGGGTTATGCTCGAGT,20,1,50.0,3,GGG,NA,NA,NA
CAGCTTTAGATTACTCCTCCT,21,1,42.9,3,TTT,Yes,Yes,TAG
CCTCCTTGTACGCGGGGTTTT,21,1,57.1,4,GGGG,Yes,No,
GGTATGACTCAGGTTCTTCCT,21,1,47.6,2,GG,Yes,No,
CGTTGAAGAAGGTGCTGGAT,20,1,50.0,2,TT,NA,NA,NA
TCGGCGGATGATTTAGAGAGT,21,1,47.6,3,TTT,No,No,
TCGGCGGATGGTACGAAGAGT,21,1,57.1,2,GG,Yes,No,
GCGGGTAAGCCTAGTAGGCCG,21,1,66.7,3,GGG,Yes,No,
CTTATTAGGCCTACTGAGCGT,21,1,47.6,2,TT,Yes,No,
ACGCGGTGTCATCAGTATAAT,21,1,42.9,2,GG,Yes,No,
CGGCTGTCGAATCTTCATACG,21,1,52.4,2,GG,Yes,No,
AATATGAGGCATAATGGTTCT,21,1,33.3,2,AA,Yes,No,
GATGGTAATGTTTTTTTGTAT,21,1,23.8,7,TTTTTTT,Yes,No,
TAGAGTGTTAAGATTTAGAAT,21,1,23.8,3,TTT,Yes,Yes,"TAG,TAG"
CGTAGGACTCAGTCGGTTCAT,21,1,52.4,2,GG,Yes,No,
AATAAGTGTAAGTCGCATAAT,21,1,28.6,2,AA,Yes,No,
CCGAGTAAGCTTTATCATCGT,21,1,42.9,3,TTT,Yes,No,
GATCCTTATTATTTGAGGCTT,21,1,33.3,3,TTT,Yes,No,
CCTGCTGTGTATCGGCATTTT,21,1,47.6,4,TTTT,Yes,No,
AGGACTCAGCATTCGCATAGG,21,1,52.4,2,GG,Yes,No,
CGGATTGATTGGTGTAGTCTT,21,1,42.9,2,GG,Yes,No,
GTGCTTTTTGTTCTTGCTATG,21,1,38.1,5,TTTTT,Yes,No,
TAGACTACTAGTAGTGGGCTT,21,1,42.9,3,GGG,Yes,Yes,TAG
TTTGTTAGGCGGTTTTAGGCT,21,1,42.9,4,TTTT,Yes,Yes,TAG
CCTTATTTTATTTTTATGTAT,21,1,14.3,5,TTTTT,Yes,No,
CTTATTCGTAATTCGTCGACG,21,1,42.9,2,TT,Yes,No,
CTTAAGGAGAATTGTGGTGTT,21,1,38.1,2,TT,Yes,No,
ACGTAGTAGTGGTTGAATAGT,21,1,38.1,2,GG,Yes,Yes,"TAG,TAG"
CCGTCTCCACGTGTCCGACT,20,1,65.0,2,CC,NA,NA,NA
TGTAGTAATATGACGCCGAGG,21,1,47.6,2,AA,Yes,No,
CCGGGTTATGCTACGATTCCT,21,1,52.4,3,GGG,Yes,No,
AGGATTGTTATTACGCTGACT,21,1,38.1,2,GG,Yes,No,
GTTATTAATGAATATTATGTT,21,1,14.3,2,TT,No,No,
AATAATGATATGACGTCGAAT,21,1,28.6,2,AA,Yes,No,
CCAGGATGGATCCTGCGTGG,20,1,65.0,2,CC,NA,NA,NA
ACTATGAAGGTGCCTTATTCG,21,1,42.9,2,AA,Yes,No,
CTGGATAATTAGCAGCAGTGG,21,1,47.6,2,GG,Yes,Yes,TAG
TGGCATGGGACGCCGACTAAG,21,1,61.9,3,GGG,Yes,No,
ACTATTCATGATTCTAGTACG,21,1,33.3,2,TT,Yes,No,
ATTCGTCAGGATGAGTTGCTT,21,1,42.9,2,TT,Yes,No,
ACTCATGGGCAGTATACGCAG,21,1,52.4,3,GGG,Yes,No,
AATTGGGCTGCGGATACGAAT,21,1,47.6,3,GGG,Yes,No,
GCGCTTTATGTGACTCTGTCTG,22,1,50.0,3,TTT,NA,NA,NA
GAGTTGAGGGGTTGGTTTGAA,21,1,47.6,4,GGGG,No,No,
ATTAGGCTTTCGATGACGTTT,21,1,38.1,3,TTT,Yes,No,
TGGGAGTCTATTAGTAATTCT,21,1,33.3,3,GGG,Yes,No,
ACGGATAATTCGCATATTATG,21,1,33.3,2,GG,Yes,No,
CATAGTTATGAGCTTTCTAAG,21,1,33.3,3,TTT,Yes,No,
TATCTTATTCTGTGTTGGCTG,21,1,38.1,2,TT,Yes,No,
ACTTATTAGGCGCATCCTTCG,21,1,47.6,2,TT,Yes,Yes,TAG
GCGTTGCATTAGATGCCTCGT,21,1,52.4,2,TT,Yes,Yes,TAG
ATGCAGTTTATTCATCCTCGG,21,1,42.9,3,TTT,Yes,No,
CTTTTTGTTTATATGCGTGAG,21,1,33.3,5,TTTTT,Yes,No,
GTGTATAATCATACTTATCCG,21,1,33.3,2,AA,Yes,No,
GCTTCGATGGATGATACTATG,21,1,42.9,2,TT,Yes,No,
ATTCTTGCTGCTGATCCGTAG,21,1,47.6,2,TT,Yes,Yes,TAG
GTTTTTCAGCTTTGTCCGAGT,21,1,42.9,5,TTTTT,Yes,No,
AATAATTTTAGTTGTAGTAAG,21,1,19.0,4,TTTT,Yes,No,
CATTGGGCTTCTAATAATAAT,21,1,28.6,3,GGG,Yes,No,
CAGTTGGATATGTATAATAAG,21,1,28.6,2,TT,Yes,No,
CTGTTGAGGATGGATACGGGT,21,1,52.4,3,GGG,Yes,No,
CGTTAGACGACTTAGCATATT,21,1,38.1,2,TT,Yes,Yes,"TAG,TAG"
GTGTATGGTAATACGGATAAT,21,1,33.3,2,GG,Yes,No,
AGGTTGAAGTATACGTAGGGG,21,1,47.6,4,GGGG,Yes,Yes,TAG
TGGATGGTGTTTACGTATTAT,21,1,33.3,3,TTT,Yes,No,
CAGAAGGGGGTGCCTGCGATGA,22,1,63.6,5,GGGGG,NA,NA,NA
CAGACGTTGACGCAGACGACG,21,1,61.9,2,TT,Yes,No,
TGGCTGGATCATGGTTCGTCT,21,1,52.4,2,GG,Yes,No,
TTGGGGGTTGGTGATTCGTGT,21,1,52.4,5,GGGGG,Yes,No,
CAGTATGTTTGGTAGAATTGT,21,1,33.3,3,TTT,Yes,Yes,TAG
TTTAGGGGGATGACTTCTCAG,21,1,47.6,5,GGGGG,Yes,No,
CCGCTTTTGTAGAAGAATATG,21,1,38.1,4,TTTT,Yes,Yes,TAG
TATAATCTGATGTCTAGTAAT,21,1,23.8,2,AA,Yes,No,
GCTACTGCGTAGTCGTTTTCG,21,1,52.4,4,TTTT,Yes,Yes,TAG
AAGGGTTTAGAGTGGGGAAG,20,1,50.0,4,GGGG,NA,NA,NA
CAGTCTCGTAGTTATTTGATG,21,1,38.1,3,TTT,Yes,No,
AATGTTACTGTTAAGGAGCGT,21,1,38.1,2,AA,Yes,No,
AATTGTATGGTTCCTAGGCCG,21,1,47.6,2,AA,Yes,No,
AAGATGAGTAAGTATATTTAG,21,1,23.8,3,TTT,Yes,Yes,TAG
CCGCGTCAGCGGATTGATTTG,21,1,57.1,3,TTT,Yes,No,
TTTAAGATTAATACTACTAGG,21,1,23.8,3,TTT,Yes,No,
TAGAGTGGTCATGGGAATCCTG,22,1,50.0,3,GGG,NA,NA,NA
CGTGTGGCGTCGGATAGGAAT,21,1,57.1,2,GG,Yes,No,
TGTCGGACGCTTATTTATAGG,21,1,42.9,3,TTT,Yes,No,
TTGCCTGTTGCGTAGTCTGTG,21,1,52.4,2,TT,Yes,Yes,TAG
AGTAATCCGCCGCATTTTG,19,1,47.4,4,TTTT,NA,NA,NA
CTGAATATGAATTATGCTATT,21,1,23.8,2,AA,Yes,No,
AATAATCGGGCTCCGGGGACT,21,1,57.1,4,GGGG,Yes,No,
TGTAATTATGATCCTACTAAG,21,1,28.6,2,AA,Yes,No,
TTTAGGAAGATGATTATTACT,21,1,23.8,3,TTT,Yes,No,
GTTAGTAATTAGCTTTAGCAG,21,1,33.3,3,TTT,Yes,Yes,"TAG,TAG"
AATATGTATAGTTGGGAGCGG,21,1,42.9,3,GGG,Yes,No,
GATTTTTGGCATACGGAGCTT,21,1,42.9,5,TTTTT,Yes,No,
TATGTTAAGCATAAGTTTGGG,21,1,33.3,3,TTT,Yes,No,
CATAGTATGGATTCTTCTGAT,21,1,33.3,2,GG,Yes,No,
TTTTTGACTTGTGGGACGGAT,21,1,42.9,5,TTTTT,Yes,No,
GTGCGTTTTAATATGATTTCG,21,1,33.3,4,TTTT,Yes,No,
ACGAGTCGGAATAGTAAGAAG,21,1,42.9,2,GG,Yes,No,
ACGCCGGAGCAGACGGCTCGT,21,1,71.4,2,CC,Yes,No,
ACTAAGCATCGTGTGAATTGT,21,1,38.1,2,AA,Yes,No,
CTGTTTGGGCATAAGGCTGTG,21,1,52.4,3,TTT,Yes,No,
CCGTTGCTGGAGGCTCCTAAG,21,1,61.9,2,CC,Yes,No,
AAGGTTCTGTAGTGTCAGCTG,21,1,47.6,2,AA,Yes,Yes,TAG
GAGAAGTGTACTACTCAGAGG,21,1,47.6,2,AA,Yes,No,
CGGTCGACTACTGCTCGTGGT,21,1,61.9,2,GG,Yes,No,
AATGGTGGTACGCGGTAGTAT,21,1,47.6,2,AA,Yes,Yes,TAG
ATGCTGATTGGTCTGGCTCAG,21,1,52.4,2,TT,Yes,No,
TCGGCGCATCTTGCGTCTCTT,21,1,57.1,2,GG,Yes,No,
TATTGTCATCCGGGTAGGAAT,21,1,42.9,3,GGG,Yes,No,
ACGCTTTATGATCGTCGTAGG,21,1,47.6,3,TTT,Yes,No,
TCTATGTATTGGAGTTATACG,21,1,33.3,2,TT,Yes,No,
CCGGGGTGTTTGGATCTGCTG,21,1,61.9,4,GGGG,Yes,No,
GGTATGGCTACTGAGACGAGT,21,1,52.4,2,GG,Yes,No,
CCGCGTCTTACGTTGTCGTCG,21,1,61.9,2,CC,Yes,No,
TAGTCTCTTCAGAGGCCGTCG,21,1,57.1,2,TT,Yes,Yes,TAG
ATGCCTCCGATTGGCAGCCG,20,1,65.0,2,CC,NA,NA,NA
GTTACTTGTAATCTTTTTATG,21,1,23.8,5,TTTTT,Yes,No,
GTTAGTGTGCTGAATAGGTGG,21,1,47.6,2,TT,Yes,No,
AAGATGAATTTGATGGCGGAT,21,1,38.1,3,TTT,Yes,No,
TGTAGGTGGTCTCCGAGTGTG,21,1,57.1,2,GG,Yes,No,
GGGTCTCAGCTGGTTATGATG,21,1,52.4,3,GGG,Yes,No,
GGTTTTTTGCAGCATATTTAA,21,1,28.6,6,TTTTTT,No,Yes,TAA
AAGGCGAATACTGTGTAGACG,21,1,47.6,2,AA,Yes,Yes,TAG
ATGTTTTGGCGTGAGAAGTTT,21,1,38.1,4,TTTT,Yes,No,
CGTTTGACGGGGCCTTTGCAT,21,1,57.1,4,GGGG,Yes,No,
ACTGATAGGCGGCGGAGTGCT,21,1,61.9,2,GG,Yes,No,
ACGTGTTTTTATACTGATTCT,21,1,28.6,5,TTTTT,Yes,No,
CCTGAGTGTACTTATGTGATG,21,1,42.9,2,CC,Yes,No,
CGTGTTGTGAGGGCTCCTAGG,21,1,61.9,3,GGG,Yes,No,
GCGTCTGTTTAGCTTGATATT,21,1,38.1,3,TTT,Yes,Yes,TAG
CTGGTTACGTGGGATGTTCAT,21,1,47.6,3,GGG,Yes,No,
CGTTGTATGATTACTAAGGCG,21,1,42.9,2,TT,Yes,No,
AATTTGATGGATTTTAGGATT,21,1,23.8,4,TTTT,Yes,No,
GGTTATGATTTTTATATGTGT,21,1,23.8,5,TTTTT,Yes,No,
CATAGTAGTTAGTTGTTTAAT,21,1,23.8,3,TTT,Yes,Yes,TAG
ACTAGTTTGCATATTAATCTG,21,1,28.6,3,TTT,Yes,No,
CTTTGTCCGATTGTTAATGCG,21,1,42.9,3,TTT,Yes,No,
CTTAATGCGTTTTAGCAGAGT,21,1,38.1,4,TTTT,Yes,Yes,TAG
CATCCTTGGTAGCCGGGATAGC,22,1,59.1,3,GGG,NA,NA,NA
AATGTTTGGTTTACTGATGAT,21,1,28.6,3,TTT,Yes,No,
TAGGATTATCTGTCTACGCTT,21,1,38.1,2,GG,Yes,Yes,TAG
AGTTCAGGAGAGGCCTTAG,19,1,52.6,2,TT,NA,NA,NA
AGTAATTTTAATTATATTAAG,21,1,9.5,4,TTTT,Yes,No,
TTGTTGCCGATGACGGGTTGT,21,1,52.4,3,GGG,Yes,No,
ATTTTTCATAAGCATTGGGTT,21,1,28.6,5,TTTTT,Yes,No,
GGTAGGGTCGTGATCGTGGG,20,1,65.0,3,GGG,NA,NA,NA
TGTTAGTCGAATTTTCTTTGT,21,1,28.6,4,TTTT,Yes,Yes,TAG
CAGTATATGCACAAAAAGGTGCAT,24,1,37.5,5,AAAAA,NA,NA,NA
CTGAATTATAATAGGCATTCG,21,1,33.3,2,AA,Yes,No,
ATGCCTTTGCCGCCGCCGTAT,21,1,61.9,3,TTT,Yes,No,
ACGATTTTGAGGTTGTCGCCG,21,1,52.4,4,TTTT,Yes,No,
CCTTGTCATTCTAATAGGATG,21,1,38.1,2,CC,Yes,No,
GTTACGACGCATTTTTAGCCG,21,1,47.6,5,TTTTT,Yes,Yes,TAG
AATGAGCATTATGAGTGTACT,21,1,33.3,2,AA,Yes,No,
AAGAATGCGACCACCGACCGT,21,1,57.1,2,AA,No,No,
CGGAATATTTATGCTGTTGGT,21,1,38.1,3,TTT,Yes,No,
GCTTAGTGTTCGGAGTCGCCG,21,1,61.9,2,TT,Yes,Yes,TAG
GCTTCTTTGGAAGGTTGTGAAT,22,1,40.9,3,TTT,NA,NA,NA
TATTATGAGCTTTTGATTAAT,21,1,19.0,4,TTTT,Yes,No,
GGTATGTTGAATCAGAGGCCT,21,1,47.6,2,GG,Yes,No,
CTTGTGAAGATGTATTGTTTT,21,1,28.6,4,TTTT,Yes,No,
AATTTTCGGGAGGTCGGAT,19,1,47.4,4,TTTT,NA,NA,NA
TGTGCTTAGCAGCCGCAGATG,21,1,57.1,2,TT,Yes,Yes,TAG
GGTTAGTTGCGTCAGGTGCTG,21,1,57.1,2,GG,Yes,Yes,TAG
GCGAGTATTAATTTGGATGTT,21,1,33.3,3,TTT,Yes,No,
CGTCGGAATCCGTGTCTGGTT,21,1,57.1,2,GG,Yes,No,
GAGAGGAATTTTGATCTTCCG,21,1,42.9,4,TTTT,Yes,No,
AATGGGCATACTATGCATAGT,21,1,38.1,3,GGG,Yes,No,
CCTCGTGGATGACTCATACG,20,1,55.0,2,CC,NA,NA,NA
CAGATGCGGCATGATGGGACG,21,1,61.9,3,GGG,Yes,No,
GCTTTTTCGTATGGGACTACT,21,1,42.9,5,TTTTT,Yes,No,
AATAGGCCTTATTCTGCGCAT,21,1,42.9,2,AA,Yes,No,
CATCTTTGGCTTTATAAGTCG,21,1,38.1,3,TTT,Yes,No,
TAGTGTATGAGGTTGACTAGT,21,1,38.1,2,GG,Yes,Yes,TAG
CCTAGTAAGCTTTATCTTACT,21,1,33.3,3,TTT,Yes,No,
GCTACGTGTACTCATAGTTGG,21,1,47.6,2,TT,Yes,No,
CAGACTGAGCATGCTCGTCAG,21,1,57.1,1,C,Yes,No,
GATAGTTATAATAATAAGGTT,21,1,19.0,2,TT,Yes,No,
ATGAATACGGTGCATCTTTTT,21,1,33.3,5,TTTTT,Yes,No,
ACGCGTTCTAATTAGACTGAT,21,1,38.1,2,TT,Yes,Yes,TAG
CCTTAGTATCAGACTGATGGT,21,1,42.9,2,CC,Yes,Yes,TAG
ATGATTTTTTGGAGTAGTAGG,21,1,33.3,6,TTTTTT,Yes,No,
TCGATTACGGATTAGAATGCG,21,1,42.9,2,TT,Yes,Yes,TAG
GGTGGGCATGATGGGGGGCGG,21,1,76.2,6,GGGGGG,Yes,No,
AAGTAGCTGCGTATTGGTCAG,21,1,47.6,2,AA,Yes,Yes,TAG
AAGTTGATTCTTTCGGATAAT,21,1,28.6,3,TTT,Yes,No,
TGGATGGGGTTGCCGGTTTGT,21,1,57.1,4,GGGG,Yes,No,
GTGCATAATAAGTCTCCTTAT,21,1,33.3,2,AA,Yes,No,
TATCCGTATAAGAAGGATACG,21,1,38.1,2,CC,Yes,No,
AAGCGTGTGTGGCTTATTTAG,21,1,42.9,3,TTT,Yes,Yes,TAG
CGGATTGGGCCGCTGGGTGTG,21,1,71.4,3,GGG,Yes,No,
CCTCCGACTAGTATTTGTTCG,21,1,47.6,3,TTT,Yes,No,
CATACTCCGAGTTATGCTAGT,21,1,42.9,2,CC,Yes,No,
AGTCGGAATTATGTTCAGGTT,21,1,38.1,2,GG,Yes,No,
ACGACTAATTATATGAGTATT,21,1,23.8,2,AA,Yes,No,
GCGCGGTTGGCTTTGAATTTG,21,1,52.4,3,TTT,Yes,No,
CAGGCGCCTACGCTTTATTGG,21,1,57.1,3,TTT,Yes,No,
CATTGGAGTATGCATCCGCTG,21,1,52.4,2,TT,Yes,No,
CATATGGCTGCTTGGGTTCAT,21,1,47.6,3,GGG,Yes,No,
TTGGGTTATAATATTAATTAG,21,1,19.0,3,GGG,Yes,Yes,TAG
CTGTTTTGGTCTACTACGTGT,21,1,42.9,4,TTTT,Yes,No,
CCGGGGAATGTGCATAAGTCT,21,1,52.4,4,GGGG,Yes,No,
CGGGATAAGAAGAGTATTAAT,21,1,33.3,3,GGG,Yes,No,
CATCCGCCGTGTAATCTTAAG,21,1,47.6,2,CC,Yes,No,
GAGACGCTTCATTATGCTGAG,21,1,47.6,2,TT,Yes,No,
CGTATTCGGTCGCCTTTTCTT,21,1,47.6,4,TTTT,Yes,No,
GGTCATGGGCGGATGCTTAAT,21,1,52.4,3,GGG,Yes,No,
TCTATTCGTCAGTTGAGTTTT,21,1,33.3,4,TTTT,Yes,No,
TCGAATACTACTGTTCAGCGT,21,1,42.9,2,AA,Yes,No,
GTTGAGTTTAGGTCTCGTACG,21,1,47.6,3,TTT,Yes,No,
ATGGCGGGGGTGAGTGATAAG,21,1,57.1,5,GGGGG,Yes,No,
GGTCTTTTAGAATATTCCGG,20,1,40.0,4,TTTT,NA,NA,NA
TAGGTGTAGAAGCTTGAGGTT,21,1,42.9,2,GG,Yes,Yes,"TAG,TAG"
TAGCCGAATCTGTATGGTAGT,21,1,42.9,2,CC,Yes,Yes,TAG
ATTCGTCGGTTGTTGGATGTT,21,1,42.9,2,TT,Yes,No,
CCTATGAATAAGGGTCTTGCT,21,1,42.9,3,GGG,Yes,No,
TAGGATCGTAATGGTTCTTAT,21,1,33.3,2,GG,Yes,Yes,TAG
TCTGAGAGGTTGGCGACTGTT,21,1,52.4,2,GG,Yes,No,
CCTATTCTGCGGGTTCTTATT,21,1,42.9,3,GGG,Yes,No,
ATTCATAAGGTGGCGCCTCAG,21,1,52.4,2,TT,Yes,No,
AATAATGATGATAAGGATACT,21,1,23.8,2,AA,Yes,No,
TTCTTATTATAAGCGT,16,1,25.0,2,TT,NA,NA,NA
ACTTATCAGAAGCGTTCGTGT,21,1,42.9,2,TT,Yes,No,
TAGCATCGGAAGGATAAAGGAG,22,1,45.5,3,AAA,NA,NA,NA
CGTCTGAAGTATGGGCAGCGT,21,1,57.1,3,GGG,Yes,No,
GAGCCTTATAGTTATTCTTGT,21,1,33.3,2,CC,Yes,No,
GCTAGGTCGAGTACTGATCCG,21,1,57.1,2,GG,Yes,No,
TATCTGTGGAGGGTTTATAGG,21,1,42.9,3,GGG,Yes,No,
TATTGGGCGATTCATTTGATG,21,1,38.1,3,GGG,Yes,No,
CAGGATTTTCATAATCTTGAT,21,1,28.6,4,TTTT,Yes,No,
TCGTTTTTGATTAAGTGGAAG,21,1,33.3,5,TTTTT,Yes,No,
TAGACGGTTGTTGTGCTC,18,1,50.0,2,GG,NA,NA,NA
GTGAATGTGCCTGTGACTGTT,21,1,47.6,2,AA,Yes,No,
TTGCTGTCGCATCATGGTACT,21,1,47.6,2,TT,Yes,No,
AGTCCGTATGGTTCTCCGAAT,21,1,47.6,2,CC,Yes,No,
ATTTCTTGGAAGCGTTGTGCG,21,1,47.6,3,TTT,Yes,No,
TCTGGTGCTAAGGAGACGGGG,21,1,61.9,4,GGGG,Yes,No,
CGGCCGGTGAAGTGTGGTACT,21,1,61.9,2,GG,Yes,No,
CCGGGTACTTTTTGGATTTAG,21,1,42.9,5,TTTTT,Yes,Yes,TAG
TCGAATGAGTATGGGACTATG,21,1,42.9,3,GGG,Yes,No,
GAGCATCATCATTAGTCGTAG,21,1,42.9,2,TT,Yes,Yes,"TAG,TAG"
CCTAATTGGTGTAATGATGCG,21,1,42.9,2,CC,Yes,No,
AGATATTGATTAGTTGAATTCT,22,1,22.7,2,TT,NA,NA,NA
TTGAGGATGATGATGAATTAT,21,1,28.6,2,TT,Yes,No,
TAGAGTAAGGTTTATTCTTAT,21,1,23.8,3,TTT,Yes,Yes,TAG
TCGTTTGCTATGTTGATTTAT,21,1,28.6,3,TTT,Yes,No,
AGTCATGTGGGGATTGATATG,21,1,42.9,4,GGGG,Yes,No,
GTTATGAATAAGAGTCGGAGG,21,1,42.9,2,TT,Yes,No,
ACGACTAAGAATAATTGTAAG,21,1,28.6,2,AA,Yes,No,
TAGGCGGCTTGGTTGAATGGT,21,1,52.4,2,GG,Yes,Yes,TAG
CGTGTGCGTAGTGCTAATCTT,21,1,47.6,2,AA,Yes,No,
ATGTATGCTTCGAAGTATTTG,21,1,33.3,3,TTT,Yes,No,
CGGCGGCTGCGTCTGAGTCCG,21,1,76.2,2,GG,Yes,No,
CCTTAGTTGCCGATTAATTAT,21,1,33.3,2,CC,Yes,Yes,TAG
CTTATGCTGTAGTTTCTGCTT,21,1,38.1,3,TTT,Yes,Yes,TAG
GTTTTGGTGTCTACGGCTATT,21,1,42.9,4,TTTT,Yes,No,
ATTTGTAGTTG,11,1,27.3,3,TTT,NA,NA,NA
AGTCGTGGTCGTATGCTGGAG,21,1,57.1,2,GG,Yes,No,
AGTCAGGAGGTTGCTTTGCCG,21,1,57.1,3,TTT,Yes,No,
AATGGTTCGCCTTCGCGGAAT,21,1,52.4,2,AA,Yes,No,
TCTAAGAATAAGAGTAGTAAG,21,1,28.6,2,AA,Yes,No,
GGGGTTTATGGGTTTTTTTAT,21,1,33.3,7,TTTTTTT,Yes,No,
AATGTTAATACTCTTCAGAGT,21,1,28.6,2,AA,Yes,No,
ACTATTGATTTGCCGATTTGG,21,1,38.1,3,TTT,Yes,No,
TAGGCTACTAATATGTGGCTG,21,1,42.9,2,GG,Yes,Yes,TAG
GTTATTCCGATGCCGATTCGG,21,1,52.4,2,TT,Yes,No,
GCTGTTTGTAATCTTTATAAT,21,1,23.8,3,TTT,Yes,No,
AGGGGTAAGTCGGCTAATGGT,21,1,52.4,4,GGGG,Yes,No,
CATTGTAGGCCGAAGCGTCTT,21,1,52.4,2,TT,Yes,No,
ACTTATGTGGTTACGTGTTTT,21,1,33.3,4,TTTT,Yes,No,
ACGGTTAAGGAGTGGAATGAG,21,1,47.6,2,GG,Yes,No,
CATACTTGGAATTAGTTGCTT,21,1,33.3,2,TT,Yes,Yes,TAG
TCTTTTCCGCCGGGTATTCCT,21,1,52.4,4,TTTT,Yes,No,
GGTAATCAGTCTAAGTCTGAG,21,1,42.9,2,GG,Yes,No,
ATGCATCCTTGTCAGAAGAGT,21,1,42.9,2,CC,Yes,No,
ATTCTGGGGATGGTTGAGTTT,21,1,42.9,4,GGGG,Yes,No,
TCTCTGTATTTTAATATGTGT,21,1,23.8,4,TTTT,Yes,No,
AATAATAATATGCATCCGAAT,21,1,23.8,2,AA,Yes,No,
CTGGGTTGTACGCTTATTCAG,21,1,47.6,3,GGG,Yes,No,
GTGGCTATTAGTATTCATGAT,21,1,33.3,2,GG,Yes,No,
AATTTGTCGGTGTGTGAGCCG,21,1,52.4,3,TTT,Yes,No,
TGGGTTGGGCGGAAGGTTAAG,21,1,57.1,3,GGG,Yes,No,
CTTAAGTTTCCTATTCTGGAG,21,1,38.1,3,TTT,Yes,No,
ACTTTGTTGTCTTTGAAGACT,21,1,33.3,3,TTT,Yes,No,
CAGATGGAGGATTATGTGACT,21,1,42.9,2,GG,Yes,No,
GTGTATAAGTCGCAGTGTGAG,21,1,47.6,2,AA,Yes,No,
TGGACTAAGATTGATTAGGATAA,23,1,30.4,2,GG,NA,NA,NA
CTGGATGTTATTTATAGGAAG,21,1,33.3,3,TTT,Yes,No,
GCTTATGGTTTTAAGACTACT,21,1,33.3,4,TTTT,Yes,No,
GTGAATCCTACGCTGAGTAG,20,1,50.0,2,AA,NA,NA,NA
AATTTTCTTTATGCTACGCTG,21,1,33.3,4,TTTT,Yes,No,
AAGTCTGTGAATGTTTCGTTG,21,1,38.1,3,TTT,Yes,No,
CAGTATTTTCCTAGTGATGGT,21,1,38.1,4,TTTT,Yes,No,
CCGGTTTGTCTTTTTAAGAGG,21,1,42.9,5,TTTTT,Yes,No,
TATAGTAATTCTTATGGTAAT,21,1,19.0,2,AA,Yes,No,
GGGACGATGCATATTCAGAAT,21,1,42.9,3,GGG,Yes,No,
ATTAATTGTTATGCTTATACG,21,1,23.8,2,TT,Yes,No,
CAGGCTCAACTAGG,14,1,57.1,2,GG,NA,NA,NA
GGTGATTTGGATGGTTATTAT,21,1,33.3,3,TTT,Yes,No,
TTTTATAAGCTGCCGTATCGG,21,1,42.9,4,TTTT,Yes,No,
TGGTATGCTAAGTGGAGTATT,21,1,38.1,2,GG,Yes,No,
CGGTCGGAGACGTGTATTTCTG,22,1,54.5,3,TTT,NA,NA,NA
ATTTGTCTTCGTGAGGATCCG,21,1,47.6,3,TTT,Yes,No,
ATGTCGTGTTAGGAGCGGGAT,21,1,52.4,3,GGG,Yes,Yes,TAG
CAGCGGCATCCTCTGTTTACT,21,1,52.4,3,TTT,Yes,No,
AATACTCATTTGATTTTTACT,21,1,19.0,5,TTTTT,Yes,No,
GATTTGGTTGAGTTGAGTAAT,21,1,33.3,3,TTT,Yes,No,
TATTATATTGTGAAGGCGTGT,21,1,33.3,2,TT,Yes,No,
ACTGCGTCGGATAAGCAGGCT,21,1,57.1,2,GG,Yes,No,
CTTAATGTGGATACGATTGCT,21,1,38.1,2,TT,Yes,No,
GATTCTCATCCGCTTTATTTG,21,1,38.1,3,TTT,Yes,No,
ACGCTTTTGTATTATGATGGCG,22,1,40.9,4,TTTT,NA,NA,NA
AGTCGGCGTGGGAGTGTTATG,21,1,57.1,3,GGG,Yes,No,
AGTGAGATTGCGGAGACGTGG,21,1,57.1,2,TT,Yes,No,
TTTATTCAGGATTATCCGGAT,21,1,33.3,3,TTT,Yes,No,
GATGTTCTTATGAATGGTTTT,21,1,28.6,4,TTTT,Yes,No,
TATGTTTTGTTGTGTTATATT,21,1,19.0,4,TTTT,Yes,No,
TTGTATCGTTAGAATAATTGT,21,1,23.8,2,TT,Yes,Yes,TAG
ACGAAGTGGGGTGTGGGTTTG,21,1,57.1,4,GGGG,Yes,No,
CATCATACTAAGTGTCTGCGG,21,1,47.6,2,AA,Yes,No,
GAGCTTTATAATAATCAGGAT,21,1,28.6,3,TTT,Yes,No,
CATCAGCGTCCGAGGACGCAG,21,1,66.7,2,CC,Yes,No,
GTGAAGGTTACTCATAATATT,21,1,28.6,2,AA,Yes,No,
CGTCCGCTTGCTACTTCTC,19,1,57.9,2,CC,NA,NA,NA
TCTTGGACGTCTGATTGGAAT,21,1,42.9,2,TT,Yes,No,
CATTAGGTTGTGCCGTGTTCT,21,1,47.6,2,TT,Yes,Yes,TAG
GGTCCGATTCTGCGGGCGCCT,21,1,71.4,3,GGG,Yes,No,
ACTCTGGATCCTATGTCTCCT,21,1,47.6,2,GG,Yes,No,
CAGGCGTGTATGAGGATGTCG,21,1,57.1,2,GG,Yes,No,
CCTATGTCTTGTTGGGTGAAT,21,1,42.9,3,GGG,Yes,No,
TGTTCGACTCAGGAACGTTAT,21,1,42.9,2,TT,No,No,
CCTACGCTGGCGACTGATAAT,21,1,52.4,2,CC,Yes,No,
TATGTTAGTTTGCGGTCGAAT,21,1,38.1,3,TTT,Yes,No,
ACGGTTTTGGGTAGTGATAAT,21,1,38.1,4,TTTT,Yes,No,
TGGTATCATGCGTAGCAGTTT,21,1,42.9,3,TTT,Yes,Yes,TAG
AAGCAGAGTGTGAAGCATAGG,21,1,47.6,2,AA,Yes,No,
GCGAATCCTAAGAATAGCAGG,21,1,47.6,2,AA,No,No,
GTTACGGGGGTTCTGCTTTTT,21,1,47.6,5,GGGGG,Yes,No,
CGGCTGTTTGCTTATTGTTTT,21,1,38.1,4,TTTT,Yes,No,
TCTCTGTAGAATTGTAATTTT,21,1,23.8,4,TTTT,Yes,Yes,TAG
TGGAGTTATTTTGATATTACG,21,1,28.6,4,TTTT,Yes,No,
TAGCATGATGAGTAGGGGACT,21,1,47.6,4,GGGG,Yes,Yes,"TAG,TAG"
AATAAGTATCTTTATTCTAGG,21,1,23.8,3,TTT,Yes,No,
TCGTGTCAGTGTAATTAGGAT,21,1,38.1,2,AA,Yes,Yes,TAG
CAGAATTTTGTTCCTGCTAGG,21,1,42.9,4,TTTT,Yes,No,
CCGCCTTTGGCGAGTCCGAAG,21,1,66.7,3,TTT,Yes,No,
CCGGTTCCGAATTGTACGCGT,21,1,57.1,2,CC,Yes,No,
TTGCTTGAGAGTCATTGGCAG,21,1,47.6,2,TT,Yes,No,
AATGTTTTTGAGAAAGGCGGTTAG,24,1,37.5,5,TTTTT,NA,NA,NA
GTTGTGTTTGAGCAGCCGACT,21,1,52.4,3,TTT,Yes,No,
GATACGTTTCTTGTGCTTAGG,21,1,42.9,3,TTT,Yes,No,
GCTTTTATGCTGCATCGTAAT,21,1,38.1,4,TTTT,Yes,No,
CATATTGGTAAGATGGTGAAG,21,1,38.1,2,TT,Yes,No,
CCTGATATTTCGGGGGCGACG,21,1,61.9,5,GGGGG,Yes,No,
ACTTATCATTAGATTTATAAG,21,1,19.0,3,TTT,Yes,Yes,TAG
AGTCATAGTCGTCAGTTTAAG,21,1,38.1,3,TTT,Yes,No,
CGTTATTTGACGTTTTCGACT,21,1,38.1,4,TTTT,Yes,No,
ATGCCTATGGCGAGGACTCTG,21,1,57.1,2,CC,Yes,No,
AGGGATCGGATCTATGTGCTT,21,1,47.6,3,GGG,No,No,
AATGTGACGAAGCCGTTTTCG,21,1,47.6,4,TTTT,Yes,No,
GTGGTGATGATCATCGGAGT,20,1,50.0,2,GG,NA,NA,NA
CAGGAGCATGCTCCGTATTAG,21,1,52.4,2,GG,Yes,Yes,TAG
CTGGATTATCGGGATTGTAAT,21,1,38.1,3,GGG,Yes,No,
ATTGGCATTATGAGTTGA,18,1,33.3,2,TT,NA,NA,NA
TCTTTTGAGGAGCAGTAGCAG,21,1,47.6,4,TTTT,Yes,Yes,TAG
CATCGTTTTAATTATGATTTG,21,1,23.8,4,TTTT,Yes,No,
CATAGTGCGTTTAGTGATAAT,21,1,33.3,3,TTT,Yes,No,
ACTATTGATCTTTAGTCTTTT,21,1,23.8,4,TTTT,Yes,Yes,TAG
CCTTTTGCTCCTTGGGCTTGT,21,1,52.4,4,TTTT,Yes,No,
CTTATGTTGATTCCGGGGTCT,21,1,47.6,4,GGGG,Yes,No,
AGGGTTCGTGAGGCTAAGAGT,21,1,52.4,3,GGG,Yes,No,
TCTCGTAATGCGCCTGGGGCT,21,1,61.9,4,GGGG,Yes,No,
AAGAATTTTAATAAGGATTAT,21,1,14.3,4,TTTT,Yes,No,
ATGACGAAGACGAAGACTAAT,21,1,38.1,2,AA,Yes,No,
CGTTATATGATTAGGAGTCTT,21,1,33.3,2,TT,Yes,No,
ATGATTACGGTGGTTTGTTGT,21,1,38.1,3,TTT,Yes,No,
TATAAGCTGAATAGGGATCCG,21,1,42.9,3,GGG,Yes,No,
CAGCGTTTTAATTATACGAAT,21,1,28.6,4,TTTT,Yes,No,
ATGATTAAGAGTGGTAATAGG,21,1,33.3,2,TT,Yes,No,
CAGCGTGATACTATTTGTATT,21,1,33.3,3,TTT,Yes,No,
GATCTTGATAATTCTGTTACT,21,1,28.6,2,TT,Yes,No,
GCGATGTCGTTGAATACTGGT,21,1,47.6,2,TT,Yes,No,
GCTGCTCGTTTTGTGAAGCGG,21,1,57.1,4,TTTT,Yes,No,
AATGTTTGTATGAATCCGCTG,21,1,38.1,3,TTT,Yes,No,
TCTGTGATTAAGGGGTGGCTT,21,1,47.6,4,GGGG,Yes,No,
GCTAAGCCTCATGATTCGAAG,21,1,47.6,2,AA,Yes,No,
TATAAGTCCGAATACTTTGCTT,22,1,31.8,3,TTT,NA,NA,NA
CGGCGTGGTTTTGATTCGGTT,21,1,52.4,4,TTTT,Yes,No,
CATATTTTGTCGTTTCTTAAT,21,1,23.8,4,TTTT,Yes,No,
TATGGGAATGGTACTCGGCCT,21,1,52.4,3,GGG,Yes,No,
TTTCTGATGCGGATGTAGACT,21,1,42.9,3,TTT,Yes,Yes,TAG
CTTGATGGGATGACTATTTAT,21,1,33.3,3,GGG,Yes,No,
TAGATTTCTAAGATGGCTATT,21,1,28.6,3,TTT,Yes,Yes,TAG
TGGACTGATTAGGCGTCTTAT,21,1,42.9,2,GG,Yes,Yes,TAG
ATGAAGCTTAATGGGCTGAGT,21,1,42.9,3,GGG,Yes,No,
TATATTAATAATCATTGGATG,21,1,19.0,2,TT,Yes,No,
CCGGGGGTTCTTTTTATTAAT,21,1,38.1,5,GGGGG,Yes,No,
CTTCTTCATTTTACTGCTTAG,21,1,33.3,4,TTTT,Yes,Yes,TAG
CTTGTGATTTATCGTGATGAG,21,1,38.1,3,TTT,Yes,No,
AATGGTTGTCCTGATATGGTT,21,1,38.1,2,AA,Yes,No,
TAGGTTCTTACTGTGCTGCAT,21,1,42.9,2,GG,Yes,Yes,TAG
CTGAGGACGAAGATTAAGAAT,21,1,38.1,2,GG,Yes,No,
GCGTTTAAGGCAACTCAACGTG,22,1,50.0,3,TTT,NA,NA,NA
ACGATTATTAGTCCTATTACG,21,1,33.3,2,TT,Yes,No,
CCTGGGACTATGGGGCCTCAG,21,1,66.7,4,GGGG,Yes,No,
CGTCAGCATTCTTGTTGTATG,21,1,42.9,2,TT,Yes,No,
CAGCTGATGATGTGGACGTTT,21,1,47.6,3,TTT,Yes,No,
GTGACTACGACTACGCTTCCT,21,1,52.4,2,TT,Yes,No,
CTGACGCATCTTAGGCTGGCG,21,1,61.9,2,TT,Yes,No,
CCTACTGCTGCTACTTTTCAT,21,1,42.9,4,TTTT,Yes,No,
CTTAATATTCCTGCTGTGAGT,21,1,38.1,2,TT,Yes,No,
CCTTCGCGTCCTACGCATCAG,21,1,61.9,2,CC,Yes,No,
TCTAATCTGAATCATATTGAT,21,1,23.8,2,AA,Yes,No,
CTGCCTAATTGGTTTGTGATT,21,1,38.1,3,TTT,Yes,No,
GAGTATTTTATGTATATGAGT,21,1,23.8,4,TTTT,Yes,No,
AATAATGTTCTTAGTACTTGT,21,1,23.8,2,AA,Yes,No,
TAGAATGGTGTGACTACGCGG,21,1,52.4,2,AA,Yes,Yes,TAG
CGTATGGGTAATCCGAAGACG,21,1,52.4,3,GGG,Yes,No,
GCTTCGCATTATCATAATGGT,21,1,38.1,2,TT,Yes,No,
GGGAATTCTATGACTAAGCAT,21,1,38.1,3,GGG,Yes,No,
AAGTTGGCTTGGACGCTGAAG,21,1,52.4,2,AA,Yes,No,
ATGAGGTATTGTGAGCGTTAT,21,1,38.1,2,GG,Yes,No,
CATTATGTGCGTTATTATGTG,21,1,33.3,2,TT,Yes,No,
GATTTTCTGCCTTTTTTGCAG,21,1,38.1,6,TTTTTT,Yes,No,
CTGCCTAATGGTTATGATGCT,21,1,42.9,2,CC,Yes,No,
AATTGTTTTGCGCTTAATAGG,21,1,33.3,4,TTTT,Yes,No,
AGGATGGGTAAGCAGACGAAG,21,1,52.4,3,GGG,Yes,No,
GCTCATTATACTGTGCTTCAG,21,1,42.9,2,TT,Yes,No,
AATTAGGGTGTTTATATTTTG,21,1,23.8,4,TTTT,Yes,Yes,TAG
GATTATATGTCTAATTTGACG,21,1,28.6,3,TTT,Yes,No,
AATCTTTTGAATCATGTTTCT,21,1,23.8,4,TTTT,Yes,No,
CCGACTAGGAGGGGTTATAAT,21,1,47.6,4,GGGG,Yes,No,
TATGCGTTTGATTTGTATGGG,21,1,38.1,3,TTT,Yes,No,
TCGTATTGTGCTCCGTTTCAT,21,1,42.9,3,TTT,Yes,No,
ACTAAGCAGTCTAATAGTAAG,21,1,33.3,2,AA,Yes,No,
GTTATTGAGTGGCTGGCGAGG,21,1,57.1,2,TT,Yes,No,
ACGGATAATAAGTTGAGGCCT,21,1,42.9,2,GG,Yes,No,
GTTGTTATTTGGCATGAGAAG,21,1,38.1,3,TTT,Yes,No,
AAGGTTAAGAATCATTAGCTT,21,1,28.6,2,AA,Yes,Yes,TAG
CTGACTTAGTATTGTCTGACT,21,1,38.1,2,TT,Yes,Yes,TAG
ACGTTTCCGCGGTCGCGTTGG,21,1,66.7,3,TTT,Yes,No,
CTTGCTCTTTTGTAGGCTAGT,21,1,42.9,4,TTTT,Yes,Yes,TAG
GAGTGTAAGTATTATAATACT,21,1,23.8,2,AA,Yes,No,
ACTACTAGTGTGTTGTAGACT,21,1,38.1,2,TT,Yes,Yes,TAG
AGGAGTACAGGATTTGACTCAG,22,1,45.5,3,TTT,NA,NA,NA
GAGCTCTTGTTAAGTTGTTT,20,1,35.0,3,TTT,NA,NA,NA
TCGACGTTGCCGTTTAAGTTT,21,1,42.9,3,TTT,Yes,No,
CATGATAAGCAGTGTCCTCCG,21,1,52.4,2,AA,Yes,No,
AGTATTTGTAAGGGTAAGTAG,21,1,33.3,3,TTT,Yes,Yes,TAG
GTTTTTTTGATGCTTATTCGG,21,1,33.3,7,TTTTTTT,Yes,No,
ACGGGTAATAAGAATACGTTT,21,1,33.3,3,GGG,Yes,No,
CGTACGTCTTGTACTATTCAG,21,1,42.9,2,TT,Yes,No,
GATTATGTGGGGAAGCAGATG,21,1,47.6,4,GGGG,Yes,No,
AATCCGGTTTTTACTATTATT,21,1,23.8,5,TTTTT,Yes,No,
AGGGTGTATAATCTGCAGCGG,21,1,52.4,3,GGG,Yes,No,
ATGTTATTTCTAGGTGTGTT,20,1,30.0,3,TTT,NA,NA,NA
AATGTTATTTCTAGGTGTGTT,21,1,28.6,3,TTT,Yes,No,
TGTTATGTGGATTTGCAGGAT,21,1,38.1,3,TTT,Yes,No,
TGGGGTCGTGCTTTTACTCCG,21,1,57.1,4,GGGG,Yes,No,
AAGAGGATGTTGTATAATG,19,1,31.6,2,AA,NA,NA,NA
ACTGTTCATCTTGCGTGTAGT,21,1,42.9,2,TT,Yes,No,
AAGAATCAGGCGTAGGAGAAG,21,1,47.6,2,AA,Yes,Yes,TAG
GCTCTTTTTAATATTAGTGTG,21,1,28.6,5,TTTTT,Yes,No,
TAGGATTTGGCTAATTTGCGG,21,1,42.9,3,TTT,Yes,Yes,TAG
TTGATTTGTACGGAGTCGAAG,21,1,42.9,3,TTT,Yes,No,
GGTACTGATAAGATTTCGAAG,21,1,38.1,3,TTT,Yes,No,
TTTAAGCCTATTGGTCTTTTT,21,1,28.6,5,TTTTT,Yes,No,
CTGCTTAAGAGGACGCTTCCG,21,1,57.1,2,TT,Yes,No,
ACTGGTAATCTTACGCTTTAT,21,1,33.3,3,TTT,Yes,No,
AATCAGAAGATGAATTAGCAT,21,1,28.6,2,AA,Yes,Yes,TAG
ATGTAGATTGAGTCGTGGTAT,21,1,38.1,2,TT,Yes,Yes,TAG
ACTCTTATTTTGTGGGATAGG,21,1,38.1,4,TTTT,Yes,No,
TAGTCTAAGCATCTGAATACG,21,1,38.1,2,AA,Yes,Yes,TAG
ATTGCTACTGAGCCTACTTCT,21,1,42.9,2,TT,Yes,No,
AAGCTTAAGAGTGTTAGGAGT,21,1,38.1,2,AA,Yes,No,
ATGCGTGCTAGTAAGACTGAT,21,1,42.9,2,AA,Yes,No,
CAGTGGCCGCCTCCTTGTGAG,21,1,66.7,2,GG,Yes,No,
GAGAGGATGTTTTTTCATTGT,21,1,33.3,6,TTTTTT,Yes,No,
TTGCTTCTTCCGATTTATGTCA,22,1,36.4,3,TTT,NA,NA,NA
AATGTTAGTATGGGGACGCTT,21,1,42.9,4,GGGG,Yes,No,
GATTAGTCTTTTCAGGTTGGT,21,1,38.1,4,TTTT,Yes,Yes,TAG
ATGCATAGTGATTATAGGGGT,21,1,38.1,4,GGGG,Yes,No,
CAGGTTACTGTGCAGCCTCAT,21,1,52.4,2,GG,Yes,No,
CAGCGTGATAATTATCGTCAT,21,1,38.1,2,AA,Yes,No,
CATTGTACTACGTAGTTTATT,21,1,28.6,3,TTT,Yes,Yes,TAG
AGGATTGCGAAGATGGAGCTT,21,1,47.6,2,GG,Yes,No,
TGGTTTTGGCTGGAGTATAAT,21,1,38.1,4,TTTT,Yes,No,
CCGACTGGGAATTGGGAGTCT,21,1,57.1,3,GGG,Yes,No,
GCGACGGAGGATGTTTTT,18,1,50.0,5,TTTTT,NA,NA,NA
CCGGTGCATTCTCTTCTGCAT,21,1,52.4,2,CC,Yes,No,
TTTAGTGTGAGGTCGAGTTC,20,1,45.0,3,TTT,NA,NA,NA
TTGACTACTGTGTATATGATG,21,1,33.3,2,TT,Yes,No,
ATTCGCTTTACGAGGAGGTTT,21,1,42.9,3,TTT,No,No,
CTGATTGATCTGCAGCATACT,21,1,42.9,2,TT,Yes,No,
CATTCTACTAGTCTGTATACT,21,1,33.3,2,TT,Yes,No,
GAGAGTTATTCGGATAATCCG,21,1,42.9,2,TT,Yes,No,
TATTTTGAGGAGTATATGGCT,21,1,33.3,4,TTTT,Yes,No,
GGGCCTAATCATTGGTATGCT,21,1,47.6,3,GGG,Yes,No,
AAGCTTCATAAGATGCCTTCG,21,1,42.9,2,AA,Yes,No,
CATCATAATAGGATTATTTCG,21,1,28.6,3,TTT,Yes,No,
TTTGCTATGCGTAGTAATGAT,21,1,33.3,3,TTT,Yes,No,
ATGTAGACTCTTAATTAGTGT,21,1,28.6,2,TT,Yes,Yes,"TAG,TAG"
ACTCATTTGTGGCCTAATGGT,21,1,42.9,3,TTT,Yes,No,
GCGGGTCGTGAGAATAATACT,21,1,47.6,3,GGG,Yes,No,
ACTTGTCCTGTGGTGCCTTGT,21,1,52.4,2,TT,Yes,No,
AAGGCTTATAATAAGGGGGGG,21,1,47.6,7,GGGGGGG,Yes,No,
AGTCTTACGACTAGTTCTCAT,21,1,38.1,2,TT,Yes,No,
GATTGGAAGGCGGCTGATCAT,21,1,52.4,2,TT,Yes,No,
GGGAGGAATTCTGGGAATGAT,21,1,47.6,3,GGG,Yes,No,
ACTGGTTATTATAATTCGAGT,21,1,28.6,2,GG,Yes,No,
CATTATCTTGGACTATGGGGCG,22,1,50.0,4,GGGG,NA,NA,NA
ATTGCGCTTCGGATTTTGATTT,22,1,36.4,4,TTTT,NA,NA,NA
GAGTCTTTGCCTGCTTATCCT,21,1,47.6,3,TTT,Yes,No,
AATACTAGTCATTGGGATATG,21,1,33.3,3,GGG,Yes,No,
CCTCCTAATTTTTATCAGCTG,21,1,38.1,5,TTTTT,Yes,No,
ATGCTGATTCATTTGTGTGGT,21,1,38.1,3,TTT,Yes,No,
TTGGTTACTTAGCATGTGAAG,21,1,38.1,2,TT,Yes,Yes,TAG
CCGAATCAGCCGCCTGAGTGT,21,1,61.9,2,CC,Yes,No,
CATGCGTATTATTCTACTCAT,21,1,33.3,2,TT,Yes,No,
CCGACTAAGGATAATGATAGT,21,1,38.1,2,CC,Yes,No,
GATTCTATTATGAATGATTAG,21,1,23.8,2,TT,Yes,Yes,TAG
AGTCCTTATGCTTATAAGCTT,21,1,33.3,2,CC,Yes,No,
ACGTGGAAGACGCGGATGAAT,21,1,52.4,2,GG,Yes,No,
TGGAGTACTGCTGATGAGCAG,21,1,52.4,2,GG,Yes,No,
CCTACTTCGACTTGTCATGAT,21,1,42.9,2,CC,Yes,No,
AATATGAGGATGTCGATGATG,21,1,38.1,2,AA,Yes,No,
ATGTATAAGTCTAATAAGTGT,21,1,23.8,2,AA,Yes,No,
GCTCCGCCGTAGAATCGGGGG,21,1,71.4,5,GGGGG,Yes,Yes,TAG
AATTCTCATTTTATGTAGCAG,21,1,28.6,4,TTTT,Yes,Yes,TAG
CATCGTATTACTTAGGTTATG,21,1,33.3,2,TT,Yes,Yes,TAG
CAGTTTTTTCATAAGACTGGT,21,1,33.3,6,TTTTTT,Yes,No,
ATTACTTTTCCTAAGAAGCGG,21,1,38.1,4,TTTT,Yes,No,
TATAATGGGTGTACGCATTTG,21,1,38.1,3,GGG,Yes,No,
GGTATGCCGGAGTGGTTTCTG,21,1,57.1,3,TTT,Yes,No,
ATTAATACGAGTCGGTCTAGG,21,1,42.9,2,TT,Yes,No,
TTCTCTATATTTTTCGAGCCTGGT,24,1,37.5,5,TTTTT,NA,NA,NA
CTGACTATTATTTATATTCTT,21,1,19.0,3,TTT,Yes,No,
CTGAATGTGGTGAGGATGTCT,21,1,47.6,2,AA,Yes,No,
CATTGTGCGCATGGGTCTAAT,21,1,47.6,3,GGG,Yes,No,
TATTGGACTGAGATTTGTCAG,21,1,38.1,3,TTT,Yes,No,
CGGGCGGTTTAGGGTAAGGCT,21,1,61.9,3,GGG,Yes,Yes,TAG
GAGAATCGTTTATATAAT,18,1,22.2,3,TTT,NA,NA,NA
ACGCTGATTTTTCATCGGACT,21,1,42.9,5,TTTTT,Yes,No,
TTGGTGATGAAGGATCTTAAT,21,1,33.3,2,TT,Yes,No,
GTTTTTGGATCTGTTGGCCGACT,23,1,47.8,5,TTTTT,NA,NA,NA
CGGCCGATTTATTCTGATACT,21,1,42.9,3,TTT,Yes,No,
AATAAGTCTAGTGTTGATGAG,21,1,33.3,2,AA,Yes,No,
ATGGCGGGGTAGCCGGTGCAG,21,1,71.4,4,GGGG,Yes,Yes,TAG
TTTAGTTATTTTTTTCATCGG,21,1,23.8,7,TTTTTTT,Yes,No,
AAGGATCTTCATCCTGATACTT,22,1,36.4,2,AA,NA,NA,NA
CAGAGGGAGGTTTATATGAAG,21,1,42.9,3,GGG,Yes,No,
ACTCTTGTTGAGAAGACTTCG,21,1,42.9,2,TT,Yes,No,
CTTTCGGCGCATAATCGTCTG,21,1,52.4,3,TTT,Yes,No,
CATTATGTTATTGGTGTTGCG,21,1,38.1,2,TT,Yes,No,
ACTCAGCAGCCGAAGGGGTAT,21,1,57.1,4,GGGG,Yes,No,
ACTACGTATCGGTAGAATTTG,21,1,38.1,3,TTT,Yes,Yes,TAG
TCTTAGATTTATCTTGCGGTT,21,1,33.3,3,TTT,Yes,Yes,TAG
TCTTCTAAGAGTCGTGATGGT,21,1,42.9,2,TT,Yes,No,
ACTTTGACTCAGAATTCTAAT,21,1,28.6,3,TTT,Yes,No,
CATCTTACGAAGGTTCGTAAT,21,1,38.1,2,TT,Yes,No,
CATCAGCTTGTGTAGGGTGCG,21,1,57.1,3,GGG,Yes,Yes,TAG
CCGAATTCTGTATCGTAAGTAT,22,1,36.4,2,CC,NA,NA,NA
TTGTTGACGTTTTTGCCTTTT,21,1,33.3,5,TTTTT,Yes,No,
CAGCGTGTTGCGACTCCTCGG,21,1,66.7,2,TT,Yes,No,
AAGTGGCATTATTATCAGAAG,21,1,33.3,2,AA,Yes,No,
TCTAGGATTAGTAAGGCTTGG,21,1,42.9,2,GG,Yes,No,
CCTGAGATGTGTCGTGCTAAG,21,1,52.4,2,CC,Yes,No,
GCTGAGTAGTGGCATGGTAAG,21,1,52.4,2,GG,Yes,Yes,TAG
TTGGAGGCGACGAATAATATGAA,23,1,39.1,2,TT,NA,NA,NA
ACGGCTCAGTCTAGTCTGACT,21,1,52.4,2,GG,Yes,No,
TGTGCGCATGCTATGATTCTG,21,1,47.6,2,TT,Yes,No,
GGTGATACTGGGCATGTGCGT,21,1,57.1,3,GGG,Yes,No,
CGTTATCCTTTTCTGGTTGGT,21,1,42.9,4,TTTT,Yes,No,
CATTCTACTATGAAGGCGAGG,21,1,47.6,2,TT,Yes,No,
TCTTGTACGCTGGATTGTTGCCAG,24,1,50.0,2,TT,NA,NA,NA
CATTATTTGCCTCAGCAGGTT,21,1,42.9,3,TTT,Yes,No,
CATTATTTGCCTCAGCAGGTC,21,1,47.6,3,TTT,No,No,
AAGATGAGTAATCTTACGCAG,21,1,38.1,2,AA,Yes,No,
ACTTATATTTGTGATATGAGT,21,1,23.8,3,TTT,Yes,No,
CGGGGTTTTTATACGTTTTCG,21,1,42.9,5,TTTTT,Yes,No,
CTTGAGGAGGCTAGGTATAAG,21,1,47.6,2,TT,Yes,No,
CAGTTTACTTGTAGGATTTCT,21,1,33.3,3,TTT,Yes,No,
GTTATTACTATGATTAATCGT,21,1,23.8,2,TT,Yes,No,
CCTAATGAGCTGAATGGGGAT,21,1,47.6,4,GGGG,Yes,No,
TAGTGGGCTATGTCTCTTAAT,21,1,38.1,3,GGG,Yes,Yes,TAG
GAGCAGCATGATAGGATGCAT,21,1,47.6,2,GG,Yes,No,
CATCATATTAGGGATTGTCAT,21,1,33.3,3,GGG,Yes,No,
ACGCATAATAATAAGGCTTCG,21,1,38.1,2,AA,Yes,No,
CTGACTCATTTTTGAATATG,20,1,30.0,5,TTTTT,NA,NA,NA
CCTAATCGTAATGGTTCGTGT,21,1,42.9,2,CC,Yes,No,
TAGTTTGTGAGTATTAATACT,21,1,23.8,3,TTT,Yes,Yes,TAG
ATTAAGCGGAATGTGCCGGG,20,1,55.0,3,GGG,NA,NA,NA
CCGGGGCATGGGGATAGTGGT,21,1,66.7,4,GGGG,Yes,No,
CCTTCTTCGATGCGGATTAAT,21,1,42.9,2,CC,Yes,No,
CCTACGTAGATGAAGGTGAAT,21,1,42.9,2,CC,Yes,Yes,TAG
TTGGATCTGTCTGAGGATAAG,21,1,42.9,2,TT,Yes,No,
AAGCTTGAGCGTAATGATATT,21,1,33.3,2,AA,Yes,No,
CGTTAGTAGGTTGCTTGGCAT,21,1,47.6,2,TT,Yes,Yes,"TAG,TAG"
ACGAAGCAGAAGTTTAGTGCG,21,1,47.6,3,TTT,Yes,No,
TTGCATCATTTTCATCTTTAG,21,1,28.6,4,TTTT,Yes,Yes,TAG
TAGGCGACGCTTCTTAATG,19,1,47.4,2,GG,NA,NA,NA
AGTACTGCGTCGCAGATTCCTA,22,1,50.0,2,TT,NA,NA,NA
AAGTGGGGGTAGCCTGGTCAG,21,1,61.9,5,GGGGG,Yes,Yes,TAG
TCTGCGCGGTCGCAGATGGAT,21,1,61.9,2,GG,Yes,No,
AGGATGGTGTTGATTGGTGTG,21,1,47.6,2,GG,Yes,No,
CATAATTATTATATGCGGCCT,21,1,33.3,2,AA,Yes,No,
GTGGTGTATATTACTTGGAGT,21,1,38.1,2,GG,Yes,No,
ATGACTCATACGCAGGTGGGT,21,1,52.4,3,GGG,Yes,No,
TAGGCGATGTAGTAGCGTAGG,21,1,52.4,2,GG,Yes,Yes,"TAG,TAG,TAG"
CTTATTGGGCGGACTCGTGAT,21,1,52.4,3,GGG,Yes,No,
TTTAGTACGTATCAATCGTTC,21,1,33.3,3,TTT,No,No,
TTTTTGCTGCAGAAGTATAAT,21,1,28.6,5,TTTTT,Yes,No,
AGTATTGCTCTTTGTGTTTAG,21,1,33.3,3,TTT,Yes,Yes,TAG
GCTTCTTATACTTGTTGGATG,21,1,38.1,2,TT,Yes,No,
ACTGTTGTTTAGGCGACTTTT,21,1,38.1,4,TTTT,Yes,Yes,TAG
CAGTAGGAGATGAATGGGAGG,21,1,52.4,3,GGG,Yes,Yes,TAG
CGGATTATTTATGGGCCTTTT,21,1,38.1,4,TTTT,Yes,No,
CCGTTGGATTCTAATCCTTTT,21,1,38.1,4,TTTT,Yes,No,
AGTGGTTTGATGACTTAGACT,21,1,38.1,3,TTT,Yes,Yes,TAG
CAGTGGAAGATGATTTTGAAG,21,1,38.1,4,TTTT,Yes,No,
GGGACTTTGCCGATTATTCAG,21,1,47.6,3,GGG,Yes,No,
TCGGGTGCTCAGTAGTATTAG,21,1,47.6,3,GGG,Yes,Yes,"TAG,TAG"
CATTTTCTTCATCTTTTTATG,21,1,23.8,5,TTTTT,Yes,No,
CGGGATGAGATTCAGTATCTG,21,1,47.6,3,GGG,Yes,No,
CATATGTCGTTTGCGTTTCGG,21,1,47.6,3,TTT,Yes,No,
CATACGCATTCTAGGCAGGCG,21,1,57.1,2,TT,Yes,No,
TAGCCTCCTACTAGGAAGCAG,21,1,52.4,2,CC,Yes,Yes,TAG
GATACGCATATGAAGTATATT,21,1,28.6,2,AA,Yes,No,
CGTCTTCAGGGGGATTAGACT,21,1,52.4,5,GGGGG,Yes,Yes,TAG
TATGGTATTGTGAGTTTGTCT,21,1,33.3,3,TTT,Yes,No,
CAGATGCTGTGGTGTATTGAT,21,1,42.9,2,GG,Yes,No,
TGGTCTTATACTGGGGATAAT,21,1,38.1,4,GGGG,Yes,No,
ACTTTTTGTAATCAGATGCTG,21,1,33.3,5,TTTTT,Yes,No,
CCTCAGGGTACGAATAGTATT,21,1,42.9,3,GGG,Yes,No,
CAGTAGGTTGCGACTAGGTCT,21,1,52.4,2,GG,Yes,Yes,TAG
AGCAAGTTACTAGTACTAAG,20,1,35.0,2,AA,NA,NA,NA
CAGGATCCGGATACGTGTTAT,21,1,47.6,2,GG,Yes,No,
AATTGGTGTGGGACGTCTTGT,21,1,47.6,3,GGG,Yes,No,
TCGATTCTTTGGGTGACGTTT,21,1,42.9,3,TTT,Yes,No,
TTTGTGAGTAAGGATACTTGT,21,1,33.3,3,TTT,Yes,No,
AAATAATTTTCATAGTCGTAAT,22,1,18.2,4,TTTT,NA,NA,NA
ACTCCTGTGAATACTAATATT,21,1,28.6,2,CC,Yes,No,
AATCCTACTCCGTTTAATTCT,21,1,33.3,3,TTT,Yes,No,
TGGAAGTTTGATACGTATATT,21,1,28.6,3,TTT,Yes,No,
ACGACTTAGCTTATGTATGTT,21,1,33.3,2,TT,Yes,Yes,TAG
GAGCTGTTGTTGATTACTAAG,21,1,38.1,2,TT,Yes,No,
ACGCAGCGTTAGCTTACGCCA,21,1,57.1,2,TT,No,Yes,TAG
AGGGCTATTATTCAGAAGAAG,21,1,38.1,3,GGG,Yes,No,
AGTGCTTTTTGTCAGCAGGCT,21,1,47.6,5,TTTTT,Yes,No,
CAGAGTTTACTGCTAGTATT,20,1,35.0,3,TTT,NA,NA,NA
TTTTATGAGGCGATTTATTTT,21,1,23.8,4,TTTT,Yes,No,
GATACGTGTCATTTTTTGGT,20,1,35.0,6,TTTTTT,NA,NA,NA
AAGATTCAGTATGATTTTCGT,21,1,28.6,4,TTTT,Yes,No,
CATGAGGTGTATTTGAGGAGG,21,1,47.6,3,TTT,Yes,No,
GCGTCTTCGCAGCATCATGTG,21,1,57.1,2,TT,Yes,No,
TCGGGTCATTTGCTTTATCAT,21,1,38.1,3,GGG,Yes,No,
CCGACGATTACGATTTGGATG,21,1,47.6,3,TTT,Yes,No,
CAGAATTGTTATACGAATCAT,21,1,28.6,2,AA,Yes,No,
TTGGAGAAGCCGGATCATTTG,21,1,47.6,3,TTT,Yes,No,
GTTATTTCTCAGGTTAGGGAG,21,1,42.9,3,TTT,Yes,No,
AATCTGTTTGCTTTGCCGTTT,21,1,38.1,3,TTT,Yes,No,
GTGGCGTTGCGTAAGCCTTTG,21,1,57.1,3,TTT,Yes,No,
TTGCTGTCGCATAATCATTCG,21,1,42.9,2,TT,Yes,No,
TATACTCTTACGGCTAATGAT,21,1,33.3,2,TT,Yes,No,
GGTAGTGATGATCGTTTGCCG,21,1,52.4,3,TTT,Yes,No,
AAGTCTGTGATTACTCCGCGT,21,1,47.6,2,AA,Yes,No,
TGTGAGTATTGTTGTAGTCTT,21,1,33.3,2,TT,Yes,No,
CCTAAGAAGGATTTGTATTGT,21,1,33.3,3,TTT,Yes,No,
TTTTGTTAATATGTTTAGTAGT,22,1,18.2,4,TTTT,NA,NA,NA
TGGGCTTCGCCGTTGCGGGGG,21,1,76.2,5,GGGGG,Yes,No,
GAACGTATTCGACGCTGGGGCGG,23,1,65.2,4,GGGG,NA,NA,NA
TCTCAGGCGGGGAATCATACG,21,1,57.1,4,GGGG,Yes,No,
GCGTATGATGGTACGGATGCG,21,1,57.1,2,GG,Yes,No,
CCTCCGCTGACTATTCATAGT,21,1,47.6,2,CC,Yes,No,
TTGACTTTGGATAGGCATACT,21,1,38.1,3,TTT,Yes,No,
TAGATTATGCGTATGAAGTAT,21,1,28.6,2,TT,Yes,Yes,TAG
TCGCTGAATAATAAGATGAGG,21,1,38.1,2,AA,Yes,No,
AAGAATTCGAAGCTTCATATT,21,1,28.6,2,AA,Yes,No,
GGTACTTATTGTCTTTGGAAT,21,1,33.3,3,TTT,Yes,No,
CCGACGCGCTTGCCCGCGG,19,1,84.2,3,CCC,NA,NA,NA
CGGGAGCGTTATCAGTGTATT,21,1,47.6,3,GGG,Yes,No,
TCTACGCAGTGTGCGAAGGTG,21,1,57.1,2,AA,Yes,No,
AATAAGATTAGTAGGTATATG,21,1,23.8,2,AA,Yes,No,
CCGTGTTCGATGCTTGTGGGT,21,1,57.1,3,GGG,Yes,No,
TATAAGACTGAGAGTCGTAAG,21,1,38.1,2,AA,Yes,No,
GTGGATATGCCGGTGGTGGCT,21,1,61.9,2,GG,Yes,No,
AAGGATTATCGTATCACCGGC,21,1,47.6,2,AA,No,No,
AATCATATTTGTAGGACGCAG,21,1,38.1,3,TTT,Yes,No,
ATGTTGTTTTATATTTAGCCG,21,1,28.6,4,TTTT,Yes,Yes,TAG
TGGATTATTCGTGAGGGTATG,21,1,42.9,3,GGG,Yes,No,
TGGTGTGCGATGTTTCAGCCG,21,1,57.1,3,TTT,Yes,No,
CAGTTTAATCCGTTGAATAGT,21,1,33.3,3,TTT,Yes,No,
GCTTGTGGTACTCTTCGGACG,21,1,57.1,2,TT,Yes,No,
CGGGTTCTGGTTCATCTGCAG,21,1,57.1,3,GGG,Yes,No,
CAGTTGAGTGCGCCTGTGCTG,21,1,61.9,2,TT,Yes,No,
ACTTATCGGGCTTTGGAGATG,21,1,47.6,3,GGG,Yes,No,
GAGTGTGGGTATGTGAATGAT,21,1,42.9,3,GGG,Yes,No,
CGGGATTATATTGAGCATACG,21,1,42.9,3,GGG,Yes,No,
AATTGGTTGAAGGATTCTCCT,21,1,38.1,2,AA,Yes,No,
CAGTGTCTGGGGGCTGTCAGG,21,1,66.7,5,GGGGG,No,No,
ATTTTGATGGTGTCGCATTAG,21,1,38.1,4,TTTT,Yes,Yes,TAG
CGGTCTCTGTGTGATGATGTT,21,1,47.6,2,GG,Yes,No,
TCGTCTATGTATTATTGGCTG,21,1,38.1,2,TT,Yes,No,
TGTAGTAGGACTACTCTTAGG,21,1,42.9,2,GG,Yes,No,
CATGTGAATAAGCATAAGCCT,21,1,38.1,2,AA,Yes,No,
AAGTTTAATGCGAGTTGTTCG,21,1,38.1,3,TTT,Yes,No,
TGTGTTCAGTAGTAGCTTAAT,21,1,33.3,2,TT,Yes,Yes,"TAG,TAG"
AATGCGGATTGCTTAGCCGATT,22,1,45.5,2,AA,NA,NA,NA
CTGGCTAGTAGTCGTTGGGCT,21,1,57.1,3,GGG,Yes,No,
TGTGAGTTGTTTCATATTCAT,21,1,28.6,3,TTT,Yes,No,
TATAATATTTCCGCGTATTTCG,22,1,31.8,3,TTT,NA,NA,NA
TTGGATCATCTTCTTTGGGCG,21,1,47.6,3,TTT,Yes,No,
GTGGAGCGTACTCGTCCTTTG,21,1,57.1,3,TTT,Yes,No,
AAGTCTCATTTGTCGGATTAT,21,1,33.3,3,TTT,Yes,No,
AGGCCGCGAGCATTAGTAGGTAG,23,1,56.5,2,GG,NA,NA,NA
AAGTTTCGTCCTTTGGATGTT,21,1,38.1,3,TTT,Yes,No,
GGTCATACGCATTATCATAAG,21,1,38.1,2,GG,Yes,No,
TCGGGTTCTTTGAATTAGGAT,21,1,38.1,3,GGG,Yes,Yes,TAG
TCGGTTATTGCTGGTTGTCCT,21,1,47.6,2,GG,Yes,No,
TGTCGGAGTACTAATGTTTCT,21,1,38.1,3,TTT,Yes,No,
GCTGTGAAGCTGTGTGGGTTT,21,1,52.4,3,GGG,Yes,No,
CAGCGTTTGTTGAGGATTTCG,21,1,47.6,3,TTT,Yes,No,
TGGATTAGGACGGTGAGTAGT,21,1,47.6,2,GG,Yes,No,
ACGGGTCATCGGAAGCATACG,21,1,57.1,3,GGG,Yes,No,
AATACGAATGATATGATTATT,21,1,19.0,2,AA,Yes,No,
GGGCCTGTTGATTGTATTAAG,21,1,42.9,3,GGG,Yes,No,
TGTTTGCGGAAGAAGACTCCT,21,1,47.6,3,TTT,Yes,No,
CTTTTTTGTGCGAATGATACT,21,1,33.3,6,TTTTTT,Yes,No,
GATCAGAATAGGCGTCCTTAT,21,1,42.9,2,AA,Yes,No,
TGGTATAAGATGTATAGTATG,21,1,28.6,2,GG,Yes,No,
GCGGCGAAGGGGTGGGCTTTT,21,1,66.7,4,GGGG,Yes,No,
TAGAGTATTCATAGTGAGGCT,21,1,38.1,2,TT,Yes,Yes,TAG
TTTTATTTTGCTACTTGTCAT,21,1,23.8,4,TTTT,Yes,No,
GTGCATCAGCAGACGGATACT,21,1,52.4,2,GG,Yes,No,
CTGCATCTGAATAATCCGAGG,21,1,47.6,2,AA,Yes,No,
GTTAATACTGTTCTGAATAAT,21,1,23.8,2,TT,Yes,No,
GAGTTTATTTTGATGGTGCGG,21,1,42.9,4,TTTT,Yes,No,
TGGAATAGTAATTGTGGGCTG,21,1,42.9,3,GGG,Yes,No,
TGTGCGCCGCGGGATCGGCTG,21,1,76.2,3,GGG,Yes,No,
CCGTTTACTTCTTTGGGTAGG,21,1,47.6,3,TTT,Yes,No,
TTTTAGATGCGTGGTCTTAGG,21,1,42.9,4,TTTT,Yes,Yes,TAG
CTGCATCAGACTTTGATGCCT,21,1,47.6,3,TTT,Yes,No,
TTTCCGGGTTAGTTTGATGTG,21,1,42.9,3,TTT,Yes,Yes,TAG
GCGAGGGTGTGTATGTGTTAG,21,1,52.4,3,GGG,Yes,Yes,TAG
ACGAGGATGTATAAGTCTTGT,21,1,38.1,2,GG,Yes,No,
TTTAGTACGAGTATTGCTTCC,21,1,38.1,3,TTT,No,No,
ATGAAGCAGATTCGGATTGTTAGG,24,1,41.7,2,AA,NA,NA,NA
ATGAGTCAGGGGTTCTTAGCAG,22,1,50.0,4,GGGG,NA,NA,NA
TAGCAGACTTAGCCTTAGATG,21,1,42.9,2,TT,Yes,Yes,"TAG,TAG,TAG"
GTGATTAGTACGGTTTAGTGT,21,1,38.1,3,TTT,Yes,Yes,TAG
TCTATTTGTTGTCCTGGTAAT,21,1,33.3,3,TTT,Yes,No,
GGTGTGGCTCCCCCGGTGAAG,21,1,71.4,5,CCCCC,No,No,
TCTAATAAGTTGCTTTCGTTG,21,1,33.3,3,TTT,Yes,No,
ATTTGTAATCAGATTTAGCCT,21,1,28.6,3,TTT,Yes,Yes,TAG
ACTCCAGAATTGGCCGCATGGT,22,1,54.5,2,CC,NA,NA,NA
TCGATGAAGTTTTCGCTTATG,21,1,38.1,4,TTTT,Yes,No,
TAGAATATTCTTATTTAGCAG,21,1,23.8,3,TTT,Yes,Yes,"TAG,TAG"
GCTGCGACGGATCATTATTAT,21,1,42.9,2,GG,Yes,No,
GCTACTCATTGGCTGGGTCTG,21,1,57.1,3,GGG,Yes,No,
ATGAAGTAGCCGTATACTTTT,21,1,33.3,4,TTTT,Yes,Yes,TAG
AATACTGCTAGTTTTATTTGG,21,1,28.6,4,TTTT,Yes,No,
AAGGGTTTTTGTAAGACTAGG,21,1,38.1,5,TTTTT,Yes,No,
AGGTTGCAGCCTAAGAATGGG,21,1,52.4,3,GGG,Yes,No,
TCTACGGGGAATACGGATAAG,21,1,47.6,4,GGGG,Yes,No,
TGTGATTCGCTGAATGATATT,21,1,33.3,2,TT,Yes,No,
TTGACTGATCGTTGGACTCTG,21,1,47.6,2,TT,Yes,No,
TGTATTGGGTCGACGACTGAT,21,1,47.6,3,GGG,Yes,No,
CATGCGACTGTGTAGCGTCAG,21,1,57.1,1,C,Yes,Yes,TAG
TATAATTGGACTTAGGTATCGA,22,1,31.8,2,AA,NA,NA,NA
TTGGAGTTTTTGAGTATTTAT,21,1,23.8,5,TTTTT,Yes,No,
GTGTTGTGGTTGCTTTCGTCT,21,1,47.6,3,TTT,Yes,No,
CGGTAGCCTTTTTGTCATTAT,21,1,38.1,5,TTTTT,Yes,Yes,TAG
CGTACTATTCGTTTGAATAAG,21,1,33.3,3,TTT,Yes,No,
TCTAGTCTGCAGACTGGTAAG,21,1,47.6,2,GG,Yes,No,
TGGGCTACGCATATTGAGCAT,21,1,47.6,3,GGG,Yes,No,
AAGAAGATTGTTACTACGTGG,21,1,38.1,2,AA,Yes,No,
AAGACGGATACTCTGGCTGTG,21,1,52.4,2,AA,Yes,No,
AATGAGCATCATGAGTTTTCT,21,1,33.3,4,TTTT,Yes,No,
TAGTATGCGTTTTATCATACG,21,1,33.3,4,TTTT,Yes,Yes,TAG
CCTGATATGCCTCCGACTGGT,21,1,57.1,2,CC,Yes,No,
TCGAAGGGTTTGTTCATTTG,20,1,40.0,3,GGG,NA,NA,NA
GCTAGGCATACTAATCATTTG,21,1,38.1,3,TTT,Yes,No,
ACTTCTTATACGTGTACTCTT,21,1,33.3,2,TT,Yes,No,
TTTTATAATTAGCAGAATAGT,21,1,19.0,4,TTTT,Yes,Yes,TAG
CCGCAGATGAGGGATACGC,19,1,63.2,3,GGG,NA,NA,NA
GGGGAGACGACTCATAATAAT,21,1,42.9,4,GGGG,Yes,No,
GCTCGGGTGTGGGTTTTGTAT,21,1,52.4,4,TTTT,Yes,No,
TCTGTTGATCCTATTCGTAGT,21,1,38.1,2,TT,Yes,No,
CCGAAGACGCCGAAGCATGCG,21,1,66.7,2,CC,Yes,No,
TGGTATTATGTGTATACTATG,21,1,28.6,2,GG,Yes,No,
CGGGTTGATCGGTAGATGGAG,21,1,57.1,3,GGG,Yes,Yes,TAG
AATTATCAGTTGACGCATTGT,21,1,33.3,2,AA,Yes,No,
CCTGATTTTACTTGTGAGTAG,21,1,38.1,4,TTTT,Yes,Yes,TAG
TGGACTCGTATTATTGATGAG,21,1,38.1,2,GG,Yes,No,
CAGAATGCGGCGGGTCGGCGT,21,1,71.4,3,GGG,Yes,No,
ACGCCTGTTGTTAATTTTAAT,21,1,28.6,4,TTTT,Yes,No,
CTGAATATTAATGCGCATAAT,21,1,28.6,2,AA,Yes,No,
ATTTAGTGTATGCGTCCTTTG,21,1,38.1,3,TTT,Yes,Yes,TAG
GAGAATTTTCGTTGTGCGTAT,21,1,38.1,4,TTTT,Yes,No,
TTGGCTTCTAGTAAGCCTCCT,21,1,47.6,2,TT,Yes,No,
TGGCAGGATTCGCCGCATTCG,21,1,61.9,2,GG,Yes,No,
CAGAATCTTTCTCGGTTTGCT,21,1,42.9,3,TTT,Yes,No,
GCTGATATGCGTCATGTTCAG,21,1,47.6,2,TT,Yes,No,
GTTATGATTAATACGATGGTT,21,1,28.6,2,TT,Yes,No,
CATGGTCTGTTTGGTATTTAT,21,1,33.3,3,TTT,Yes,No,
ACGACGACTATTTAGTGTCAG,21,1,42.9,3,TTT,Yes,Yes,TAG
TATAAGGCGTATGATTCGCAT,21,1,38.1,2,AA,Yes,No,
TGTAGTAGGGGGTTGAGGAAT,21,1,47.6,5,GGGGG,Yes,No,
GATTTTTATCCGAAGATTAAG,21,1,28.6,5,TTTTT,Yes,No,
CTGACTCTGAGGTCGGTTGTT,21,1,52.4,2,GG,Yes,No,
TCTTGTTCTTAGATTAATGGAT,22,1,27.3,2,TT,NA,NA,NA
CATTCGTAGAGGAATACGCCT,21,1,47.6,2,TT,Yes,Yes,TAG
CTGACTGATCATCATATTGGG,21,1,42.9,3,GGG,Yes,No,
TGGGATTAGACTACTTATCTT,21,1,33.3,3,GGG,Yes,Yes,TAG
CCGTGGACTTGTCAGACGCTG,21,1,61.9,2,CC,Yes,No,
GATGCGGCTGTTAAGGCGCAG,21,1,61.9,2,GG,Yes,No,
TCTAGTGTGAGTAATAATGCG,21,1,38.1,2,AA,Yes,No,
TTGCATTTGAATTATAATCCT,21,1,23.8,3,TTT,Yes,No,
ACTCGTAGGTCTTAGCCGGGT,21,1,57.1,3,GGG,Yes,Yes,TAG
AATGATATTTGGCATCATTGG,21,1,33.3,3,TTT,Yes,No,
TTTCTTCAGCATTCTCGGGCG,21,1,52.4,3,TTT,Yes,No,
AATAATGCTATTACGATGTAG,21,1,28.6,2,AA,Yes,Yes,TAG
AAGCAGTCTAAGGCGTAGAGT,21,1,47.6,2,AA,Yes,Yes,TAG
GCTACTTGGTTGATGGCTAAT,21,1,42.9,2,TT,Yes,No,
CATGATCTTTATCGGGTGAAT,21,1,38.1,3,TTT,Yes,No,
CGGTCTCCGTAGCTGTATACT,21,1,52.4,2,GG,Yes,Yes,TAG
CCTGATAATTCGATGATGATT,21,1,33.3,2,CC,Yes,No,
TATCCTATGAAGACTGGTCAT,21,1,38.1,2,CC,Yes,No,
CCGTGGAGGAAGCTGAATTAT,21,1,47.6,2,CC,Yes,No,
ACGTTTATGAATCTGGTAATG,21,1,33.3,3,TTT,No,No,
CTTAAGGCTGCTCCTTAGTTT,21,1,42.9,3,TTT,Yes,Yes,TAG
CCTCATTTGTCTTAGGTTAAT,21,1,33.3,3,TTT,Yes,Yes,TAG
GGTTGGCGCTGTATCGTGAG,20,1,60.0,2,GG,NA,NA,NA
GTGGCGCATAGTGTGAATTTT,21,1,42.9,4,TTTT,Yes,No,
TTTTGGACGATGGATTATAAT,21,1,28.6,4,TTTT,Yes,No,
GAGTTTAGGTAGAGTCAGGTG,21,1,47.6,3,TTT,Yes,Yes,TAG
ACTATGAGGAGTCATCATAAT,21,1,33.3,2,GG,Yes,No,
ACTCTGGGTTGTATTATTAAT,21,1,28.6,3,GGG,Yes,No,
AGTTTGATTTCTATTACTTAG,21,1,23.8,3,TTT,Yes,Yes,TAG
CATGAGCTGACTTATACTTTT,21,1,33.3,4,TTTT,Yes,No,
ATTGTGTAGAATGTGGTTCGT,21,1,38.1,2,TT,Yes,Yes,TAG
AGTACGTCGATGTTTAAGAGG,21,1,42.9,3,TTT,Yes,No,
CCTTATAAGCGTGATGAGGTG,21,1,47.6,2,CC,Yes,No,
AGTGTGTGGTATAATAATCAT,21,1,28.6,2,GG,Yes,No,
CTGAAGAGTGCTGAGGCGATTG,22,1,54.5,2,AA,NA,NA,NA
TTTGGTTGTACTTCGGCGGGT,21,1,52.4,3,TTT,Yes,No,
AATCCTCGTGGTTGGGCGGATC,22,1,59.1,3,GGG,NA,NA,NA
TAGTTGAAGATTACGTGTTTT,21,1,28.6,4,TTTT,Yes,Yes,TAG
ACGATGGCTATGAGTTGTTCT,21,1,42.9,2,GG,Yes,No,
ATTTCGATGACGGGTATTGGG,21,1,47.6,3,TTT,Yes,No,
ATGAGTAATTTCTGGTATGTTG,22,1,31.8,3,TTT,NA,NA,NA
ACGACGAGGGATATGTGGAAG,21,1,52.4,3,GGG,Yes,No,
CATCTTATGTGGCCTTGTATG,21,1,42.9,2,TT,Yes,No,
CAGCCTAATATGTCTTCGAAG,21,1,42.9,2,CC,Yes,No,
TCGAATACTGGGATTAGTATG,21,1,38.1,3,GGG,Yes,No,
GATGTGCTGAGGACGTGGTAT,21,1,52.4,2,GG,Yes,No,
GGTACTCTTAGGGGTAATACT,21,1,42.9,4,GGGG,Yes,No,
CATGATAATGGGTGTGATAAT,21,1,33.3,3,GGG,Yes,No,
AAGTGTATGATTTTGGAGGCT,21,1,38.1,4,TTTT,Yes,No,
TATCCACAATACGAAGATGCCT,22,1,40.9,2,CC,NA,NA,NA
GAGACGTAGTATGGTGTTCCT,21,1,47.6,2,GG,Yes,Yes,TAG
TATAGGAATCATCGTTCGATG,21,1,38.1,2,GG,Yes,No,
ACTAAGTATTAGCCGTAGAATA,22,1,31.8,2,AA,NA,NA,NA
GTTCGTACTGTGTAGTAGTTG,21,1,42.9,2,TT,Yes,Yes,"TAG,TAG"
CTGGATGATGGGACTTGTAAG,21,1,47.6,3,GGG,Yes,No,
TGTCGTGTTTATCTTATGCAG,21,1,38.1,3,TTT,Yes,No,
ATTTTTTGTGTTGGTGATTTT,21,1,23.8,6,TTTTTT,Yes,No,
AATCAGAAGGGTTCTAAGCTT,21,1,38.1,3,GGG,Yes,No,
CATCTTAGTAATCATGCTGAT,21,1,33.3,2,TT,Yes,No,
CGTTGGACTGTTAGTCCTGCG,21,1,57.1,2,TT,Yes,No,
ACGCAGTATAAGTTGACTAGT,21,1,38.1,2,AA,Yes,No,
GCGTCTCGTAGGAAGTAGGTT,21,1,52.4,2,GG,Yes,Yes,TAG
TAGGGGTATAGTTCGGTTTGG,21,1,47.6,4,GGGG,Yes,Yes,TAG
ACTAATTGGCGTATTGATACG,21,1,38.1,2,AA,Yes,No,
ACTGCTGTTCTTTATGAGTAG,21,1,38.1,3,TTT,Yes,Yes,TAG
AATGCTAATGATCTGCAGTAT,21,1,33.3,2,AA,Yes,No,
CCGGTTCGTTGTAGTCTTTTG,21,1,47.6,4,TTTT,Yes,No,
CATAGTAATTGTCGTCCTACT,21,1,38.1,2,AA,Yes,No,
GCTACTTAGTGACATAAGACG,21,1,42.9,2,TT,No,Yes,"TAG,TGA"
TAGGCTTTGAAGCTGTGTCAT,21,1,42.9,3,TTT,Yes,Yes,TAG
ATTCCTAATAAGCTGACTTGT,21,1,33.3,2,TT,Yes,No,
TTGGTGTGTAAGAAGACGTTT,21,1,38.1,3,TTT,Yes,No,
ATTTGGGTGCTGATGGTGTGT,21,1,47.6,3,TTT,Yes,No,
GGTCCTTTTAATACTTATAAG,21,1,28.6,4,TTTT,Yes,No,
TATATGCATAAGACTGGTGTT,21,1,33.3,2,AA,Yes,No,
CGTGAGTCTCCTAATGTGAAG,21,1,47.6,2,CC,Yes,No,
GAGAGTTTTCGGCGGTGTACT,21,1,52.4,4,TTTT,Yes,No,
AATGCGACGGAGTGGCAGAGG,21,1,61.9,2,AA,Yes,No,
AATCAGACGCTGAATATTACT,21,1,33.3,2,AA,Yes,No,
AATCTTTGTAATACTGGTCAG,21,1,33.3,3,TTT,Yes,No,
GCTTCTGATGAGGCGGATCCG,21,1,61.9,2,TT,Yes,No,
CGGGTGTCTATGATGTATTAG,21,1,42.9,3,GGG,Yes,Yes,TAG
CTTTAGACGTGGCATAATGCT,21,1,42.9,3,TTT,Yes,Yes,TAG
ACGCTTTCGATGTAGACTACG,21,1,47.6,3,TTT,Yes,Yes,TAG
TATCTGGTGTAGGGTGAGTAT,21,1,42.9,3,GGG,Yes,Yes,TAG
CATTGGAAGAATAATTGTGTG,21,1,33.3,2,TT,Yes,No,
ATGTTGGTGGCGTATTTTTTG,21,1,38.1,6,TTTTTT,Yes,No,
CTTGATAAGGCGTCCTTCTCAT,22,1,45.5,2,TT,NA,NA,NA
AAGATGCGGGCTAAGCTTAGT,21,1,47.6,3,GGG,Yes,No,
TAGGAGTCGGATCATGCGTAG,21,1,52.4,2,GG,Yes,Yes,"TAG,TAG"
AATGCTCGGAAGAAGGCGCGT,21,1,57.1,2,AA,Yes,No,
ACGATTACGCGGTCGTTTCTG,21,1,52.4,3,TTT,Yes,No,
ATGCGGTGGAATGATTCTCAG,21,1,47.6,2,GG,Yes,No,
CGTCATTGTTTTATTAATATT,21,1,19.0,4,TTTT,Yes,No,
CCTCCGTGTAGTCCTGCTGAT,21,1,57.1,2,CC,Yes,No,
CCTAATGTTTGTTTTGTGACG,21,1,38.1,4,TTTT,Yes,No,
AAGCCTAATTAGGCGCGTAAG,21,1,47.6,2,AA,Yes,Yes,TAG
ACTATGAATGTGGTTGTTGCT,21,1,38.1,2,AA,Yes,No,
CATCAGCGTCTTTGTTTTGGT,21,1,42.9,4,TTTT,Yes,No,
AGGCGTAGACTAGTAGGGGT,20,1,55.0,4,GGGG,NA,NA,NA
AATTAGGCGGATTCGAATCGT,21,1,42.9,2,AA,Yes,Yes,TAG
TCTCATTGGTCGTGGGTGTAG,21,1,52.4,3,GGG,Yes,Yes,TAG
AGTCAGAGTAATGTGAGGCAG,21,1,47.6,2,AA,Yes,No,
CTGGGGTCGGTTAATTCGACT,21,1,52.4,4,GGGG,Yes,No,
CATAGTTGGGGAGACTGTTCAT,22,1,45.5,4,GGGG,NA,NA,NA
CAGCCTAATACGGATTATTAG,21,1,38.1,2,CC,Yes,Yes,TAG
